platinum_number,title,artist,language,genre
3416,(Everything I Do) I Do It For You,Bryan Adams,English,
17519,(Forever) Live And Die,OMD,English,
16162,(Frozen OST),Frozen,English,
17488,(Hallelujah),Andy Grammer,English,
7534,(I Just Died) In Your Arms Tonight,Cutting Crew,English,
7538,(I've Had) The Time Of My Life,Dirty Dancing Theme,English,
7369,(Nice To Be) Happy,Alexia,English,
17622,(Piano Version),Boyfriends,English,
17434,(SadSong),Otis Redding,English,
17176,(The Other Side),The Doors,English,
16966,(Whip/Nae Nae),Silento,English,
7537,(You Drive Me) Crazy,Britney Spears,English,
3031,(You’re) Having My,Paul Anka,English,
16278,+63,Spongecola Feat. Yeng,Filipino,
11644,1 + 1,Beyonce,English,
15397,1 Week To Move On,Isabelle De Leon,English,
17209,"1, 2, 3, 4",Plain White T's,English,
17222,1-2-3,Gloria,English,
6020,10 Guitars,E.Humperdinck,English,
17381,10 Seconds,Jazmin,English,
3298,12 Days Of Christmas,Traditional,English,
11846,12:51,Krissy And,English,
11869,1985,Bowling for,English,
17162,1995,Eraserheads,Filipino,
4285,2 Become 1,Spice Girls,English,
11646,2 Different Tears,Wonder Girls,English,
6032,2 In A Million,S Club 7,English,
4911,2 Times,Ann Lee,English,
15682,20 Million,Rivermaya,Filipino,
17224,20/20,Pupil,Filipino,
5872,214,Rivermaya,Filipino,
17383,24/Seven,Big Time Rush,English,
4266,25 6 To 4,Chicago,English,
4324,25 Minutes,Michael Learns,English,
1766,3 A.M.,Matchbox 20,English,
17384,3 AM,Kate Nash,English,
11148,3 Words,Cheryl Cole Ft,English,
17385,4 In The Morning,Gwen Stefani,English,
17330,40 Kinds Of Sadness,Ryan Cabrera,English,
17387,5 19,Matt Wertz,English,
11771,5 O'clock,T Pain Ft. Wiz Khalifa & Lily,English,
9908,50 Ways To Leave Your Lover,Bamboo,Filipino,
11557,6 Foot 7 Foot,Lil Wayne,English,
16980,628,Euroupe,English,
9110,7 Twenty 7,Roxette,English,
15349,93 Million Miles,Jason Mraz,English,
17518,A Ba Ka Da,Florante,Filipino,
11884,A Beautiful Lie,30 Seconds To Mars,English,
17730,A Better Man,Toni Braxton,English,
7551,A Better Man,Ogie Alcasid,Filipino,
4391,A Big Hunk O' Love,Elvis Presley,English,
7597,A Broken Spirit,Gospel Song,English,
17388,A Call to Arms,Urbandub,Filipino,
17725,A Certain Smile,Introvoys,Filipino,
2923,A Certain Smile,Johnny Mathis,English,
3312,A Day In The Life,The Beatles,English,
9807,A Day On A Rainbow,Gerald Santos,English,
13673,A Fish Alive,A Bicycle Built,English,
1564,A Fool Such As I,Elvis Presley,English,
17044,A Friend,Keno,English,
13610,A Frog Went A Courting,Unknown,English,
7872,A Girl Can Dream,Nina,Filipino,
17782,A Girl Like You,Kevon Edmonds &,English,
7541,A Girl Like You,Edwyn Collins,English,
2945,A Hard Days Night,Beatles,English,
0075,A Hazy Shade Of Winter,Bangles,English,
7566,A Heart Like Mine,Charlotte Dample,English,
0088,A Horse With No Name,America,English,
17783,A House Is Not A Home,Dionne Warwick,English,
13611,A Hunting We Will Go,Unknown,English,
7543,A Kind Of Magic,Queen,English,
7881,A Little Bit,M.Y.M.P.,English,
3714,A Little Help From My Friends,The Beatles,English,
15504,A Little More You,Before You Exit,English,
8867,A Little Respect,Wheatus,English,
9921,A Little Respect,Erasure,English,
17482,A Little Too Much,Shawn Mendez,English,
9547,A Little Too Not Over,David Archuleta,English,
9244,A Little Too Perfect,Sam Milby,English,
0273,A Long And Lasting,Crystal Gayle,English,
9801,A Long And Lasting,Kuh Ledesma Feat. Gary V.,Filipino,
1584,A Long Long Time Ago,Odette Quesada,English,
7540,A Love Affair,To Remember,English,
15683,A Love Like This,Dan Fogelberg,English,
15688,A Love Like War,All Time Low,English,
8950,A Love Song,Kenny Rogers,English,
1454,A Love To Last A,Jose Mari Chan,Filipino,
15765,A Man Alone,Frank Sinatra,English,
7544,A Man And A Woman,Engelbert Humperdick,English,
6658,A Man I'll Never Be,Boston,English,
0084,A Man Without Love,E. Humperdinck,English,
13612,A Marshmallow World,Kid Songs,English,
7001,A Matter Of Trust,Billy Joel,English,
17709,A Million Love Songs,Take That,English,
15562,A Million Miles Away,Rihanna,English,
9659,A Million Miles Away,Joey Albert,English,
17290,A Million Years Ago,Adele,English,
8313,A Moment Like This,Kelly Clarkson,English,
9933,A Moment Like This,Leona Lewis,English,
6159,A Natural Woman,Carole King,English,
6878,A New Day Has Come,Celine Dion,English,
17225,A New Tattoo,Urbandub,Filipino,
4396,A Night Like This,The Cure,English,
9245,A Night To Remember,Shalamar,English,
13613,A Peanut Sat,Unknown,English,
5125,A Perfect Christmas,Jose Mari Chan,Filipino,
11622,A Perfect Place,Stonefree,English,
16913,A Perfectly Good Heart,Taylor Swift,English,
13614,A Pirate's Life,Unknown,English,
7536,A Place In The Sun,Stevie Wonder,English,
17094,A Place In This World,Taylor Swift,English,
17684,A Place With No Name,Michael Jackson,English,
7546,A Poor Man's Roses,Victor Wood,English,
11105,A Public Affair,Jessica Simpson,English,
7569,A Pure Heart,Gospel,English,
13615,A Sailor Went To See,Unknown,English,
7570,A Shield About Me,Nikki Jacinto,English,
15013,A Simple Man,Lobo,English,
7571,A Simple Prayer,Chrishell Williams,English,
16225,A Sky Full Of Stars,Coldplay,English,
17564,A Smile,Taylor Swift,English,
1570,A Smile In Your Heart,Jam Morales,English,
17053,A Smile In Your Heart,Ariel Rivera,English,
5771,A Song For Mama,Boyziimen,English,
17336,A Song For You,Carpenters,English,
0073,A Summer Place,Letterman,English,
7547,A Taste Of Honey,The Beatles,English,
17685,A Teenagers Romance,Ricky Nelson,English,
7572,A Thankful Heart,Chloe,English,
7862,A Thousand Miles,Vanessa Carlton,English,
17876,A Thousand Trees,Stereophonic s,English,
11703,A Thousand Years,Christina Perri,English,
2529,A Time For Us,Donny Osmond,English,
13676,A Tisket Atasket,Unknown,English,
4397,A Very Special Love,Charlie Rich,English,
7548,A Very Special Love,Maureen Mcgovern,English,
9437,A Very Special Love,Sarah Geronimo,Filipino,
4398,A View To Kill,Duran Duran,English,
16773,A Way,Peabo Bryson Love Grows Where,English,
7549,A Well Respected Man,Gary Lewis,English,
4399,A Whiter Shade Of Pale,Procol Halum,English,
3326,A Whole New World,Patti Austin,English,
13677,A Wise Owl,Unknown,English,
17686,A Woman Needs Love,Ray Parker Jr & Raydio,English,
11106,A Woman's Love,Alan Jackson,English,
7995,A Woman's Worth,Alicia Keys,English,
6160,A Word In Spanish,Elton John & Bernie Taupin,English,
15146,A World Without Love,Peter And Gordon,English,
11364,A Year Without Rain,Selena Gomez,English,
13678,A You're Adorable,Unknown,English,
9264,Aaminin,6 Cycle Mind,English,
6805,Aangkin Sa Puso Ko,Vina Morales,Filipino,
7542,Aanhin Pa Ang Pag-Ibig,Kathleen,Filipino,
0374,Abacab,Genesis,English,
13679,Abakada,Unknown,English,
17341,Abante,Loonie ft Kat Agarrado,English,
3036,Abc,Michael Jackson,English,
13680,"Abc, Tumble Down",Kid's Song,English,
8631,Ablihi Na,Milyo Naryo,English,
8315,Abot Kamay,Orange And Lemons,Filipino,
15954,Abot Langit,Silent Sanctuary,Filipino,
1474,About A Girl,Nirvana,English,
9955,About You Now,Sugababes,English,
7594,Above All,Scotty Hall,English,
6161,Abracadabra,Steve Miller Band,English,
15427,Absolute Reality,The Alarm,English,
17203,Absolutely (Story Of A Girl),Nine Days,English,
5434,Absolutely Everybody,Vanesa Amorosi,English,
7356,Absorbing Man,Parokya Ni Edgar,Filipino,
15847,Acapella,Karmin,English,
17784,Accidently Kelly Street,Frente,English,
5923,Achy Breaky Heart,Billy Joe Cyrus,English,
3354,Achy Breaky Song,Weird Al Yankovich,English,
7552,Across The Universe,The Beatles,English,
1644,Act Naturally,Ringo Star,English,
3037,Adam And Eve,Paul Anka,English,
17741,Addams Groove,Mc Hammer,English,
15313,Addicted,Simple Plan,English,
0435,Addicted To Love,Robert Palmer,English,
16226,Addicted To You,Avicii,English,
4400,Adia,Sarah Mclachlan,English,
8809,Adik Daw,Bisrock,English,
5553,Adik Sa 'Yo,Mystica,Filipino,
7553,Adlaw Ug Gabi,Pilita Corales,Filipino,
11726,Adolescents,Incubus,English,
15900,Adore You,Miley Cyrus,English,
6851,Adrienne,The Calling,English,
17470,Adventure Of A Lifetime,Coldplay,English,
13681,Aeroplanes Aeroplanes,Unknown,English,
5417,Affairs Of The Heart,Fleetwood Mac,English,
6392,Affirmation,Savage Garden,English,
11206,Afraid For Love To Fade,Christian Bautista,Filipino,
1195,Afraid For Love To Fade,Jose Mari Chan,Filipino,
3039,Africa,Toto,English,
17045,After All,Al Jarreau,English,
9463,After All These Years,Arnel Pineda,English,
15266,After All This Time,Itchyworms,Filipino,
0830,After Midnight,Eric Clapton,English,
3040,After The Love Has Gone,Earth Wind And Fire,English,
0788,After The Loving,Englebert Humperdinck,English,
17785,After We Make Love,Whitney Houston,English,
11788,Afterglow,Jose Mari Chan,Filipino,
5790,Afternoon Delight,Starland Vocal Band,English,
9917,Agadoo,Black Lace,English,
0535,Again,Janet Jackson,English,
16493,Again,Owl City,English,
16799,Again,Three Degrees,English,
17177,Again,Bruno Mars,English,
17272,Again,Sarah Geronimo Agmaymaysa Ka Toy,Filipino,
5435,Again,Lenny Kravitz,English,
2795,Against All Odds,Phil Collins,English,
5406,Againts The Wind,Bob Segar,English,
8910,Agay,Bisrock,English,
8632,Agayat Ken Paayat,Ilocano Song,English,
9734,Agent Orange,Slapshock,English,
7760,Aguy Uray,Ilocano Song,English,
13682,Aiken Drum,Unknown,English,
15856,Ain't It Fun,Paramore,English,
8539,Ain't No Other Man,Cristina Aguilera,English,
7556,Ain't No Stopping Us,Mc Fadden,English,
6164,Ain't No Sunshine,Bill Withers,English,
7555,Ain't No Way To Treat…,Helen Reddy,English,
17229,Ain't Nobody,Chaka Khan,English,
17291,Ain't That A Lot Of Love,Simply Red,English,
1544,Ain't That A Shame,Fats Domino,English,
17581,Ain't Worth The Whiskey,Cole Swindell,English,
17483,Aint Got Far To Go,Jess Glynne,English,
6868,Aint It Funny,Jennifer Lopez,English,
17774,Aint Looking For Love,Loverboy,English,
3041,Aint’ Nothing Like The Real,Marvin Gaye,English,
16227,Air Balloon,Lily Allen,English,
7557,Air That I Breathe,Simply Red,English,
11172,Airplane,B.O.B. Feat Hayley And,English,
11508,Airplanes Part 1,B.O.B Feat Hayley Williams,English,
0851,Aja,Steely Dan,English,
9425,Akala,Parokya Ni Edgar,Filipino,
9795,Akala Ko Ay Ikaw Na,Willie Revillame,Filipino,
1040,Akala Ko'y Para Sa Akin,Allona,English,
5914,Akala Mo,Aiza Seguerra,Filipino,
9023,Akala Mo Lang,Zelle,English,
17484,Akala Mo Lang Yon,Herbert Colanggo,English,
8246,Akap,Imago,Filipino,
16862,Akin Ka Na,Yeng Constantino,Filipino,
8444,Akin Ka Na Lang,Itchy Worms,English,
16891,Akin Na Lang Sana Siya,Jimmy Bondoc,English,
1042,Aking Ama,Father & Sons,English,
9246,Aking Hiling,Third Avenue,English,
0315,Aking Minahal,Rockstar 2,English,
17390,Aking Pagmamahal,Repablikan,Filipino,
16485,Aking Pangako,Kjwan,Filipino,
7794,Aking Susundin,Leny Prieto,English,
8862,Ako,Rj Jimenez,Filipino,
7708,Ako Ang Mamisita,Visayan Song,Filipino,
5555,Ako Ang Nagtanim,Mabuhay Singers,Filipino,
0254,Ako Ay Ikaw Rin,Unknown,Filipino,
13576,Ako Ay May Lobo,Unknown,Filipino,
13571,Ako Ay May Pusa,Awit Pambata,Filipino,
7435,Ako Ay May Pusa,Awit Pambata,Filipino,
7709,Ako Ay Para Sa Iyo,Edwin Roces,Filipino,
9660,Ako Ay Pilipino,Kuh Ledesma,Filipino,
6771,Ako Ba O Siya?,Hannah Villame,Filipino,
7712,Ako Kini Higala,Visayan Song,Filipino,
5484,Ako Na Ang Lalayo,Fredrick Guerrero,Filipino,
11687,Ako Na Lang,Zia Quizon,Filipino,
17165,Ako Na Lang,Angeline Quinto,Filipino,
7112,Ako Na Lang Ang Lalayo,Chino Roces,Filipino,
7562,Ako Nga Ba Ito,Imelda Papin,Filipino,
8431,Ako Pa Rin,Shamrock,Filipino,
8432,Ako Si M-16,Junior Kilat,Filipino,
0494,Ako Si Superman,Rey Valera,Filipino,
6527,Ako'y Ako,Erma Dela Cruz,Filipino,
9413,Ako'y Babalik,Callalily,Filipino,
5703,Ako'y Isang Pinoy,Florante,Filipino,
15623,Ako'y Iyong-Iyo,Regine Velasquez,Filipino,
15267,Ako'y Maghihintay,Cenon Lagman,Filipino,
7863,Ako'y Maghihintay,M.Bautista And S.Geronimo,Filipino,
7714,Ako'y Magpupuri,Maranatha Singers,Filipino,
9111,Ako'y Nagkamali,Cristy Mendoza,Filipino,
15690,Ako'y Para Sa'yo,Anja Aguilar,Filipino,
7815,Ako'y Sa 'Yo Lamang,Piolo Pascual,Filipino,
5557,Ako'y Sa'yo,First Circle,Filipino,
9803,Ako'y Sa'yo,Regine Velasquez,Filipino,
7716,Ako'y Sayong Sayo,Himig,Filipino,
16842,Ako'y Tinamaan,Reo Brothers,Filipino,
8633,Akong Kalibutan,Visayan Song,Filipino,
7143,Akong Pinagga,Visayan Song,Filipino,
6915,Ako’y Ikaw Rin,Nnoy Zuniga,Filipino,
1246,Ako’y Nagkamali,Cristy Mendoza,Filipino,
16871,Ala-Ala,Cueshe,Filipino,
7816,Ala-Ala,True Faith,Filipino,
8951,Ala-Ala,Kollide,English,
0316,Ala-Ala Mo,White Lies,English,
5126,Ala-Ala Ng Lumipas,Unknown,Filipino,
9600,Ala-ala Niya,Piolo Pascual,English,
7222,Ala-Ala'y Nagbabalik,Henna V.,English,
11651,Ala-Alang Nagbabalik,Edgar Mortiz,English,
15268,Alaala,Yeng Constantino,Filipino,
6773,Alaala,Freddie Aguilar,English,
6772,Alaala Ay Ikaw,Eddie Peregrina,Filipino,
11927,Alaala Mo,Aisaku,English,
6774,Alab,Hannah Villame,English,
7560,Alab Ng Puso,Rivermaya,Filipino,
7561,Alabang Girls,Andrew E.,English,
15567,Alalay Ng Hari,Glock-9 Ft. Allan Mitchel,Filipino,
7428,Alam Kong Ako'y Mahal Mo,Bayani Agbayani,Filipino,
7721,Alam Kong Alam Mo,A. Flores,English,
7415,Alam Kong Di Ako Ok Lang,Bayani Agbayani,Filipino,
1315,Alam Mo Ba,Vina Morales,Filipino,
6775,Alam Mo Ba,Marissa Sanchez,English,
7273,Alam Mo Ba,Ara Mina,English,
8823,Alam Ng Ating Mga,Rachelle Ann Go,Filipino,
17192,Alam Niya Ba,James Reid,Filipino,
9601,Alapaap,Eraserheads,Filipino,
2309,Alas De Papel,La Mafia,English,
11239,Alay,Kamikazee,Filipino,
15621,Alay,Young Jv Ft Akiko,English,
7620,Alay Ko Sa'yo,Carmela Cuneta,Filipino,
6917,Alay Sa Yo,Vic J.,English,
17039,Ale,Young JV,English,
8799,Ale,The Bloomfields,English,
11165,Alejandro,Lady Gaga,English,
13577,Alexander's Ragtime,Various Artist,English,
17292,Alfie,Barbra Streisand,English,
13616,Ali Baba's Farm,Unknown,English,
13617,Alice The Camel,Unknown,English,
7224,Alimukon,Visayan Song,English,
8810,Alinlangan,Jolina M.,English,
8390,Alipin,Shamrock,English,
7817,Alipin Ako,Mari V. Saturno,Filipino,
9865,Alipin Ako,Laarni Lozada,Filipino,
7713,Alipinin Mo Ako,Crisel Perez,Filipino,
11752,Alive,Never The Strangers,English,
16101,Alive,Pearl Jam,English,
17738,Alive,Krewella,English,
8491,Alive,Frio,English,
2989,Alive And Kicking,Simple Minds,English,
11593,All About Him,Auburn,English,
16824,All About It,Hoodie Allen ft. Ed,English,
16378,All About That Bass,Meghan Trainor,English,
6090,All About The Money,Meja,English,
9938,All About You,Mcfly,English,
15790,All Alright,Fun,English,
17582,All American Nightmare,Hinder,English,
1574,All Apologies,Nirvana,Filipino,
15403,All Around The World,Justin Bieber ft Ludacris,English,
3043,All At Once,Whitney Houston,English,
11160,All Behind Us Now,Patti Austin,English,
3044,All By Myself,Eric Carmen,English,
4367,All By Myself,Celine Dion,English,
17787,All Cried Out,Lisa Lisa And The Cult Jam,English,
3743,All Day All Night,Unknown,English,
17266,All Eyes On You,Meek Mill ft Chris Brown,English,
0737,All For Love,Color Me Badd,English,
5749,All For Love,"Bryan Adams,Rod",English,
5537,All For You,Janet Jackson,English,
17389,All I Ask,Adele,English,
6091,All I Ask Of You,Barbra Streisand,English,
9219,All I Have,Jennifer Lopez Feat. Ll Cool J.,English,
2772,All I Have To Do Is Dream,Juice Newton,English,
4301,All I Have To Give,Backstreet Boys,English,
16179,All I Need,Barbie's Cradle,English,
1768,All I Need,Jay R.,English,
7563,All I Need,Jack Wagner,English,
9283,All I Need,Shamrock,English,
15139,All I Need To Know,Kenny Chesney,English,
16042,All I Really Want,Alanis Morisette,Filipino,
1685,All I Wanna Do,Sheryl Crow,English,
5401,All I Wanna Do Is,Heart,English,
0512,All I Want,Toad The Wet Sprocket,English,
13619,All I Want For Christmas,All I Want For Christmas,English,
48989,All I Want For Christmas,Justin Bieber ft. Mariah Carey,English,
1765,All I Want Is Everything,Def Leppard,English,
17230,All I Want Is You,Justin Bieber,English,
4404,All I Want Is You,Carly Simon,English,
7225,All In Love Is Fair,Stevie B.,English,
11236,All Me,Toni Gonzaga,English,
0547,All My Life,America,English,
17511,All My Life,Aaron Neville & Linda,English,
4293,All My Life,Kc & Jojo,English,
0790,All My Lovin,The Beatles,English,
15890,All Night,Icona Pop,English,
4183,All Night Long,Lionel Ritchie,English,
5810,All Of A Sudden,Matt Monro,English,
16004,All Of Me,John Legend,English,
2532,All Of Me,Frank Sinatra,English,
15382,All Of My Life,Barbara Streisand,English,
17391,All Of The Lights,"Kanye West ft Rihanna,",English,
17510,All Of The Stars,Ed Sheeran,English,
17485,All Of You,Julio Iglesias & Diana,English,
5925,All Or Nothing,O-Town,English,
2751,All Out Of Love,Air Supply,English,
8532,All Over You,Live,English,
17237,All She Knows,Bruno Mars,English,
13536,All Shook Up,Elvis Presly,English,
3046,All Shook Up,Elvis Presly,English,
7002,All Star,Smash Mouth,English,
11088,All Summer Long,Kid Rock,English,
16326,All That I Bleed,Savatage,English,
4313,All That I Need,Boyzone,English,
15897,All That Matters,Justin Bieber,English,
4357,All That She Wants,Ace Of Base,English,
17688,All That's Left,Christian Bautista,Filipino,
5538,All The Love In The,The Corrs,English,
11194,All The Lovers,Kylie Minogue,English,
0498,All The Man That I Need,Whitney Houston,English,
13620,All The Pretty Horses,Unknown,English,
11881,All The Right Moves,One Republic,English,
6669,All The Small Things,Blink 182,English,
15686,All The Thing You Are,Frank Sinatra,English,
15443,All The Time,Barry Manilow,English,
15687,All The Time,Johnny Mathis,English,
7013,All The Way,Johnny Mathis,English,
9913,All The Young Dudes,Mott The Hoople,English,
4184,All Things You Are,Frank Sinatra,English,
1688,All This Time,Tiffany,English,
17689,All This Time,Side A ft Sharon,Filipino,
9599,All This Time,Six Part Invention,English,
13621,All Through The Night,Unknown,English,
2997,All You Need Is Love,The Beatles,English,
7683,All You Wanted,Michelle Branch,English,
17788,All Your Life,The Band Perry,English,
17583,Alligator Sky,Owl City,English,
17258,Allison Road,Gin Blossoms,English,
13737,Ally Bally Bee,Unknown,English,
1545,Almas,Randy Crawford,English,
15359,Almost Home,Mariah Carey,English,
9783,Almost Over You,Karylle,English,
1723,Almost Paradise,Mike Reno & Ann Wilson,English,
15766,Almost There,Andy Williams,English,
7046,Alone,Hearts,English,
2716,Alone Again,Gilbert O'sullivan,English,
17789,Alone Together,Fall Out Boy,English,
17392,Alone With You,Jake Owens,English,
17690,Along Comes Mary,The Association,English,
1316,Alphabet Song,Traditional,English,
13516,Alphabet Song,Traditional,English,
9956,Alright,Supergrass,English,
15386,Altogether Alone,Be The Voice,English,
1769,Alumni Home Coming,Parokya Ni Edgar,Filipino,
15936,Always,Frank Sinatra,English,
17231,Always,James Ingram,English,
3048,Always,Bon Jovi,English,
7057,Always,Atlantic Star,English,
8213,Always,Erasure,English,
8263,Always,Marco Sison,English,
0246,Always And Forever,Heatwave,English,
3314,Always Be My Baby,Mariah Carey,English,
9394,Always Be My Baby,David Cook,English,
17486,Always Been You,Imajin,English,
5757,Always On My Mind,Pet Shop Boys,English,
17393,Always On Time,Ja Rule,English,
17584,Always On Your Side,Sheryl Crow ft Sting,English,
4331,Always Something There To..,Naked Eyes,English,
3049,Always Somewhere,Scorpions,English,
9780,Always You,Charice Pempengco,English,
1435,Am I That Easy To,E. Humperdink,English,
5926,Am I The Same Girl,Swing Out Sister,English,
16437,Am I Wrong,Nico & Vinz,English,
16277,AMA,Zaito,English,
11652,Amanda,Boston,English,
15033,Amats,Rico Blanco,Filipino,
9661,Amats,Parokya Ni Edgar,Filipino,
4408,Amazed,Lonestar,English,
1317,Amazing,Aerosmith,English,
13531,Amazing Grace,Judy Collins,English,
2533,Amazing Grace,Judy Collins,English,
15321,Amber,311,English,
8555,Ambisyoso,Kamikazee,Filipino,
17708,Ambon,Barbie Almalbis,English,
9373,Ambot Ha Im,Bolingling,English,
17487,Amen,Meek Mill ft Jeremih &,English,
9945,America,Razorlight,English,
9922,American Boy,Estelle,English,
9411,American Gurl,Marcus Highway,English,
16393,American Kids,Kenny Chesney,English,
17585,American Oxygen,Rihanna,English,
8016,American Pie,Don Mclean,English,
9602,Aminin,Rachel Alejandro,English,
16347,Amnesia,5 Seconds Of Summer,English,
15269,Among My Souvenirs,Connie Francis,English,
8314,Amoy Ng Papa,Sexbomb Girls,Filipino,
15489,Amygdala,She's Only Sixteen,English,
13738,An Apple A Day,Nursery Rhyme,English,
19720,An Updated,KC Concepcion,English,
9550,An Updated Version Of Me,Kc Concepcion,English,
17334,Ana's Song (Open Fire),Silverchair,English,
16903,Anaconda,Nicki Minaj,English,
1426,Anak,Freddie Aguilar,English,
15689,Anak Dalita,Mabuhay Singers,English,
9516,Anak Ka Ng Langit,Vhong Navarro,Filipino,
16801,Anak Ng Gabi,Backdraft,Filipino,
8176,Anak Ng Pasig,Geneva Cruz,Filipino,
8413,Anatani Aitakute,Matsuda Seiko,English,
11483,And I Am Telling You,Charice Pempengco,English,
2534,And I Love Her,Beatles,English,
16917,And I Love You,Toni Braxton,English,
2535,And I Love You So,Perry Como,English,
9777,And I Love You So,Regine Velasquez,Filipino,
7068,And When I Die,Blood Sweat And Tears,English,
5679,Andrew Ford Medina,Andrew E.,English,
3050,Ang Aking Awitin,Side A,Filipino,
9794,Ang Aking Puso,Janno Gibbs ft Kyla,Filipino,
13570,Ang Alaga Kong Aso,Awit Pambata,Filipino,
7429,Ang Alaga Kong Aso,Awit Pambata,Filipino,
17790,Ang Ating Pag-ibig,Aaron Paul,Filipino,
15858,Ang Bagong Ako,Greyhoundz Feat. Loonie &,Filipino,
0127,Ang Bayan Kong Sinilangan,Asin,Filipino,
1044,Ang Boyfriend Kong Baduy,Cinderella,Filipino,
1181,Ang Buhay Ko,Asin,Filipino,
7236,Ang Buhay Ko,Aegis,Filipino,
9662,Ang Buhay Nga Naman,Freddie Aguilar,Filipino,
1447,Ang Gaan Ng Feeling,Geneva Cruz,Filipino,
15325,Ang Ganda Mo,Phisiks ft. Adrian T,Filipino,
7067,Ang Hanap Ko Ay,Michelle Ayala,Filipino,
1135,Ang Himig Natin,Juan Dela Cruz Band,Filipino,
3057,Ang Huling El Bimbo,Eraser Heads,Filipino,
9269,Ang Iyong Paalam,The Dawn,Filipino,
5928,Ang Iyong Pag-Ibig,Jude Michael,Filipino,
8636,Ang Kadalagahan,Big 3 Sullivans,Filipino,
8637,Ang Kalibutan Kalit Mangitngit,Visayan Song,Filipino,
8975,Ang Katulad Mong Walang...,Orange And Lemons,Filipino,
16883,Ang Kulang,Akafellas,Filipino,
4914,Ang Lahat Ng Ito’y Para Sayo,Lani Misalucha,Filipino,
8824,Ang Lahat Para Sa'yo,Sheryn Regis,Filipino,
7090,Ang Langit Ko'y Ikaw,C. De Guzman,Filipino,
15767,Ang Liwayway,Larry Miranda,Filipino,
16795,Ang Mundo,The Youth Kapangyarihan Ng,Filipino,
8638,Ang Organ Ko Tagalog,Milyo Naryo,Filipino,
9281,Ang Pag-Ibig Kong Ito,Sheryn Regis,Filipino,
9112,Ang Pag-Ibig Pala,Chiqui Pineda,Filipino,
15859,Ang Parokya,Parokya Ni Edgar ft. Gloc9,Filipino,
3051,Ang Pasko Ay Sumapit,Levi Celerio,Filipino,
6719,Ang Peyk Peyk Mo,Joey De Leon,Filipino,
15368,Ang Pipit,Pilita Corales,Filipino,
9320,Ang Sarap Dito,Project 1,Filipino,
9353,Ang Sarap Mong Magmahal,Night Shift,Filipino,
6720,Ang Sarap-Sarap Ng..,Maricel,Filipino,
16288,Ang Saya Saya,1:43,Filipino,
8640,Ang Sing-Sing Kong Gasa,Visayan Song,Filipino,
7110,Ang Tangi Kong Pag-Ibig,Fernando Poe Jr.,Filipino,
9664,Ang Tangi Kong Pag-Ibig,Noel Cabangon,Filipino,
7120,Ang Tao'y Marupok,Rico J.Puno,Filipino,
0763,Ang Tipo Kong Lalaki,Dj Alvaro,Filipino,
7318,Ang Umaayaw Ay Di...,Freddie Aguilar,Filipino,
17480,Ang Walang Hanggan,Zsa Zsa Padilla,Filipino,
11672,Angel,Sarah Mclachlan,English,
15092,Angel,Fra Lippo Lippi,English,
2402,Angel,John Secada,English,
7324,Angel,Shaggy,English,
8001,Angel,The Corrs,English,
9604,Angel Eyes,Piolo Pascual,English,
8911,Angel Na Magbalantay,Bisrock,English,
3052,Angel Of Harlem,U2,English,
5127,Angel Of Mine,Monica,English,
9808,Angel Of Mine,M.Y.M.P.,English,
1318,Angel On My Shoulder,Cascades,English,
15180,Angelina,P.S.Y.,English,
5811,Angelina,Lou Bega,English,
4411,Angels,Robbie Williams,English,
8006,Angels Brought Me Here,Guy Sebastian,English,
11389,Angels Cry,Mariah Carey Ft Ne-Yo,English,
16367,Angels Or Devils,Dishwalla,English,
13502,Angels Sing,Christmas Song Have Yourself A,English,
13739,Angels Watching Over Me,Unknown,English,
8574,Anghel,Stonefree,English,
7124,Angie,Rolling Stones,English,
15537,Animal,Neon Trees,English,
16321,Animal,Pearl Jam,English,
13740,Animal Alphabet Song,Nursery Rhymes,English,
15960,Animal Instinct,Cranberries,English,
4311,Animal Song,Savage Garden,English,
13741,Animal Sounds Song,Unknown,English,
17111,Animals,Maroon 5,English,
17489,Animals,Nickelback,English,
8397,Anino,Imago,Filipino,
15860,Anino Mo,Slapshock,English,
7135,Anna,Apo Hiking Society,Filipino,
17490,Anna Sun,Walk The Moon Anong Kailangan,English,
16151,Anna(Go To Him),The Beatles,English,
19700,Annie Batumbakal,Hotdogs,Filipino,
7069,Annie Batumbakal,Hotdogs,Filipino,
2700,Annie's Song,John Denver,English,
6721,Ano Ang Babaguhin,Siakol,Filipino,
1149,Ano Ang Gagawin,Eva Eugenio,Filipino,
6722,Ano Bang Meron Siya Na..,Eva Eugenio,English,
6961,"Ano Ka, Hilo?",Gee Girls,English,
7820,Anong Dali Sabihin,Ladine Roxas,English,
15270,Anong Nangyari Sa Ating Dalawa,Aiza Seguerra,Filipino,
7142,Another Brick In The,Pink Floyd,English,
9113,Another Chance,Keno,English,
0818,Another Day,Paul Mccartney,English,
2754,Another Day In Paradise,Phil Collins,English,
9605,Another Goodbye Song,Van Louelle Pojas,English,
3343,Another One Bite The Dust,Queen,English,
5931,Another Place Another Time,E. Humperdinck,English,
1399,Another Sad Love Song,Toni Braxton,English,
7319,Another Somebody,B.J.Thomas,English,
16744,Another Used To Be,Joe,English,
17268,Another World,One Direction,English,
17491,Another You,Brian McKnight,English,
17492,Answer Me,Matt Monroe,English,
7902,Answer The Phone,Chona Pada,English,
7821,Anticipating,Britney Spears,English,
0025,Anticipation,Joy Gonzaga,English,
16031,Anting-Anting,Sponge Cola,English,
2536,Antonio's Song,Michael Franks,English,
9657,Antukin,Rico Blanco,Filipino,
8641,"Anugon, Anugon",Visayan Song,English,
7471,Any Day Now,Elvis Presley,English,
13568,Any Dream Will Do,Boston,English,
7144,Any Dream Will Do,Boston,English,
16747,Anymore,Billy Ray Cyrus,English,
6396,Anyone Can See,Irene Cara,English,
17394,Anything,3T,English,
16284,Anything Could Happen,Ellie Goulding,English,
3054,Anything Goes,Frank Sinatra,English,
3749,Anything That's Part Of You,Elvis Presley,English,
0520,Anytime,The Jets,English,
7146,Anytime,Janet Jackson,English,
1319,Anytime You Need A Friend,Mariah Carey,English,
7376,Anytime You Need Love,Kelly Clarkson,English,
4414,Anyway You Want Me,Elvis Presley,English,
5932,Anywhere For You,Backstreet Boys,English,
17274,Apartment #9,Tammy Wynnette,English,
8642,Apay-Apay,Ilocano Song,English,
9234,Apologize,Timbaland,English,
15649,Applause,Lady Gaga,English,
13671,Apple Tree,Nursery Rhymes,English,
13742,Apples And Bananas,Nursery Rhyme,English,
6972,April Boy Medley,April Boy,English,
7147,April Come She Will,Simon And Garfunkell,English,
15770,April in Paris,Frank Sinatra,English,
2909,April Love,Pat Boone,English,
2880,Aquarius,5th Dimension,English,
8811,Aral,Totoy Bato,English,
17395,Arapaap,Silvia Gaoiran,English,
8324,Araw Gabi,Regine Velasquez,Filipino,
7062,Araw Ng Pasko,Fruit Cake,Filipino,
17691,Araw Oras Tagpuan,Spongecola,English,
8890,Araw't Gabi,True Faith,Filipino,
17301,"Araw, Ulap, Langit",Christian Bautista,Filipino,
9114,Araw-Araw,Boyfriends,English,
3055,Araw-Araw Gabi-Gabi,Didith Reyes,English,
11058,Araw-Araw Na Lang,Aegis,Filipino,
4915,Arayyy..,Mae Rivera,English,
5396,Are You Gonna Go My Way,Lenny Kravitz,English,
7630,Are You Happy Now,Michelle Branch,English,
17586,Are You In,Incubus,English,
3056,Are You Lonesome Tonight?,Elvis Presley,English,
13743,Are You Sleeping,Nursery Rhyme As I Was Going To,English,
15568,Arimunding- Munding,Alexis,English,
16864,Arise,Wolfgang,English,
16283,Arms,Christina Perri,English,
1436,Around The World,Aqua,English,
17233,Around The World,Red Hot Chili Peppers,English,
17345,Around The World,Frank Sinatra,English,
7148,Around The World,Marlyn Monroe,English,
7822,Around The World,ATC,English,
7997,Around You,Tribe Of Levi,English,
0593,Arthur's Theme,Christopher Cross,English,
16941,Artpop,Lady Gaga,English,
5789,As I Lay Me Down,Sophie B. Hawkins,English,
6751,As I Lay My Love On,Westlife,English,
0026,As Long As He Needs,Anita Bryant,English,
17791,As Long As I Live,Neil Sedaka,English,
8487,As Long As It Matters,Gin Blossoms,English,
15094,As Long As You Love,Justin Bieber Ft. Big Sean,English,
4286,As Long As You Love,Backstreet Boys,English,
0956,As Sure As I'm Standing There,Barry Manilow,English,
2538,As Tears Go By,Rolling Stones,English,
8900,As The Music Plays The Band,Bamboo,Filipino,
1320,As Time Goes By,Frank Sinatra,English,
7823,As We Dance,Paolo Santos,English,
9372,As You Believe,Zelle,English,
17587,As You Inhale,Blue Boy Bites Back,Filipino,
8255,Asa,South Border,Filipino,
8643,Asa Ka Inday,Visayan Song,English,
8899,Asa Ka Pa,Blue Ketchup,English,
11814,Asahan Mo,Siakol,Filipino,
6510,Asereje Ketchup Song,Las Ketchup,English,
9424,Asero,Janno Gibbs,English,
7050,Asin Medley,Asin,English,
16361,Asintado,Lirah Bermudez,English,
7230,Ask For More,F4,English,
6725,Aso,Siakol,Filipino,
11170,Aso't Pusa,Hale,Filipino,
17792,Astronaut,Simple Plan,English,
7150,Astrud,Basia,English,
9606,Asya,Bayang Barrios,English,
7151,At Kung Malayo Ka,Melody,English,
8825,At Nakalimutan Ang Diyos,Wuds,Filipino,
17396,At or With Me,Jack Johnson,English,
6534,At Seventeen,Janis Ian,English,
5414,At The Beginning,Richard Marx,English,
8883,At Your Best,Aaliyah,English,
5514,At Your Side,The Corrs,English,
15771,Atat,Ron Henley ft. Muriel,English,
17278,Atin Ang Mundo,The Juans,Filipino,
13529,Atin Cu Pung Singsing,Pampanga Song,English,
1654,Atin Cu Pung Singsing,Pampanga Song,English,
17144,Atomica,Wolfgang,English,
0610,Aubrey,Bread,English,
1642,Auld Lang Syne,Guy Lombardo,English,
7989,Automatic,Utada Hikaru,English,
15096,Autopilot,Cambio,English,
15919,Autumn In New York,Frank Sinatra,English,
2539,Autumn Leaves,Andy Williams,English,
16837,Avalanche,Nick Jonas,English,
8391,Average Joe,Y-Not,English,
17397,Awake My Soul,Mumford & Sons,English,
17398,Awanen Serbina,Lea Dansalan,English,
15753,Away,Bolshoi,English,
9735,Away Bati,Yeng Constantino,Filipino,
13567,Away In A Manger,Various,English,
7066,Away In A Manger,Various,English,
17840,Away(Acoustic),Dido,English,
7358,Awesome In This Place,Pestano,English,
5934,Awit At Pag-Ibig,Aegis,Filipino,
16359,Awit Mo'y Nandito Pa,Aldrich Talonding,English,
7153,Awit Ng Barkada,Apo Hiking Society,Filipino,
8058,Awit Ng Kabataan,Rivermaya,Filipino,
11695,Awit Ng Paghahangad,Bukas Palad,Filipino,
8898,Awit Ng Pangarap,Yeng Constantino,Filipino,
16803,Awit Ni Brod,Asin,English,
16332,Awit Ni Ginny,Toni Gonzaga,English,
1140,Awit Para Sa 'Yo,Jamie Rivera,Filipino,
7156,Awitin Mo,Vst & Company,English,
4916,Ay Ay Ay Pag-Ibig,Ara Mina,English,
8644,Ay Ay Pay Toy Gasat,Ilocano Song,English,
8645,Ay Ay Salidumay,Big 3 Sullivans,English,
8634,Ay Bituen Ko,Visayan Song,English,
17692,Ayang-Ayang,Boston,English,
7329,Ayaw Katahap,Visayan Song,English,
15783,Ayaw Kong Isipin,Chedi,English,
8912,Ayaw Padala Sa Tama,Bisrock,English,
16870,Ayo,Chris Brown ft Tyga,English,
15584,Ayoko Na,Jessa Zaragosa,English,
6728,Ayoko Na Sa Yo,Siakol,Filipino,
1279,Ayoko Na Sa'yo,Sharon Cuneta,Filipino,
17168,Ayoko Na Sa'yo,Vice Ganda,Filipino,
7157,Ayoko Na Sana,Ariel Rivera,English,
6729,Ayoko Ng Isipin Pa,J. Brothers,Filipino,
17671,Ayoko Sa Dilim,FrancisM,English,
15982,Ayokong Tumanda,Itchyworms,Filipino,
11396,Ayos Lang Ako,Rocksteddy,Filipino,
9452,Ayos Na Ang Buto-Buto,Vhong Navarro,Filipino,
9788,Ayt,Spongecola,English,
9826,Ayus,Rico Blanco,Filipino,
15271,B.A.B.A.Y.,Yeng Constantino,Filipino,
17064,B.S.U.R.(S.U.C.S.I.M.I.M),James Taylor,English,
11960,Ba't Di Ko Ba Nasabi,Krizza Neri,English,
7682,Ba't Di Mo Pagbigyan,King,English,
1321,Baa Baa Black Sheep,Traditional,English,
13517,Baa Baa Black Sheep,Traditional,English,
7158,Babae,Hagibis,English,
6778,Babae Ako,Eva Eugenio,Filipino,
9607,Babae Na Ako,Zsa Zsa Zaturnah,Filipino,
7864,Babae Po Ako,Tuesday,Filipino,
17794,Babaeng Sorbetes,Orient Pearl,English,
8497,Babaeng Uy Ay,Various Artist,English,
15211,Babaero,Randy Santiago,English,
17568,Babalik,James Reid,Filipino,
17693,Babalik Ka Pa Kaya,Wiseguys,English,
17047,Babalik Ka Rin,Gary Valenciano,Filipino,
5682,Babalik Ka Rin,Victor Wood,English,
17331,Babalik Sa Iyo,Sampaguita,English,
6535,Babalik-Balikan,Hajji & Rachel Alejandro,English,
1322,Babalikang Muli,Regine Velaquez,Filipino,
1625,Babe,Styx,English,
11033,Baby,Justin Bieber ft Ludacris,English,
6779,Baby Ang Ganda Mo,Rico Puno,Filipino,
7444,Baby Ang Sarap,Sexbomb Girls,Filipino,
0853,Baby Baby,Amy Grant,English,
17346,Baby Be Mine,Michael Jackson,English,
13745,Baby Beluga,Nursery Rhyme,English,
7360,Baby Boy,Beyonce,English,
13746,Baby Bumblebee,Kid Songs,English,
4283,Baby Can I Hold You,Boyzone,English,
3329,Baby Come Back,Player,English,
7160,Baby Come Back To Me,Michael Bolton,English,
15862,Baby Come Home,Scissor Sisters,English,
17169,Baby Come Home To Me,Patti Austin and James,English,
0712,Baby Come To Me,Patti Austin,English,
9517,Baby Don't You Break My...,M.Y.M.P.,English,
0976,Baby Face,U2,English,
17167,Baby I,Arianna Grande,English,
1546,Baby I Don't Care,Elvis Presley,English,
5812,Baby I Love You,J Brothers,English,
0597,Baby I Love Your Way,Big Mountain,English,
1640,Baby I Need Your Loving,The Four Tops,English,
2861,Baby I'm A Want You,Bread,English,
15171,Baby I'm For Real,The Originals,English,
9827,Baby It's Time,Rachelle Ann Go,English,
0993,Baby Now That I Found You,Alison Krauss,English,
4927,Baby One More Time,Britney Spears,English,
3760,Baby The Rain Must Fall,Glenn Yarborough,English,
6167,Baby What A Big,Chicago,English,
16306,Baby You Are,Julie Anne San Jose,Filipino,
0017,Baby You're A Rich Man,Beatles,English,
16121,"Baby, Don't Cry",EXO,English,
17262,"Baby, I Do",Juris,English,
9507,Back 2 U,Cueshe,Filipino,
7271,Back At One,Brian Mcnight,English,
0738,Back For Good,Take That,English,
15328,Back For More,Sandwich,English,
17205,Back For You,One Direction,English,
11961,Back Home Again,John Denver,English,
7163,Back In The USSR,The Beatles,English,
15030,Back In Time,Pitbull,English,
9759,Back In Time,Kyla Duet With Jay-R,English,
9736,Back In Your Arms,Joanne Lorenzana,English,
17309,Back To Back,Drake,English,
9235,Back To Black,Amy Winehouse,English,
11569,Back To December,Taylor Swift,English,
17201,Back To Good,Matchbox 20 !!,English,
11398,Back To Love,Quest Ft Nimbus,English,
8485,Back To Me,Cueshe,Filipino,
17705,Back To The Future,Dru Hill,English,
15691,Back To You,Luigi D' Avola,English,
5343,Back To You,Bryan Adams,English,
7684,Back To You,John Mayer,English,
17694,Back Together,Robin Thicke (ft Nicki,English,
17243,Back Up,DeJ Loaf ft Big Sean,English,
17528,Backroad Song,Granger Smith,English,
1689,Bad,Michael Jackson,English,
15853,Bad (remix),Wale ft Rihanna,English,
16914,Bad Blood,Taylor Swift ft Kendrick,English,
0375,Bad Case Of Loving You,Robert Palmer,English,
8414,Bad Day,Daniel Powter,English,
0050,Bad Girls,Donna Summer,English,
17710,Bad Love,Tom Jones,English,
3330,Bad Love,Eric Clapton,English,
3058,Bad Moon Rising,CCR,English,
11020,Bad Romance,Lady Gaga,English,
17017,Badtrip,Pulpito,English,
15199,Bago Mahuli Ang Lahat,Never The Strangers,Filipino,
11645,Bagong Sigaw,Bamboo,Filipino,
16415,Bagong Siglo,Christian Bautista ft,Filipino,
11794,Bagsakan,Parokya Ni Edgar Ft,Filipino,
8316,Bahala Ka,J. Brothers,English,
16416,Bahala Na,James Reid & Nadine,Filipino,
7621,Bahala Na,Jolina Magdangal,English,
6399,Bahama Mama,Boney M,English,
11962,Bahay Kubo,Awit Pambata,English,
13575,Bahay Kubo,Awit Pambata,English,
9904,Bahay Kubo,Hale,Filipino,
4421,Bailamos,Enrique Iglesias,English,
8826,Baile,Rochelle Ft. Gloc 9,Filipino,
9665,Baka Lasing Ka Lang,Patricia Javier,English,
15773,Baka Maputikan,Ruben Tagalog,English,
4918,Baka Mayroong Iba,Jerome Abalos,English,
3059,Baka Sakaling Mahalin...,Rey Valera,Filipino,
9247,Bakakon,Scrambled Eggs,Filipino,
7825,Bakal Na Rehas,No Bail Band,English,
6781,Bakas Ng Lumipas,Eddie Peregrina,Filipino,
7474,Bakerstreet,Gerry Rafferty,English,
16818,Bakit,Glock 9 ft Cookie Chua,Filipino,
19708,Bakit,Rachel Ann Go,Filipino,
5683,Bakit,Rea Valle,Filipino,
5813,Bakit,Imelda Papin,Filipino,
6377,Bakit,Vehnee Saturno,Filipino,
6400,Bakit,Aegis,Filipino,
7764,Bakit,Michael V.,Filipino,
8504,Bakit,Rachel Ann Go,Filipino,
8619,Bakit,Cueshe,Filipino,
9666,Bakit Ako Mahihiya,Dulce,Filipino,
8783,Bakit Ang Babae,Apo Hiking Society,Filipino,
17795,Bakit Ba Ganyan,Nyoy Volante,Filipino,
5345,Bakit Ba Ganyan,Dina Bonevie,Filipino,
9608,Bakit Ba Ikaw,Lani Misalucha,Filipino,
9221,Bakit Ba Inibig Ka,Erik S. & Regine V.,Filipino,
17166,Bakit Ba Mahal Kita,Angeline Quinto,Filipino,
3060,Bakit Ba?,Siakol,Filipino,
9828,Bakit Ba?,Bugoy Drilon,Filipino,
6732,Bakit Di Mo Sinabi,Teresa,Filipino,
7270,Bakit Di Totohanin,Carol Banawa,Filipino,
16946,Bakit Ganito Ang Pag-ibig,Maja Salvador,Filipino,
15191,Bakit Hindi,Gloc 9 Feat. BIlly Joe,Filipino,
15627,Bakit Hindi Ka Crush...,Zia Quizon,Filipino,
9115,Bakit Ikaw Pa,Claire Dela Fuente,Filipino,
9415,Bakit Ikaw Pa Rin,Maricris Garcia,Filipino,
7826,Bakit Iniwan Na,Freestyle,Filipino,
7275,Bakit Ka Iiyak?,Jeremiah,Filipino,
1601,Bakit Ka Lumayo,Ogie Alcasid,Filipino,
6479,Bakit Ka Nagbago,Joey Albert,Filipino,
9116,Bakit Kaya,Imelda Papin,Filipino,
1301,Bakit Kung Sino Pa,Lloyd Umali,Filipino,
1323,Bakit Labis Kitang Mahal,Boyfiends,Filipino,
15569,Bakit Lumuluha,Kz Tandingan,Filipino,
11963,Bakit Mahal Pa Rin Kita,Erik Santos,Filipino,
17399,Bakit May Paalam,Six Part Invention,Filipino,
17170,Bakit May Pag-ibig Pa,Bing Rodrigo,Filipino,
5567,Bakit Mo Iniiba,Nikki Valdez,Filipino,
7331,Bakit Mo Iniwan,Melissa Gibbs,Filipino,
9117,Bakit Mo Pa Inibig,Imelda Papin,Filipino,
1045,Bakit Nga Ba Mahal Kita,Roselle Nava,Filipino,
15242,Bakit Ngayon,Julie Anne San Jose,Filipino,
6983,Bakit Ngayon Ka Lang,Freestyle,Filipino,
0240,Bakit Pa,Jessa Zaragosa,Filipino,
11840,Bakit Pa Ba,Sarah Geronimo,Filipino,
7377,Bakit Pa Ba,Jay-R,Filipino,
9118,Bakit Pa Kita Minahal,Cristy Mendoza,Filipino,
6096,Bakit Papa,Sexbomb Girls,Filipino,
16290,Bakit Part 2,Mayonnaise,Filipino,
7615,Bakit Sayo Pa,Roel Cortez,Filipino,
4919,Bakit Sinta,Paul Sapiera,Filipino,
15692,Bakya Mo Neneng,Mabuhay Singers,English,
7170,Bakya Mo Neneng,Pinoy Classic,English,
0107,Balat-Kayo,Anthony Castello,English,
15774,Baleleng,Roel Cortez,English,
5939,Baleleng,Max Surban,English,
15464,Balewalang Pag-ibig,Join The Club,English,
17588,Balik Na Pinangga,Visayan Song,English,
9866,Balisa,Angel Mocatuno,English,
7677,Balisong,Rivermaya,Filipino,
15516,Balita,Gloc 9 ft Gabby Alipe,Filipino,
8647,Balitaw Ko,Visayan Song,English,
11208,Baliw,Kiss Jane,English,
5941,Baliw,Claire De La Fuente,English,
7827,Baliw,Mark Bautista,English,
7765,Baliw Ako Sa Iyo,Sheila Mae,Filipino,
9024,Baliw Na Baliw,Join The Club,English,
17796,Baliw Na Pag-ibig,Sam Milby,English,
4920,Baliw Na Puso,Jessa Zaragosa,English,
0810,Ballad Of John And Yoko,The Beatles,English,
17198,Ballerina Girl,Lionel Richie,English,
9120,Balong Malalim,Juan Dela Cruz,English,
8648,Balud Sa Kalimot,Visayan Song,English,
5070,Bamboleo,Julio Iglesias,English,
8649,Banag Na Banag Satungang Gabi,Visayan Song,English,
1471,Banal Na Aso Santong Kabayo,Yano,English,
9765,Banana (Right Now),Blank Tape,English,
3331,Banana Boat Song,Unknown,English,
9455,Banana Q (Don't Matter),Visayan Version,English,
9485,Banana Split,Cool Chix,English,
2860,Band On The Run,Paul Mccartney,English,
9025,Banda Ng Bayan,Rivermaya,Filipino,
16339,Bang Bang,Jessie J Ariana,English,
2879,Bang Bang,Cher,English,
17494,Bang Bang Bang,Selena Homez,English,
11002,Bangon,Rico Blanco,Filipino,
17797,Banjo,Rascal Flatts,English,
8650,Bannatiran,Ilocano Song,English,
7276,Banyo Queen,Andrew E.,English,
9045,Barako,Barako Boys,Filipino,
7171,Barbara Ann,Beach Boys,English,
4296,Barbie Girl,Aqua,English,
3333,Bare Necessity,Unknown,English,
15245,Barely Breathing,Duncan Sheik,English,
16480,Barenaked,Jennifer Love Hewitt,English,
9387,Barista (Bartender),Tagalog Version,English,
17798,Barkada,Parokya Ni Edgar,Filipino,
8651,Barkong Karaan,Max Surban,English,
15775,Barong Tagalog,Ruben Tagalog,English,
16231,Bartender,Lady Antebellum,English,
9374,Bartender,T-pain ft. Akon,Filipino,
7269,Basang-Basa Sa Ulan,Aegis,Filipino,
8262,Basket Case,Greenday,English,
8095,Basketball,Viva Hotbabes,English,
8652,Basketbol,Big 3 Sullivans,English,
17799,Baso Ni Maria,Aleck Bovick,English,
17347,Basol Ko Kadi,Baby Icuspit,English,
8653,Basol Mo Lalaki,Ilocano Song,English,
11594,Bass Down Low,The Cataracs Ft Dev,English,
11955,Basta Ako,6 Cycle Mind,Filipino,
16074,Basta Masaya Ka,Kilos,English,
6713,Basta't Ikaw,Jeremiah,Filipino,
9121,Basta't Isipin Mo,Bing Rodrigo,English,
0782,Basta't Kasama Kita,Dingdong Avanzado,English,
0605,Basta't Mahal Kita,John Melo,Filipino,
5132,Basta't Mahal Kita,Renz Verano,Filipino,
16232,Basta't Nandito Ka,Jennylin Mercado,English,
6782,Basta't-Basta,True Faith,Filipino,
16116,Basted,Myrus,English,
9552,Basted,Siakol,Filipino,
17031,Basura,The Youth ft Cookie Chua,English,
1284,Bat Di Mo Sabihin,Unknown,English,
11212,Bata,"BBS, Kean And Madeline",English,
1156,Batang Bata Ka Pa,Jim Paredes,English,
11905,Batang-Bata Ka Pa,Sugarfree,Filipino,
11053,Bathroom Dance,Michael V.,English,
7766,Bati Na Tayo,Agaw Agimat,English,
7956,Batibot,Alamid,English,
1329,Bato Sa Buhangin,Cinderella,English,
16043,Bato Sa Buhangin,Julia Clarete,English,
16804,Batugan,Shanghaied,English,
7725,Batuta,Roger Dames,English,
6783,Baunin Mo Ang Pag-Ibig,J. Brothers,Filipino,
1175,Bawal Na Pag-Ibig,Unknown,English,
11912,Bawat Bata,The Dawn,English,
9223,Bawat Bata,Aikee,English,
15329,Bawat Daan,Ebe Dancel,English,
16998,Bay,Jack 'N Poy,English,
3064,Bayan Ko,Freddie Aguilar,English,
17234,Be Alright,Justin Bieber,English,
0440,Be Bop A Lula,Gene Vincent,English,
7173,Be It Unto Me,Don Moen,English,
8654,Be Kayen To Animals,Max Surban,English,
3770,Be My Lady,Martin Nievera,Filipino,
3025,Be My Love,Mario Lanza,English,
15939,Be My Number Two,Joe Jackson,English,
17589,Be Near Me,ABC,English,
15330,Be OK,Ingrid Michaelson,English,
17114,Be Real,Kid Ink ft Dej Loaf,English,
3771,Be Still My Beating Heart,J. Bernardo,English,
17800,Be The First To Believe,A1,English,
17139,Be With You,Aicelle Santos,English,
7915,Be With You,Enrique Iglesias,English,
17801,Be Your Everything,Boys Like Girls,English,
13747,Bear Hunt,Nursery Rhyme,English,
4365,Beat It,Michael Jackson,English,
8461,Beat Of My Heart,Hillary Duff,English,
16169,Beat Of The Music,Brett Eldredge,English,
7134,Beatles Medley (Stars On 45),The Beatles,English,
15471,Beautiful,Mariah Carey ft. Miguel,English,
17235,Beautiful,Carly Rae Jepsen ft,English,
6536,Beautiful,Christina Aguilera,English,
8590,Beautiful Days,Kyla,English,
8274,Beautiful Disaster,Kelly Clarkson,English,
11663,Beautiful Girl,Jose Mari Chan,Filipino,
8865,Beautiful Girls,Sean Kingston,English,
16313,Beautiful Goodbye,Maroon 5,English,
3336,Beautiful Goodbye,Amanda Marshall,English,
1472,Beautiful In My Eyes,Joshua Kadison,English,
8612,Beautiful Liar,Beyonce & Shakira,English,
4302,Beautiful Life,Ace Of Bace,English,
11454,Beautiful Monster,Ne-yo,English,
17145,Beautiful Now,Zedd ft. Jon Bellion,English,
8426,Beautiful Ones,Suede,English,
8205,Beautiful Soul,Jesse Mccartney,English,
4423,Beautiful Stranger,Madonna,English,
0166,Beautiful Sunday,Daniel Boone,English,
11848,Beautiful To Me,Christian Bautista,Filipino,
15112,Beauty And A Beat,Justine Bieber Ft Nicki Minaj,English,
1548,Beauty And Madness,Fralippo Lippi,English,
2543,Beauty And The Beast,Peabo Bryson & Celine Dion,English,
8395,Bebot,Black Eyed Peas,English,
11769,Because I Love You,Stevie B,English,
0267,Because Of Love,Menudo,English,
1407,Because Of You,Tony Bennet,English,
4374,Because Of You,98 Degrees,English,
7378,Because Of You,Keith Martin,English,
8322,Because Of You,Kelly Clarkson,English,
8953,Because Of You,Ne-Yo,English,
8430,Because You Live,Jesse Mccartney,English,
4186,Because You Loved Me,Celine Dion,English,
0463,Bed Of Roses,Bon Jovi,English,
16044,Beds Are Burning,Midnight Oil,English,
6839,Bee Gees Medley,Bee Gees,English,
17495,Been It,The Cardigans,English,
16006,Beep,K.A. Antonio,English,
8433,Beep,Pussycat Dolls,English,
6171,Beep Beep,Juan Dela Cruz,English,
7828,Beep Beep Beep,Willie Revillame,Filipino,
8411,Beer,Itchy Worms,English,
8874,Beer For My Horses,Toby Keith & Willie Nelson,English,
11107,Before He Cheats,Carrie Underwood,English,
5230,Before I Fall Inlove,Coco Lee,English,
6098,Before I Let You Go,Freestyle,Filipino,
11543,Before It Explodes,Charice,English,
0390,Before The Dawn,Judas Priest,English,
15863,Before You Go,Matt Monroe,English,
17745,BeFoUr,Zayn Malik,English,
15218,Begin Again,Taylor Swift,English,
15920,Begin The Beguine,Frank Sinatra,English,
15097,Beginning Today,Agot Isidro,English,
17299,Beginnings,Chicago,English,
6785,Beh Buti Nga,Parokya Ni Edgar,Filipino,
7175,Beh Buti Nga,Hotdog,Filipino,
5421,Behind Blue Eyes,The Who,English,
3338,Behind Closed Doors,Charlie Rich,English,
8221,Behind These Hazel,Kelly Clarkson,English,
8827,Behind Those Eyes,Panky Trinidad,English,
7673,Beinte Beinte,Gee Girls,English,
7051,Believe,Cher,English,
15701,Believe In Me,Dan Fogelberg,English,
15864,Believe It Or Not,Joey Scarbury,English,
11855,Believe Me,Marri Nallos,English,
16342,Believe Me,Lil Wayne ft. Drake,English,
5334,Belinda Bye Bye,Barbie's Cradle,English,
3067,Bell Bottom Blues,Eric Clapton,English,
17590,Belle Of The Boulevard,Dashboard Confessional,English,
9303,Belly Dancer,Akon,Filipino,
11968,Belonging,Bread,English,
0376,Ben,Michael Jackson,English,
17802,Bennie And The Jets,Elton John,English,
7798,Bent,Matchbox 20,English,
8903,Berting,1017,English,
8976,Berting (Bisaya),1017,English,
3028,Besame Mucho,Trio Los Panchos,English,
13708,Beside The Seaside,Nursery Rhyme,English,
7829,Beside You,Akafellas,English,
15628,Bespren,Yeng Constantino Ft,Filipino,
11453,Best Behavior,N-Dubz,English,
16108,Best Day Of My Life,American Authors,English,
17803,Best Days,Juice,English,
11089,Best Days Of Your Life,Kellie Pickler ft Taylor Swift,English,
11836,Best For Last,Adele,English,
6840,Best In Me,Blue,English,
17172,Best Love Song,T-Pain ft Chris Brown Bet You Can't Do It,English,
9898,Best Of Both Worlds,Miley Cyrus,English,
17804,Best Of Me,Daniel Powter,English,
11653,Best Of My Love,Emotions,English,
3068,Best Of My Love,Eagles,English,
15661,Best Song Ever,One Direction,English,
5348,Best That You Can Do,Michael Ruff,English,
11631,Best Thing I Never Had,Beyonce Knowles,English,
15538,Bestfriend,Not Informed,English,
8517,Bestfriend,Dice And K9,English,
17654,Bet Mo Ba,Kelly Welt,English,
9385,Betamax,Sandwich,English,
7177,Betcha By Golly Wow,Stylistics,English,
17295,Better,Boyzone,English,
0967,Better Days,Dianne Reeves,English,
15387,Better Days,Franco,English,
15219,Better Dig Two,The Band Perry,English,
7362,Better Man,Robbie Williams,English,
17496,Better Me,Keyshia Cole,English,
5765,Better Off Alone,Alice Deejay,English,
11442,Better Than Revenge,Taylor Swift,English,
17400,Better Together,Jack Johnson,English,
17321,Better When I'm Dancing,MeghanTrain or,English,
15158,Better With You,Kris Allen,English,
13748,Betty Botter,Nursery Rhymes,English,
17348,Between The Lines,Chris Brown ft Kevin,English,
16180,Bewitched,Frank Sinatra,English,
17748,Bibitawan Ka,Juris,English,
13749,Big Base Drum,Nursery Rhyme,English,
4304,Big Big World,Emilia,English,
13750,Big Blue Boat,Nursery Rhyme Big Rock Candy,English,
16910,Big Girls Cry,Sia,English,
8828,Big Girls Don't Cry,Fergie,English,
3344,Big In Japan,Alfajet,English,
17401,Big Machine,Goo Goo Dolls,English,
7179,Big Spender,Lisa Minelli,English,
9965,Big Sur,The Thrills,English,
9028,Bigay Na Bigay,Mano Mano,English,
17402,Bigger,Justine Bieber,English,
17344,Biggest Part Of Me,Ambrosia,English,
7865,Biglaan,6cycle Mind,English,
15228,Biglang Liko,Ron Henley ft. Pow Chavez,English,
17805,Bihag,Bryan Termulo,English,
3070,Bikining Itim,Bert Dominique,English,
8060,Bilanggo,Rizal Underground,English,
13624,Bill Grogans Goat,Kid Songs,English,
2747,Billie Jean,Michael Jackson,English,
9476,Billie Jean,David Cook,English,
11044,Billionare,Travie Mccoy,English,
13625,Billy Boy,Unknown,English,
8410,Bilog Ang Mundo,Manny Pacquiao,Filipino,
11021,Bilog Na Hugis Itlog,Sexbomb Girls,English,
8885,Bilog Na Naman Ang Buwan,Tropical Depression,Filipino,
5816,Binago Mo,Gabriela,English,
13544,Bingo,Traditional,English,
3774,Bingo,Traditional,English,
11084,Binguel Binguel,U-Kiss,English,
1473,Binibini,Introvoys,Filipino,
8415,Binibini,Janno Gibbs,English,
9224,Binibini,Brownman Revival,Filipino,
17806,Binibining Pilipina,Ogie Alcasid,Filipino,
15693,Binibirocha,Andrew E.,English,
4922,Binilanggo Sa,Del Horest,English,
4428,Bip Bop,Paul Mccartney,English,
16033,Bird Dog,Everly Brothers,English,
7181,Birds And The Bees,Winnie Santos,English,
0811,Birthday,The Beatles,English,
16132,Birthday,Katy Perry,English,
11938,Birthday Cake (Remix),Rihanna ft Chris Brown,English,
15865,Birthday Song,Don McLean,English,
4923,Bisan Sa Damgo Lang,Visayan Song,English,
8655,Bisan Wala Ka Na,Visayan Song,English,
8942,Bisrock,Indephums,English,
5530,Bitch,Meredith Brooks,English,
17008,Bitch I'm Madonna,Madonna ft Nikki Minaj,English,
15100,Bitin,Brownman Revival,Filipino,
9522,Bitin,Mayonnaise,English,
5231,Bitin Ako Sa Iyo,Hotdog,Filipino,
6099,Bitin Si Honey,Quickie,English,
8513,Bitiw,Sponge Cola,English,
8656,Bitoon Sa Pangandoy,Visayan Song,English,
17403,Bittersweet,Fantasia ft. DjLeak,English,
15777,Bituing Marikit,Conching Rosal,English,
1262,Bituing Walang Ningning,Sharon Cuneta,Filipino,
15040,Biyaheng Impiyerno,Siakol,Filipino,
0497,Bizaare Love Triangle,New Order,English,
17404,Black And Yellow,Wiz Khalifa,English,
17591,Black Balloon,Goo Goo Dolls,English,
17592,Black Coffee,All Saints,English,
3345,Black Hole Sun,Sound Garden,English,
16943,Black Magic,Little Mix,English,
6841,Black Magic Woman,Santana,English,
4429,Black Night,Deep Purple,English,
0968,Black Or White,Michael Jackson,English,
3347,Black Velvet,Allanah Myles,English,
16391,Black Widow,Iggy Azalea ft Rita Ora,English,
0003,Blackbird,The Beatles,English,
11524,Blah Blah Blah,Kesha Ft 3oh3,English,
17695,Blame It On The Rain,Milli Vanilli,English,
7363,Blame It On The Weatherman,B'Withched,English,
15099,Blanko,Session Road,Filipino,
11692,Bleed For Me,Saliva,English,
9350,Bleed It Out,Linkin Park,English,
9292,Bleeding Love,Leona Lewis,English,
15937,Bleeding Out,Imagine Dragons,English,
7364,Blessed Be The Name Of...,Sarah Higgins,English,
17261,Blind,Jason Derulo,English,
5422,Blister In The Sun,Violent Femmes,English,
16814,Bloodstream,Ed Sheeran,English,
17091,Bloodstream,Stateless,English,
11558,Blow,Kesha,English,
13626,"Blow Wind, Blow",Kid Songs,English,
7182,Blowin' In The Wind,Bob Dylan,English,
15086,Blown Away,Carrie Underwood,English,
0804,Blue Bayou,Linda Ronstadt,English,
13627,Blue Bird Blue Bird,Kid Songs,English,
7063,Blue Christmas,Elvis Presley,English,
3072,Blue Eyes,Elton John,English,
0997,Blue Eyes Crying..,Dolly Parton,English,
3776,Blue Hawaii,Elvis Prestley,English,
7183,Blue Jeans,Apo Hiking Society,Filipino,
8830,Blue Jeans,Rocksteddy,Filipino,
2973,Blue Monday,Fats Domino,English,
3073,Blue Moon,Frank Sinatra,English,
9225,Blue Moon,Orange & Lemons,English,
7476,Blue Night,Michael Learns To Rock,English,
15866,Blue Skies,Frank Sinatra,English,
19705,Blue Sky,Hale,Filipino,
8474,Blue Sky,Hale,Filipino,
1552,Blue Suede Shoes,Elvis Presley,English,
1643,Blue Velvet,Bbby Vinton,English,
1551,Blueberry Hill,Fats Domino,English,
4433,Bluebird,Paul Mccartney,English,
0305,Bluer Than Blue,Michael Jhonson,English,
11990,Blues Nyang Itim,Gloc 9 ft Czarina,Filipino,
15545,Blurred Lines,Robin Thicke ft. T.I. Pharrell,English,
11207,Bo Peep Bo Peep,T-Ara,English,
5418,Boat On The River,Styx,English,
1973,Bobby Brackins,Unknown,English,
13628,Bobby Shafto,Unknown,English,
11155,Bodies,Robbie Williams,English,
15511,Body Party,Ciara,English,
15198,Body Shot,Kaci Battaglia Feat. Ludacris,English,
4434,Bohemian Rhapsody,Queen,English,
17687,Bolang Kristal,Abra ft KZ Tandingan,English,
17405,Bolinaw,Mantequilla,English,
16002,Bonfire Heart,James Blunt,English,
6786,Bonga Ka Day,Ogie Alcasid,Filipino,
5709,Bonggahan,Sampaguita,English,
17374,Boom,Simple Plan,English,
4298,Boom Boom Boom,Venga Boys,English,
16390,Boom Clap,Charli XCX,English,
16272,Boom Panes,Vice Ganda,English,
0637,Boom Shak-A-Lak,Apache Indian,English,
8523,Boom Tarat Tarat,Willie Revillame,Filipino,
17236,Booty,Jennifer Lopez ft Iggy,English,
17164,Booty Call,All Saints,English,
16749,Bootylicious,Destiny's Child,English,
19697,Bop Bop Baby,Westlife,English,
5944,Bop Bop Baby,Westlife,English,
9226,Bop Bop(Bop It),April,English,
9345,Bop To The Top,High School Musical,English,
9667,Boracay Ang Isla Ko,Father & Sons,Filipino,
0638,Borderline,Madonna,English,
5135,Born For You,David Pomeranz,English,
11560,Born Free,Kid Rock,English,
17009,Born Free,Matt Monroe,English,
2758,Born Free,Andy Williams,English,
11782,Born In The U.S.A.,Bruce Springsteen,English,
3076,Born On The Bayou,J C Fogerty,English,
11550,Born This Way,Lady Gaga,English,
7187,Born To Be Alive,Patrick Hernandez,English,
3077,Born To Be My Baby,Bon Jovi,English,
0820,Born To Be Wild,Stephen Wolffe,English,
17349,Born To Die,Lana del Rey,English,
7188,Born To Lose,Ray Charkes,English,
16935,Born To Love You,George Duke,English,
8577,Borrowed Time,Cueshe,Filipino,
17593,Boss,Fifth Harmony,English,
11933,Both Of Us,B.O.B. ft. Taylor Swift,English,
0409,Both Sides Now,Judy Collins,English,
9668,Both Still Here,Father & Sons,English,
16220,Bottoms Up,Brantley Gilbert,English,
17350,Bottoms Up,Trey Songz ft Nicki Minaj,English,
48994,Bottoms Up,Trey Songz ft Nicki Minaj,English,
2693,Boulevard,Dan Byrd,English,
0115,Boulevard Ng Pag-Ibig,Bert Dominique,Filipino,
17773,Bound For The Floor,Local H,English,
17302,Bound To You,Christina Aguilera,English,
9063,Bowowow,Willie Revillame,Filipino,
1263,Boy,Timmy Cruz,English,
13629,Boy And The Sparrow,Kid Songs Boys And Girls Come,English,
0793,Boy From New York City,Manhattan Transfer,English,
9473,Boy Kulot,Rocksteddy,Filipino,
9929,Boy Named Sue,Johnny Cash,English,
11967,Boyfriend,Justin Bieber,English,
17351,Boyfriend,Ashlee Simpson,English,
17594,Boys,Britney Spear ft,English,
2718,Boys Boys Boys,Sabrina,English,
6539,Boys Do Fall In Love,Robin Gibb,English,
1575,Boys Don't Cry,The Cure,English,
7830,Boys Don't Cry,Plumb,English,
17478,Boys Like You,Who Is Fancy ft,English,
9003,Brader Eloy,Missing Filemon,English,
7477,Brand New Key,Melanie Safka,English,
17406,Brand New Me,Alicia Keys,English,
17807,Brandy (You're A Fine Girl),Looking Glass,English,
15546,Brave,Sara Bareilles,English,
16350,Breachin',Jake Owen,English,
8272,Break Away,Kelly Clarkson,English,
15052,Break Even,The Script,English,
16417,Break Free,Ariana Grande Feat.,English,
0511,Break It Down Again,Tears For Fears,English,
0377,Break It To Me Gently,Angela Boffil,English,
11908,Break It To Me Gently,Mark Bautista,English,
8788,Break Me,Gary Valenciano,Filipino,
8789,Break Na Tayo,Rocksteddy,Filipino,
1542,Break Out,Swing Out Sister,English,
17612,Break Up With Him,Old Dominion,English,
11436,Break Your Heart,Taio Cruz,English,
17307,Breakfast At Tiffanys,Deep Blue Something,English,
6175,Breakfast In America,Supertramp,English,
9306,Breaking Free,High School Musical,English,
6100,Breaking My Heart,Michael Learns To Rock,English,
7711,Breaking The Habit,Linkin Park,English,
7189,Breaking Up Is Hard To Do,N Sedaka,English,
15446,Breaking Us In Two,Joe Jackson,English,
7622,Breath,Michelle Branch,English,
3352,Breath Of Life,Erasure,English,
11834,Breathe Again,Chicosci,English,
1327,Breathe Again,Toni Braxton,English,
16384,Breathe Again,Sara Bareilles,English,
7699,Breathe Easy,Blue,English,
8279,Breathe On Me,Britney Spears,English,
17595,Breathing,Lifehouse,English,
6995,Breathless,The Corrs,English,
17407,Brick,Ben Folds Five,English,
11164,Brick By Boring Brick,Paramore,English,
2542,Bridge Over Troubled Water,Simon & Garfunkle,English,
17352,Brielle,Sky Sailing,English,
16813,Bright,Echosmith,English,
8829,Bright Lights,Billy Crawford,English,
7596,Bring Me Down,Rivermaya,Filipino,
9341,Bring Me Down,Cueshe,Filipino,
6691,Bring Me To Life,Daredevil Theme,English,
7866,Bringing Heartbreak,Mariah Carey,English,
9466,Broken,Lifehouse,English,
7190,Broken And Spilled Out,Gary Valenciano,Filipino,
15570,Broken Heart,Kaligta,English,
15258,Broken Hearted Me,Anne Murray,English,
16473,Broken Hearted Me,England Dan & John Ford,English,
8206,Broken Sonnet,Hale,Filipino,
6541,Broken Vow,Lara Fabian,English,
0794,Broken Wings,Mr. Mister,English,
15003,Brokenhearted,Karmin,English,
15467,Brokenhearted,Lawson Feat. B.O.B.,English,
3355,Brother Louie,Modern Talking,English,
6714,Brown Eyes,Destiny's Child,English,
13631,Brush Brush Your Teeth,Unknown,English,
13632,Brush Your Teeth,Nursery Rhymes,English,
8657,Brutsa,Milyonaryo,English,
17409,Buak,Indephums,English,
15448,Bubble,Yelle,English,
9290,Bubbly,Colbie Caillat,English,
16233,Budapest,George Ezra By The Time I Get To,English,
8658,Budbud Ug Bibingka,Max Surban,English,
17879,Buddy Holly,Weezer,English,
2441,Buenas Noches Mi Amor,"Los T,Diamantes",English,
13545,Buffalo Gals,Children Song,English,
3778,Buffalo Gals,Children Song,English,
16045,Buffalo Soldier,Bob Marley,English,
17358,Bug A Boo,Destinys Child,English,
9593,Bugbog Sarado,Itchyworms,Filipino,
5736,Bughaw Na Buhangin,Victor Wood,English,
8659,Bugtungan,Big 3 Sullivans,English,
17088,Buhangin,Sandwich,English,
15272,Buhay,Freddie Aguilar,English,
5946,Buhay Amerika,Mike Hanopol,English,
7193,Buhay At Pag-Asa,Papuri Singers,English,
9633,Buhay At Pag-Ibig Ko,Lani Misalucha,English,
17410,Build A Girl,Darren Espanto,English,
17596,Building A Mystery,Sarah Mclachlan,English,
17153,Bukas,Ebe Dancel,English,
4931,Bukas Na Lang Kita Mamahalin,Lani Misalucha,Filipino,
7431,Bukas Sana,Regine Velasquez,Filipino,
15290,Buko,Jireh Lim,Filipino,
11969,Bukod Tangi,Jason Hernandez,English,
15507,Buksan,Where's The Sheep,English,
9122,Buksan Ang Puso,Claire Dela Fuente,Filipino,
8831,Buksan Mo,Willie Revillame,Filipino,
8660,Buksan Mo Na,Milyo Naryo,Filipino,
15273,Bulacan,Ramon Jacinto,English,
17267,Bulag,Mitoy,English,
7480,Bulag Na Pag-Ibig,Shiela Marie,English,
5947,Bulag Pipi At Bingi,Freddie Aguilar,English,
1047,Bulag Sa Katotohanan,Unknown,English,
8061,Bulakbol,Mongols,English,
7237,Bulaklak,Viva Hot Babes,English,
8661,Bulalayaw,Ilocano Song,English,
17808,Bullet,Katy Perry,English,
15032,Bulls On Parade,Rage Against The Machines,English,
8137,Bulong,Kitchie Nadal,Filipino,
6734,Bulong Ng Damdamin,Marissa Sanchez,Filipino,
6711,Buloy,Parokya Ni Edgar,Filipino,
16428,Bumabalik Ang Nagdaan,Jessa Zaragoza,Filipino,
8662,Bumalalangaw Nga Ayat,Ilocano Song,English,
8476,Bumalik Ka Lang,Julia Clarete,English,
15508,Bumalik Ka Na Sa Akin,Silent Sanctuary,Filipino,
17411,Bumuhos Man Ang Ulan,Jericho Rosales,Filipino,
15696,Bundok Banahaw,Sylvia La Torre,English,
16027,Bunga,Siakol,Filipino,
1432,Bunga Ng Pag-Ibig,Celeste Legaspi,Filipino,
9499,Buong Buhay Ko,Sam Milby,English,
17238,Buong Gabi,Maja Salvador ft,English,
15235,Burado,Rico Blanco,Filipino,
15867,Burn,Ellie Goulding,English,
19757,Burn,Ellie Goulding,English,
7194,Burn,Tina Arena,English,
8062,Burn,Usher,English,
9064,Burn,Nina,Filipino,
15011,Burn It Down,Linkin Park,English,
16448,Burnin' It Down,Jason Aldean,English,
15060,Burning Flame,Vitamin Z,English,
17471,Burning House,Cam,English,
0952,Burning Love,Elvis Presley,English,
16498,Burnout,Sugarfree,Filipino,
0821,Bus Stop,Till Dawn,English,
8663,Buserong Mang Gustin,Big 3 Sullivans,English,
7195,Buses And Train,Bachelor Girl,English,
8864,But For The Grace Of God,Keith Urban,English,
7196,But I Will,Faith Hill,English,
15130,But If You Leave Me,Von Arroyo,English,
17412,Buta,Ruth Vergara,English,
15181,Buti Na Lang,Jessa Zaragoza,Filipino,
9248,Buto,Scrambled Eggs,English,
7197,Butsikik,Yoyoy Villame,English,
7198,Buttercup,Chico Chikas,English,
5351,Butterfly,Mariah Carey,English,
16379,Butterfly Fly Away,Miley Cyrus,English,
16466,Butterfly Kisses,Bob Carlisle Can't Stop Loving You,English,
17597,Butterfly Wings,Owl City,English,
8470,Buttons,Pussycat Dolls,English,
8457,Buwad Suka Sili,Junior Kilat,English,
16886,Buwan,Itchy Worms,Filipino,
6996,Buy 1 Take 1,Grin Department,English,
5574,By Heart,Laura Creamer,English,
17090,By Now,Simply Red,English,
1476,By The Light Of The...,Mel & Lyr,English,
6912,By The Way,Red Hot Chili Peppers,English,
15441,By Your Side,Aspen Way,Filipino,
7199,By Your Side,Lovely M.,English,
17598,Byaheng Bohol,Brownbuds,English,
13633,Bye Baby Bunting,Kid Songs,English,
9554,Bye Bye,Marah Carey,English,
7247,Bye Bye Bye,Nsync,English,
2545,Bye Bye Love,Everly Brothers,English,
7670,Bye Bye Na,Rico Blanco,Filipino,
5084,C'est La Vie,B*Witched,English,
15293,C'mon,Kesha,English,
5949,Cabaret,Liza Minelli,English,
1692,Calendar Girl,Neil Sedaka,English,
2547,California Dreamin',Mamas & Papas,English,
7200,California Girls,Beach Boys,English,
11126,California Gurls,Katy Perry ft Snoop Dogg,English,
11762,California King Bed,Rihanna,English,
6923,Californication,Red Hot Chili Peppers,English,
11976,Call Me,Styx Dennis DeYoung,English,
15505,Call Me,Blondie,English,
11894,Call Me Maybe,Carly Rae Jepsen,English,
8481,Call Me When You're Sober,Evanescence,English,
9982,Call The Shots,Girls Aloud Calling Your Name Again 11697 Richard Carpenter,English,
17751,Call You Out,Flyleaf,English,
17809,Called Out In The Dark,Snow Patrol,English,
13546,Camptown Races,Traditional,English,
3783,Camptown Races,Traditional,English,
5575,Can Find No Reason,Louie Heredia,English,
9609,Can Never Be Me,Carol Banawa,English,
19734,Can Say),Lady Gaga,English,
15868,Can This Be Love,Matt Monroe,English,
8063,Can This Be Love,Smokey Mountain,English,
15677,Can We Dance,The Vamps,English,
5053,Can We Just Stop And...,Jose Mari Chan,Filipino,
8112,Can We Still Be Friends,Mandy Moore,English,
0335,Can We Talk,Code Red,English,
4443,Can You Feel It,Janet Jackson,English,
4328,Can You Feel The Love Tonight,Elton John,English,
7482,Can You Read My Mind,Maureen Mcgovern,English,
11125,Can't Be Tamed,Miley Cyrus,English,
5874,Can't Be With You Tonight,Irene,English,
2810,Can't Buy Me Love,Paul Mccartney,English,
1330,Can't Cry Hard Enough,William Brothers,English,
17102,Can't Feel My Face,The Weeknd,English,
7483,Can't Fight The,Leann Rimes,English,
0055,Can't Fight This Feeling...,Reo Speedwagon,English,
16763,Can't Find The Words,Karina Pasian,English,
11397,Can't Get Enough,Young Jv Ft August Rigo,English,
6997,Can't Get You Out Of My Head,Kylie Minogue,English,
15544,Can't Help,Parachute,English,
7070,Can't Help Fallin (Tagalog),Josh Santana,English,
3421,Can't Help Fallin' In Love With You,Elvis Presley,English,
11592,Can't Help Myself,Toni Gonzaga,English,
7623,Can't Hold Us Down,Christina Aguilera,English,
17414,Can't Let Go,Adele,English,
8456,Can't Let You Go,Cueshe',Filipino,
6693,Can't Lose You,F4,English,
16047,Can't Remember To Forget You,Shakira ft. Rihanna,English,
3081,Can't Smile Without You,Barry Manilow,English,
3365,Can't Stand Losing You,Police,English,
1427,Can't Take My Eyes,Gloria Gaynor,English,
16898,Can't Take That Away,Mariah Carey,English,
9123,Can't We Start Over Again,Jose Mari Chan,Filipino,
0287,Can't We Try,Dan Hill,English,
9829,Can't We Try,Toni Gonzaga,English,
15987,Can't You See,Tiffany,English,
2897,Candle In The Wind,Elton John,English,
11159,Candy,Paulo Nutini,English,
5786,Candy,Mandy Moore,English,
17413,Candy Bling,Mariah Carey,English,
8584,Candy Man,Christina Aguilera,English,
17599,Cannonball (Acoustic),Damien Rice,English,
11528,Cant Make This Over,Pixie Lott,English,
1478,Can’t Help Wondering Why,Dessa,English,
0760,Captain Of Her Heart,Double,English,
9457,Captured,Christian Bautista feat.,Filipino,
11154,Careful,Paramore,English,
4188,Careless Whisper,George Michael,English,
17603,Carinosa,Pilita Corales,Filipino,
6102,Carmela,Del Horrest,English,
16292,Carmelita,Victor Wood,English,
3082,Carolina In My Mind,James Taylor,English,
15442,Carousel,Bamboo,Filipino,
0381,Carrie,Europe,English,
8549,Carry My Love,Sarah Geronimo,Filipino,
15714,Carry On,Fun,English,
17156,Carry You Home,Zara Larsson,English,
16983,CarryThat Weight,The Beatles,English,
6694,Cartoon Heroes,Aqua,English,
7326,Carwash,Andrew E.,English,
8042,Carwash,Cristina Aguilerra,English,
5032,Casablanca,Bertie Higgins,English,
6998,Cascades Medley,Cascades,English,
11944,Cashin' Out,CashOut,English,
9896,Cast Of Clowns,Wolfgang,English,
11718,Castaway,Franco,English,
16293,Catch Me,Demi Lovato,English,
8791,Catch Me I'm Fallin',Toni Gonzaga,English,
15200,Catch My Breath,Kelly Clarkson,English,
9669,Catch You,Agot Isidro,English,
8152,Catch You Baby,Lonnie Gordon,English,
17810,Catching Feelings,Justin Bieber,English,
0248,Cathy's Clown,Everly Brothers,English,
3370,Cats In The Cradle,Ugly Kid Joe,English,
16938,Caught In That Feeling,Jason Dy,English,
17298,Caught In The Middle,A1,English,
16335,Caught Up,Usher,English,
6463,Caught Up In The Rapture,Anita Baker,English,
17415,Cause I Said So,Ne-Yo,English,
8664,Cebu,Visayan Song,English,
3371,Cecilia,Simon & Garfunkle,English,
16868,Ceiling,Typecast,English,
6695,Celebrate Jesus Celebrate,Don Moen,English,
16741,Centerfold,Pink,English,
16981,Cerberus,Abra ft Loonie &,English,
6177,Ceremony,Tammy Wynnette,English,
15183,Cha Cha Dabarkads,Ryzza ft. Jose and Wally,English,
0943,Chain Of Fools,Aretha Franklin,English,
17179,Chains,Nick Jonas,English,
3373,Chains Of Love,Erasure,English,
9227,Chaka Nya,Michael V.,English,
17416,Champagne Life,Ne-Yo,English,
3374,Champagne Supernova,Unknown,English,
16460,Chance Again,Barry Manilow,English,
7485,Chances Are,Johnny Mathis,English,
7625,Chances Be There,Air Supply,English,
16388,Chandelier,Sia,English,
15722,Change Nothing,Jessica Sanchez,English,
0334,Change The World,Eric Clapton,English,
15951,Changes,Save Me Hollywood,English,
3788,Changes,Black Sabbath,English,
6736,Changes In My Life,Mark Sherman,English,
15911,Changing Of Seasons,Two Door Cinema,English,
15453,Charade,Drop Decay,English,
2759,Charade,Matt Monroe,English,
8924,Charing,1017,English,
8923,Charing (Visayan) M,1017,English,
9952,Chasing Cars,Snow Patrol,English,
11817,Chasing Pavements,Adele,English,
17775,Chasing Stars,Lunar Lights,English,
11773,Chasing The Sun,The Calling,English,
15834,Chasing The Sun,The Wanted,English,
16354,Chasing The Sun,Hillary Duff,English,
17337,Cheater,The Vamps,English,
9595,Checkmate,Rivermaya,Filipino,
17041,Cheerleader,OMI,English,
11611,Cheers (Drink To That),Rihanna,English,
9918,Chelsea Dagger,The Fratellis,English,
3378,Cheri Cheri Lady,Modern Talking,English,
15006,Cherish,Kool & The Gang,English,
6737,Cherish,The Association,English,
0940,Cherry Cherry,Neil Diamond,English,
17116,Cheyenne,Jason Derulo,English,
6546,Chi Hua Hua,Dj Bobo,English,
8665,Chibog,Milyo Naryo,English,
15061,Chichi Wo Motomete,Ichiro Mizuki & Koorogi,English,
9228,Chick Boy,Vhong Navarro,English,
1732,Chick To Chick,Matt Monroe,English,
8354,Chicksilog,Kamikaze,English,
7366,Chikinini,Parokya Ni Edgar,Filipino,
16491,Childish Gambino Akin Ka Na Lang,Morisette Amon,Filipino,
16234,Chillin' It,Cole Swindell,English,
8613,China Eyes,Alamid,English,
3381,China Grove,Doobie Brothers,English,
6548,Ching Fe Te E,Harlem Yu,English,
8943,Chinita,Bisrock,English,
15450,Chinito,Yeng Constantino,Filipino,
17247,Chinito Problems,Enchong Dee,English,
1437,Chiquitita,Abba,English,
15700,Chit-Chirit-Chit,Mabuhay Singers,English,
7487,Chivachocho,Jolina Magdangal,English,
17616,Chivalry Is Dead,Trevor Wesley,English,
16038,Chocolate,The 1975,English,
7598,Chocolatte,Parokya Ni Edgar,Filipino,
8099,Chocolatte,Soul Control,English,
17300,Choke,Red Jumpsuit,English,
7103,Choose To Forgive,Nonoy Zuniga,English,
7832,Choto Matte Kudesai,Sex Bomb,English,
13538,Christmas,Christmas Song,English,
13543,Christmas,Traditional,English,
4935,Christmas In Our Hearts,Jose Mari Chan,Filipino,
13634,Christmas Is Coming,Unknown,English,
17239,Christmas Past,Jose Mari Chan,Filipino,
6178,Christmas Song,Nat King Cole,English,
13510,Christmas Tree,Christmas Song,English,
4936,Christmas Won't Be The Same,Martin Nievera,Filipino,
13635,Chubby Cheeks,Nursery Rhymes,English,
15640,Chupoy Chupoy,Hoodlum,English,
16050,Cinderella,Stage Crew,English,
8043,Cinderella Medley,Cinderella,English,
4257,Cinnamon Girl,Neil Young,English,
8954,Circle,6 Cycleminds,English,
4258,Circle Of Life,Elton John & Tim Rice,English,
17600,Circle The Drain,Katy Perry,English,
9536,Circus,Britney Spears,English,
13636,Circus Song,Unknown,English,
13578,Clap You're Hands,Kid Songs,English,
15380,Clarity,Zedd ft. Foxes,English,
15990,Classic,MKTO,English,
17103,Classic Man,Jidenna ft. Roman,English,
13683,Clean Up Song,"Kid Songs Climb, Climb Sunshine",English,
6999,Cleaning My Closet,Eminem,English,
13558,Clementine,Traditional,English,
11932,Climax,Usher,English,
7290,Climb Every Mountain,Julie Andrews,English,
17672,Clint Eastwood,The Gorrilaz,English,
15084,Clique,Kanye West Jay-Z Big Sean,English,
6934,Clocks,Cold Play,English,
6842,Close,Westlife,English,
7104,Close,Paolo Santos,English,
0606,Close To Heaven,Color Me Badd,English,
8357,Close To Where You Are,Jonalyn Viray,English,
17764,Close To You,Whigfield,English,
16809,Close Your Eyes,Parmalee,English,
17812,Close Your Eyes,Westlife,English,
7981,Closer,The Corrs,English,
9497,Closer,Ne-Yo,English,
8596,Closer To Me,The Outfield,English,
1120,Closer You And I,Gino Padilla,English,
6962,Closing Time,Semisonic,English,
16052,Clown,Emeli Sand,English,
16876,Clown,Gary Lewis And The,English,
11416,Club Can't Handle Me,Flo Rida,English,
9239,Clumsy,Fergie,English,
13685,Cobbler Cobbler,Kid Songs,English,
8064,Coca-Cola Body,Viva Hotbabes,English,
3083,Cocaine,Eric Clapton,English,
13686,Cock A Doodle Doo,Kid Song,English,
13688,Cock Crows In The Morning,Kid's Song,English,
13687,Cockles And Mussels,Kid Songs,English,
17323,Coco Jamboo,Mr. President,English,
17202,Coconut Tree,Mohombi ft Nicole,English,
9581,Coffee Break,Zelle,English,
17664,Cold As You,Taylor Swift,English,
1409,Cold Cold Heart,Tony Bennet,English,
7398,Cold Summer Night,Arnee Hidalgo,English,
9610,Cold Summer Nights,Francis M.,English,
8429,Collide,Howie Day,English,
0855,Color My Word,Chicago,English,
17746,Colors,Halsey,English,
13537,Colors Of The Wind,Vanessa Williams,English,
3084,Colors Of The Wind,Vanessa Williams,English,
15023,Colossal Youth,Moonpools And Caterpillar,English,
13689,Colour,Unknown,English,
15992,Colour Blind,Darius,English,
8193,Colour Everywhere,Christian Bautista,Filipino,
2928,Come & Get Your Love,Unknown,English,
15488,Come and Get It,Selena Gomez,English,
19753,Come And Get It,Selena Gomez,English,
17418,Come Around,Rhett Miller,English,
11655,Come As You Are,Nirvana,English,
5486,Come As You Are,Wild Orchids,English,
7834,Come Away With Me,Norah Jones,English,
17419,Come Baby Come,K7,English,
17601,Come Back Song,Darius Rucker,English,
9814,Come Back To Me,David Cook,English,
7803,Come Clean,Hillary Duff,English,
15870,Come Fly With Me,Frank Sinatra,English,
13690,Come Follow Me,Children's Song,English,
16346,Come Get It Bae,Pharrell Williams,English,
9124,Come Into My Life,Marco Sison,English,
9125,Come Just As You Are,Claire Dela Fuente,English,
7705,Come On In Out Of The Rain,Sheryn Regis,English,
17813,Come On Little Angel,Belmonts,English,
5798,Come On Over,Cristina Aguilera,English,
17477,Come Out And Play,The Offspring,English,
3085,Come Rain Or Come Shine,Frank Sinatra,English,
17814,Come Sail Away,Styx,English,
0031,Come Softly To Me,Fleetwood Mac,English,
1675,Come Summer,Fra Lippo Lippi,English,
2753,Come Together,Beatles,English,
0731,Come Undone,Duran Duran,English,
15009,Come What May,Lani Hall & Herb Alpert,English,
3087,Come What May,Air Supply,English,
16450,Come With Me Now,Kongos,English,
17371,Comfortable,K Camp,English,
16812,Coming Home,Diddy Dirty Money ft,English,
13512,Coming To Town,Christmas Song,English,
0436,Coming Up,Wings,English,
11136,Coming Up Easy,Paulo Nutini,English,
17815,Common Denominator,Justin Bieber,English,
17735,Company,Justin Bieber,English,
6550,Complicated,Avril Lavigne,English,
1576,Complicated Heart,Mltr,English,
8127,Concrete Angel,Martina Mcbride,English,
16005,Confident,Justin Bieber,English,
17308,Confident,Demi Lovato,English,
47023,Confident,Demi Lovato,English,
7910,Conga,Gloria Estefan,English,
1438,Congratulation,Cliff Richard,English,
17602,Connected,Sara Paxton,English,
17304,Conspiracy,Paramore,English,
3088,Constant Change,Jose Mari Chan,Filipino,
114,Constantino &,Unknown,English,
1628,Constantly,Cliff Richard,English,
8327,Constantly,Nina,Filipino,
8666,Contest Tayo,Big 3 Sullivan,English,
9487,Control,Nancy Jane,English,
8297,Cool,Gwen Stefani,English,
5487,Cool Change,Little River Band,English,
9953,Cool For Cats,Squeeze,English,
17050,Cool For The Summer,Demi Lovato,English,
47024,Cool For The Summer,Demi Lovato,English,
6815,Cool Ka Lang,Prettier Than Pink,English,
11673,Cool Off,Session Road,Filipino,
15912,Cool Off,Verzikhulo,English,
19713,Cool Off,Yeng Constantino Dancin' Away With,Filipino,
8628,Cool Off,Yeng Constantino,Filipino,
15871,Cool With You,Jennifer Love Hewitt,English,
16248,Cop Car,Keith Urban,English,
3089,Copacobana,Barry Manilow,English,
16023,Corrina Corrina,Ray Petersen,English,
15103,Cotabato,Asin,English,
3386,Cotton Eye Joe,Rednex,English,
2551,Cotton Fields,C.C.R,English,
7768,Could Be Wrong,M.Y.M.P.,English,
15784,Could Have Been,Jensen Gomez,English,
8591,Could Have Been,Frio,English,
9577,Could Have Been The One,Christian Bautista,Filipino,
17305,Could I Have This Dance,Anne Murray,English,
8118,Could It Be Any Harder,The Calling,English,
3090,Could It Be Magic,Barry Manilow,English,
4189,Could You Be Loved,Bob Marley,English,
0999,Could've Been,Tiffany,English,
17355,Could've Been,Sarah Geronimo,Filipino,
15513,Count On Me,Bruno Mars,English,
15782,Count On Me,Chase & Status,English,
6551,Count On Me,Whitney Houston,English,
9977,Count On You,Tommy Shaw,English,
17604,Countdown,Beyonce,English,
17816,Counting Down The Days,Natalie Imbruglia,English,
15851,Counting Stars,One Republic,English,
17420,Country Grammar,Nelly,English,
4190,Country Road,James Taylor,English,
16309,Coward Of The County,Kenny Rogers,English,
6945,Cowboy Take Me Away,Dixie Chicks,English,
11241,Coz I Believe,Jessa Zaragosa,English,
9611,Cradle Me This,Regine Velasquez,Filipino,
13781,Cradle Song,Kid's Song,English,
4256,Crash Boom Bang,Roxette,English,
17421,Crash Into Me,Dave Matthews,English,
16442,Crash n Burn,Savage Garden,English,
8600,Crawl,Marrion Raven,English,
6963,Crawling,Linkin Park,English,
17613,Crazier,Taylor Swift,English,
0688,Crazy,Julio Iglesias,English,
8264,Crazy,KC And Jojo,English,
8401,Crazy,Simple Plan,English,
9925,Crazy,Gnarls Barkley,English,
15451,Crazy (Live Version),Kenny Rogers,English,
9518,Crazy About You,Bea Alonzo,English,
11024,Crazy Crazy,Pop Girls,English,
17856,Crazy Eyes For You,Jimmy Wilde !! Song Title Code Popularized By:,English,
11713,Crazy For This Girl,Evan And Jaron,English,
4375,Crazy For You,Madonna,English,
9847,Crazy For You,M.Y.M.P.,English,
7379,Crazy In Love,Beyonce,English,
5288,Crazy Little Party Girl,Aaron Carter,English,
3388,Crazy Little Thing Called Love,Queen,English,
2552,Crazy Love,Paul Anka,English,
8833,Crazy Love,Kim Chiu,English,
15763,Crazy Over You,112,English,
17500,Crazy Tonite,Sampaguita,English,
3389,Cream,Police,English,
0513,Creep,Radiohead,English,
17306,Creepin',Eric Church,English,
8049,"Crispy Na, Creamy Pa",Andrew E.,English,
2843,Crocodile Rock,Elton John & Bernie Taupin,English,
13802,Crooked Man,Nursery Rhyme,English,
15894,Crooked Smile,J. Cole ft TLC,English,
5951,Cross My Heart,Everything But Girl,English,
6810,Cross My Heart,Sharon Cuneta,Filipino,
17294,Cruel Summer,Bananarama,English,
15137,Cruise,Florida Georgia Line,English,
7678,Cruisin',Gwyneth Paltrow,English,
17240,Cruising For Bruising,Basia,English,
4303,Crush,Jennifer Paige,English,
6964,Crush,Mandy Moore,English,
9446,Crush,David Archuleta,English,
6107,Crush Kita,Sex Bomb Girls,English,
9612,Crush Kitang Talaga,Fruitcake,English,
9126,Crush Ng Bayan,Cris Villongco,Filipino,
6965,Cry,Mandy Moore,English,
13782,Cry Baby Bunting,Kid Songs,English,
4358,Cry For Help,Rick Ashley,English,
5136,Cry In The Rain,Orient Pearl,English,
2888,Cry Me A River,Joe Cocker,English,
7962,Crying,Roy Orbison,English,
2702,Crying In The Rain,Everly Brothers,English,
5233,Crying Time,Victor Wood,English,
15264,Cuckoo,Adam Lambert,English,
15383,Cups ''When I'm Gone'',Anna Kendrick,English,
13783,Curly Locks,Kid's Song,English,
16408,Cut Her Off,KCamp ft. 2 Chainz,English,
7072,Cutie Cute Cute,Mahal And Mura,Filipino,
5399,Cuts Like A Knife,Bryan Adams,English,
16985,Cutterpillow,Eraserheads,Filipino,
3091,Cycles,Frank Sinatra,English,
6182,D'yer Maker,Sheryl Crow(Unplugge,English,
9942,D. I. S. C. O,Ottawan,English,
11890,Da Facebook Song...,Tanya Markova,English,
5915,Dadalhin,Regine Velasquez,Filipino,
17327,Daddy,PSY ft CL of 2NE1,English,
2656,Daddy Cool,Boney M.,English,
9670,Daddy Sana'y Kapiling,Father And Sons,English,
2804,Daddy's Home,Shep And The...,English,
16298,Dading,Gaby Eigenmann,English,
17356,Dahan-Dahan,Brownman Revival,Filipino,
16137,Dahan-Dahan Lang,Maja Salvador,English,
6109,Dahan-Dahan Naman,Diwata,English,
6787,Dahan-Dahanin Mo,Marissa Sanchez,English,
11784,Dahil Ba Sa Kanya,Jaya,English,
8447,Dahil Ikaw,True Faith,Filipino,
1479,Dahil Mahal Kita,m idi Boyfriends,Filipino,
17817,Dahil Minamahal Kita,Imelda Papin,Filipino,
6922,Dahil Minamahal Kita,Scyld,Filipino,
0521,Dahil Nandito Ka,Miguel Vera,English,
1222,Dahil Sa Isang Bulaklak,"Ric Manrique, Jr",English,
1331,Dahil Sa Iyo,Pilita Corales,Filipino,
6816,Dahil Sa Pag-Ibig,Didith Reyes,English,
9291,Dahil Sa'yo (Sa Himig Ng Aking Gitara),Hale,Filipino,
1104,Dahil Tanging Ikaw,Jaya,Filipino,
15572,Dahilan,Callalily,Filipino,
5234,Dahong Laya,Visayan,English,
1142,Daigdig Ng Ala-Ala,Rey Valera,Filipino,
13784,Daisy Bell,Kid's Song,English,
7836,Daisy Otso,Keekaayz,English,
7868,Daisy Siete,Sexbomb Girls,English,
6553,Dalawa Kaming Api,Imelda Papin,English,
9867,Dalawa'y Naging Isa,Michael V. And Spice Gays,English,
17642,Dalawang Letra,Itchy Worms,English,
8977,Daliri,Bisrock,English,
17218,Damaged,TLC,English,
11240,Damdamin Ko Sa'yo,Regine Velasquez,Filipino,
8667,Damgo Man Lang,Visayan Song,English,
7231,Dan Ni Bu Huai,F4,English,
11919,Dance Again,Jennifer Lopez,English,
17501,Dance Dance,Fall Out Boy,English,
11691,Dance For You,Beyonce Knowls,English,
3092,Dance On Little Girl,Paul Anka,English,
17241,Dance The Night Away,Van Halen,Filipino,
13785,Dance To Your Daddy,Kid Songs,English,
8278,Dance With Me,The Orleans,English,
6554,Dance With Me Tonight,The Wonders,English,
11427,Dance With My Father,Luther Vandross,English,
17100,Dance Without The Music,Yeng Constantino,Filipino,
3093,"Dance, Dance, Dance",Brian Wilson / Carl Wilson,English,
17260,Dancer,Iyaz,English,
0828,Dancing In The Dark,Bruce Springsteen,English,
17818,Dancing In The Moonlight,Toploader,English,
9914,Dancing Shoes,Arctic Monkeys,English,
15282,Dancing With Myself,Billy Idol,English,
1664,Dandansoy,Cebuano Song,English,
9127,Dangal,Vina Morales,Filipino,
11064,Dangerous,Akon Feat. Kardinal Official,Filipino,
17534,Dangerous,Jensen & The Flips,English,
8265,Dangerous,Roxette,English,
17726,Dangerous Woman,Ariana Grande,English,
8472,Dani California,Red Hot Chili Pepper,English,
2839,Daniel,Elton John,English,
5093,Danny Boy,Conway Twitty,English,
0703,Danny's Song,Kenny Loggins,English,
6924,Dapat Malaman Mo,Rica Peralejo,English,
17605,Dapat Tama,Gloc 9 ft Denise,Filipino,
15334,Darating,BBS feat. Ney Dello Kleggy,English,
16940,Darating Din,Kim Chiu,English,
16269,Dare (La La La),Shakira,English,
17819,Dare You To Move,Switchfoot,English,
16008,Dark Horse,Katy Perry ft Juicy J,English,
15005,Dark Side,Kelly Clarkson,English,
11196,Darkside Of The Sun,Tokio Hotel,English,
5712,Darna,Jenine Desiderio,English,
17697,Dasal,Ric Segreto,English,
15576,Dati,Sam Conception &,English,
7432,Dati Pa,Aiza Seguerra,Filipino,
5577,Dating Damdamin,Jaya,English,
8231,Daughter,Pearl Jam,English,
11999,Daughters,John Mayer,English,
8668,Dawat Ko,Ilocano Song,English,
16389,Day Drinking,Little Big Town,English,
13786,Day Of The Week,Kid's Song,English,
2998,Day Tripper,The Beatles,English,
5235,Dayang Daya,Yoyoy Villame,English,
11709,Daydreamer,Adele,English,
17734,Daydreamin',Jessie J,English,
16319,Daydreaming,Paramore,English,
15204,Daylight,Maroon 5,English,
16937,Dazed & Confused,Jake Miller ft Travis,English,
3802,De Do Do Do,The Police,English,
4259,Deacon Blues,Steely Dan,English,
9128,Dear Ana,J. Brothers,English,
9129,Dear Angie,Renz Verano,English,
17727,Dear Biyenan,Breezy Boyz And,English,
16375,Dear Heart,Kiana Valenciano,English,
5290,Dear Heart,Matt Monro,English,
9672,Dear Heart,Sharon Cuneta,Filipino,
9304,Dear Kuya,Sugarfree,Filipino,
8124,Dear Lie,TLC,English,
11851,Dear Lonely,Zia Quiazon,English,
11380,Dear Mr. President,Pink,English,
17606,Dear No One,Tori Kelly,English,
6407,Dear Prudence,The Beatles,English,
17357,Dear You,Juris,English,
17049,Death Metal,Datu's Tribe,English,
17853,Death Of A Bachelor,Panic At The Disco,English,
17503,Deathstar Diorama,April Morning Skies,English,
11235,December,Collective Soul,English,
13569,Deck The Halls,Various Did You Ever See A,English,
7219,Deck The Halls,Various,English,
9650,Decode,Paramore,English,
2914,Dedicated To The One I Love,Carpenters,English,
1334,Deep In My Heart,Jose Mari Chan:,Filipino,
17607,Deep Inside Of You,Third Eye Blind,English,
11374,Deep River Woman,Lionel Richie,English,
7957,Deeper Underground,Godzilla Theme,English,
17472,"Deere, John 3:16",Keith Urban,English,
8551,Define,Hilera,English,
15932,Defying Gravity,Glee Cast,English,
9559,Dehado,Hilera,English,
16921,Deja Vu,Beyonce ft. Jay-Z,English,
6925,Dejavu,Dionne Warwick,English,
9768,Dek-A-Doodle-Dandy,Duster,English,
9538,Deliciosa,Mocha Girls,English,
2674,Delilah,Tom Jones,English,
11371,Delirious,David Guetta,English,
15725,Deliverance,Kitchie Nadal,Filipino,
11613,Delivery Boys,Somedaydream s,English,
15396,Demons,Imagine Dragons,English,
6556,Desert Moon,Dennis De Young,English,
9130,Desert Rose,Sting,English,
7380,Design For Love,Jay-R,English,
17504,Desire,Gene Loves Jezebel,English,
0817,Desperado,Eagles,English,
17101,Dessert,Dawin Di Ba't Ako'y Tao Ring,Filipino,
15846,Destiny,Infinite,English,
5139,Destiny,Jim Brickman,English,
17608,Devil In A New Dress,Kanye West,English,
0944,Devil With A Blue Dress On,Mitch Ryder,English,
1539,Devoted To You,Everly Brothers,English,
6788,Di Ba't Ako'y Tao Rin,Ric Manrique,Filipino,
0141,Di Ba't Ikaw,Jessa Zaragosa,Filipino,
15635,Di Bale Na Lang,Gary V.,Filipino,
9462,Di Bale Na Lang,Jericho Rosales,English,
9131,Di Bat Sinabi Mo,J Brothers,English,
9273,Di Ka Makuha Sa Tingin,Danita,English,
7789,Di Ka Malimutan,Ricardo Labo,English,
9132,Di Ka Nagkulang,Leah Navarro,English,
5954,Di Karapat-Dapat,Salbakutah,English,
8955,Di Kasi,Moonstar 88,Filipino,
17609,Di Kayang Pilitin,Klarisse De Guzman,English,
17698,Di Ko Alam,Yassi & Andre,English,
15636,Di Ko Kaya,Jeremiah,English,
6817,Di Ko Kaya,Teenhearts,English,
7812,Di Ko Kaya,Eric Santos,English,
11837,Di Ko Kayang Limutin,Liezel Garcia,English,
7272,Di Ko Kayang Tanggapin,April Boy Regino,English,
16090,Di Ko Makontrol,Moonflowers,Filipino,
7433,Di Ko Na Kaya,Carmela Cuneta,Filipino,
6110,Di Ko Na Mapipigilan,Sexbomb Girls,Filipino,
9830,Di Ko Sadya,Jay-R,English,
11047,Di Lang Ikaw,Juris,Filipino,
7649,Di Madadala Sa Langit,April Boy Regino,English,
9133,Di Magbabago,Claire Dela Fuente,English,
9868,Di Magdadalawang Isip,Jolina Magdangal,English,
5955,Di Malimot Ang Iyong Halik,Renz Verano,Filipino,
16929,Di Man Lang Nagpaalam,Edward Benosa,English,
16951,Di Mapaliwanag,Morissette,English,
6739,Di Mo Ba Alam,Parokya Ni Edgar,Filipino,
9134,Di Mo Lang Alam,Bing Rodrigo,English,
15786,Di Mo Man Sabihin,Ronnie Liang,English,
11845,Di Mo Na Kaya,Hijo,Filipino,
9135,Di Mo Pansin,J Brothers,English,
9136,Di Na Ako,Renz Verano,Filipino,
11395,Di Na Ako Iibig Pang,April Boy Regino And Jc,Filipino,
9390,Di Na Ganun,Yeng Constantino,Filipino,
9137,Di Na Iibig Pa,J Brothers,English,
17189,Di Na Kita Mahal,Hazel Faith ft. Michael,Filipino,
17863,Di Na Kita Mahal,Silent Sanctuary,Filipino,
5236,Di Na Ko Aasa Pa,Introvoys,Filipino,
9673,Di Na Lalayo Sa Pasko,Father & Sons,English,
9549,Di Na Mababawi,Spongecola,English,
11662,Di Na Mag-iisa,Jonalyn Viray,English,
5291,Di Na Magdadal'wang Isip,Jolina,English,
6740,Di Na Muling Iiwan,Maricel,English,
1049,Di Na Natuto,Gary Valenciano,Filipino,
8190,Di Nag-Iisa,Regine Velasquez,Filipino,
9831,Di Nagpaalam,Brenan,English,
5956,Di P'wede Kitang,Girl Talk,English,
3095,Di Pa Huli,Side A,Filipino,
7601,Di Pwede Yan,Sexbomb Girls,English,
5237,Di Totoo,Imelda Papin,English,
17359,Diagnosed With Love,Chris Brown,English,
17423,Diak Gamden Ti Agayat,Melo Santiago,English,
17761,Diamante,Morissette,English,
15277,Diamond Shotgun,Chicosci,English,
15135,Diamonds,Rihanna,English,
17332,Diamonds Are Forever,Shirley Bassey,English,
3096,Diana,Paul Anka,English,
4351,Diary,Bread,English,
8328,Diba,Nina,Filipino,
11392,Did It Ever,Gary V.,Filipino,
17505,Did You Get My Message,Jason Mraz,English,
6187,Didn't I,Carly Simon,English,
16055,Didn't We,Matt Monroe,English,
1652,Didn't We Almost Have It All,Whitney Houston,English,
11931,Die In Your Arms,Justin Bieber,English,
9493,Die Just A Little,Side A,Filipino,
15143,Die Young,Kesha,English,
15048,Difference,The Dawn,English,
15410,Difference,Light Of Luna,English,
11988,Different Corners,General Luna Band,English,
17506,Different Seasons,Johnny Hates Jazz,English,
8956,Different Worlds,Pupil,Filipino,
8669,Dikanton Malipatan,Ilocano Song,English,
6557,Dilemma,Nelly,English,
15335,Dili Tanan,Rommel Tuico,English,
8670,Dinak Kad,Ilocano Song,English,
8834,Dinamayan,6 Cycle Mind,English,
13692,Ding Dong Bell,Unknown,English,
13579,Ding Dong Merrily On High,Unknown,English,
15793,Ding Dong Song (You Touch...),Gunther,English,
13580,Dingle Dangle Scarecrow,Nursery Rhymes,English,
13581,Dinosaur Stomp,Nursery Rhymes,English,
8459,Direction,Slapshock,English,
8957,Director's Cut,Kamikazee,Filipino,
7096,Dirrty,Cristina Aguilerra,English,
16392,Dirt,Florida Georgia Line,English,
11606,Dirty Dancer,"Enrique Iglesias, Usher",English,
17699,Disaster,Jojo,English,
7105,Disco Fever,Vic Sotto,English,
8266,Disco Inferno,The Trampps,English,
9420,Disconnection Notice,Pupil,Filipino,
6189,Discotheque,U2,English,
6926,Disease,Matchbox 20,English,
17244,Diskarte,Daniel Padilla Dita Dennam Awan,Filipino,
11328,Disney,Tanya Markova,English,
9376,Disposable (Irreplaceable),Tagalog Version,English,
16472,Distance,Christina Perri ft Jason,English,
15400,Distant Drums,Jim Reeves,English,
11889,Distraction,Angels & Airwaves,English,
9377,Disturbia,Rihanna,English,
17700,Ditanto Agsina,Ilocano Song,English,
16429,Dito,Jovit Baldivino,English,
17424,Dito,Pops Fernandez,English,
1180,Dito Ba,Kuh Ledesma,English,
17866,Dito Ka Lang Sa Puso Ko,Wynn Andrada,English,
16433,Dito Na Lang,Kyla,English,
1217,Dito Sa Aking Mundo,Richard Reynoso,English,
4938,Dito Sa Isang Tabi,Jessa Zaragosa,English,
9500,Dito Sa Puso,Lovi Poe,English,
17701,Dito Sa Puso Ko,Josh Santana &,English,
5140,Dito Sa Puso Ko,Jaya,English,
16865,Diva,Beyonce,English,
9568,Diva Ka,Sexbomb Girls,English,
6111,Divisoria,Juan Dela Cruz,English,
16114,Diwata,Abra,English,
8897,Diwata,Brownman Revival,Filipino,
6741,Diyan Sa Buhay Mo,Siakol,Filipino,
7278,Diyos Lamang..,Cely Bautista,English,
9037,Dj Bumbay,Michael V.,English,
48995,DJ Got Us Fallin' In Love,Usher ft Pitbull,English,
13760,Do Bark,Kid's Song Hark The Herald,English,
0288,Do I Have To Say The Words,Bryan Adams,English,
15149,Do I Make You Proud,Taylor Hicks,English,
17207,Do It Again,Pia Mia ft Chris Brown,English,
2916,Do It Again,Steely Dan,English,
6952,Do It On My Own,Whitney Houston,English,
0431,Do Re Mi,Julie Andrews,English,
13582,Do Re Mi,Kid's Song,English,
8207,Do Something,Britney Spears,English,
2745,Do That To Me One More Time,Captain & Tennille,English,
16057,Do The Moves,Sarah Geronimo,Filipino,
17702,Do The Walls Come Down,Carly Simon,English,
5101,Do They Know Its Christmas Time,Band Aid,English,
11343,Do Wah Doo,Kate Nash,English,
15941,Do What You Want,Lady Gaga,English,
9038,Do You Believe In Me,Eric Gadd,English,
3463,Do You Hear What I Hear,Christmas Song,English,
11437,Do You Know Me,John Mayer,English,
0043,Do You Know The Way To San Jose,Dionne Warwick,English,
1633,Do You Know Where You're Going To,Diana Ross,English,
15764,Do You Love Me,2NE1,English,
2938,Do You Really Want To Hurt Me,Culture Club,English,
3402,Do You Remeber,Phil Collins,English,
0800,Do You Think I'm Sexy,Rod Stewart,English,
3403,Do You Wanna,Modern Talking,English,
0432,Do You Wanna Dance,Mamas & The Papas,English,
13583,Do Your Ears Hang Low,Kid's Song,English,
3807,Do-Re-Mi,The Sound Of Music,English,
13584,Doctor Foster,Kid Songs,English,
8616,"Dododo, Dadada",Willie Revillame,Filipino,
5353,Does Anybody Knows What Time Is It,Chicago,English,
19748,Does Is Magic,M.Y.M.P.,English,
6191,Does My Heart Beat,Celine Dion,English,
3098,Does Your Mother Know,Abba,English,
17610,Doesn't Really Matter,Janet Jackson,English,
17425,Dog Days Are Over,Florence And The Machine Don't Be So Hard On,English,
5102,Doin' The Best I Can,Elvis Presley,English,
16165,Doin' What She Likes,Blake Shelton,English,
4939,Dolor,Visayan Song,English,
11923,Domino,Jessie J,English,
6192,Domino,Kiss,English,
8258,Don Romantiko,Vhong Navarro,English,
16423,Don't,Ed Sheeran,English,
3099,Don't,Elvis Presley,English,
5124,Don't Be Afraid To Love,Nonoy Zuniga,English,
3101,Don't Be Cruel,Elvis Presley,English,
5754,Don't Call Me Baby,Madison Avenue,English,
8377,Don't Cha,Pussy Cat Dolls,English,
8277,Don't Cha Wanna Ride,Joss Stone,English,
8153,Don't Chain My Heart,Toto,English,
6969,Don't Cry,Guns & Roses,English,
5800,Don't Cry For Me Argentina,Madonna,English,
0181,Don't Cry Joni,Conuay Twitty & Ju,English,
5354,Don't Cry Out Loud,Nuntida Kaewbuasai,English,
8005,Don't Cry Out Loud,Rachelle Ann Go,English,
5355,Don't Dream It's Over,Crystal Gale,English,
6558,Don't Dream Its Over,Crowded House,English,
5578,Don't Ever Go,Eddie Peregrina,English,
0739,Don't Ever Leave Me,Paul Anka,English,
8416,Don't Forget About Us,Mariah Carey,English,
2553,Don't Forget To Remember,Bee Gees,English,
17360,Don't Gamble With Love,Paul Anka,English,
9674,Don't Give Me Your Promise,Ariel Rivera,English,
9039,Don't Give Up On Us Baby,David Soul,English,
8054,Don't Give Your Love Away,Jack Jones,English,
3397,Don't Go Breakin' My Heart,Elton John,English,
11711,Don't Have To Lose,Michael Learns To Rock,English,
17417,Don't Judge Me,Chris Brown,English,
1338,Don't Know Much,Linda Ronstadt,English,
8051,Don't Know Much,Don Mclean,English,
1420,Don't Know What To Do,Ric Segreto,English,
17703,Don't Know Why,Norah Jones,English,
3398,Don't Leave Me This,Thelma Houston,English,
8212,Don't Let It End,Styx,English,
4193,Don't Let Me Be Lonely,James Taylor,English,
0930,Don't Let Me Be Misunderstood,David Soul,English,
3806,Don't Let Me Down,Beatles,English,
8228,Don't Let Me Get Me,Pink,English,
8276,Don't Lie,Black Eyed Peas,English,
5393,Don't Look Back In,Oasis,English,
16900,Don't Look Down,Martin Garrix ft Usher,English,
0641,Don't Look In My Eyes,Sam Harris,English,
0933,Don't Lose My Number,Phil Collins,English,
8269,Don't Love You No More,Craig David,English,
0032,Don't Make Me Over,Dionne Warwick,English,
8835,Don't Matter,Akon,Filipino,
8247,Don't Phunk With My Heart,Black Eyed Peas,English,
6852,Don't Say,Paulina Rubio,English,
1260,Don't Say Goodbye,Human Nature,English,
3102,Don't Say Goodbye,Pops Fernandez,English,
6743,Don't Say Goodbye,Eddie Peregrina,English,
8853,Don't Say Goodbye,Rachelle Ann Go,English,
17129,Don't Say Goodnight,Jim Photoglo,English,
11411,Don't Say You Love Me,Krissy & Ericka,English,
19735,Don't Say You Love Me,Krissy & Ericka Eh Eh (Nothing Else I,English,
4316,Don't Say You Love Me,The Corrs,English,
5141,Don't Say You Love Me,M2m,English,
3103,Don't Speak,Do Doubt,English,
16222,Don't Stop,5 Seconds Of Summer,English,
8267,Don't Stop Believin,Journey,English,
9948,Don't Stop Moving,S Club 7,English,
8967,Don't Stop The Music,Rihanna,English,
11600,Don't Stop The Party,The Black Eyed Peas,English,
7912,Don't Take Away My Heart,Modern Talking,English,
1557,Don't Take Away..,Fra Lippo Lippi,English,
16341,Don't Tell 'Em,Jeremih feat.YG,English,
6378,Don't Tell Me,Madonna,English,
7869,Don't Tell Me,Avril Lavigne,English,
0294,Don't Think Twice,Celine Dion,English,
11540,Don't Tie Me Down,Kyla,English,
3400,Don't Turn Around,Ace Of Base,English,
17426,Don't Wait,Dashboard Confessional,English,
15082,Don't Wake Me Up,Chris Brown,English,
11812,Don't Wanna Go Home,Jason Derulo,English,
1481,Don't Wanna Lose You,Gloria Estefan,English,
6388,Don't You Forget About Me,Simple Minds,English,
15563,Don't You Remember,Adele,English,
0051,Don't You Want Me,Human League,English,
16219,Don't You Worry Child,Swedish House Mafia,English,
6193,Donna,Richie Valens,English,
6194,Donna Donna,Joan Baes,English,
9519,Doo Bee Doo,Kc Concepcion,English,
8479,Doo Bi Doo,Kamikazee,Filipino,
1241,Doon,Richard Reynoso,English,
1558,Doon Lang,Nonoy Zuniga,English,
1482,Doors,Michael Johnson,English,
11977,Dota O Ako,Aikee and Vanessa,Filipino,
15398,Down,Jay Sean,English,
16265,Down,Rita Ora,English,
17427,Down,Jason Walker ft,English,
13585,Down By The Bay,Nursery Rhymes Down By The Old,English,
0613,Down By The River Side,Mel & Lyr,English,
13587,Down By The Station,Unknown,English,
17361,Down On Me,Jeremih ft 50 Cent,English,
11253,Down The Road,Kenny Chesney With Mac,English,
11495,Down To Earth,Justin Bieber Down With The Sickness 11382 Disturbed,English,
15355,Downtown,Lady Antebellum,English,
17199,Downtown,Macklemore & Ryan,English,
7973,Downtown,Petula Clark,English,
6970,Dr. Jones,Aqua,English,
17142,Drag Me Down,One Direction,English,
47025,Drag Me Down,One Direction,English,
9040,Dragonfly,Spongecola,English,
11939,Drank In My Cup,Kirko Bangz,English,
7626,Draw Me Close,Gospel Song,English,
3407,Dream A Little Dream,Beautiful South,English,
1002,Dream About You,Stevie B.,English,
16119,Dream Away,Frank Sinatra,English,
2929,Dream Baby,Glen Campbell,English,
17820,Dream Girl,R.Kelly,English,
1341,Dream Lover,Mariah Carey,English,
16183,Dream Of Me,Kirsten Dunst,English,
0336,Dream On,Nazareth,English,
11980,Dream On,Nazareth,English,
1340,Dreamin',Cliff Richard,English,
4330,Dreaming Of You,Selena,English,
7982,Dreams,The Corrs,English,
9590,Drift,Cueshe,Filipino,
9970,Drift Wood,Travis,English,
16109,Drink A Beer,Luke Bryan,English,
17821,Drink On It,Blake Shelton,English,
11559,Drive,Chris Cayzer,English,
1342,Drive,The Cars,English,
7796,Drive,Incubus,English,
15057,Drive By,Train,English,
0419,Drive My Car,Beatles,English,
17704,Drive You Crazy,Pitbull ft Jason Derulo,English,
2981,Drivin' My Life,Even Steven,English,
13588,Driving In My Car,Kid Songs,English,
11151,Drops Of Jupiter,Train,English,
15637,Drown,Rocksteddy,Filipino,
16806,Drown,Bring Me The Horizon,English,
6971,Drowning,Backstreet Boys,English,
16159,Drunk In Love,Beyonce ft. Jay,English,
16394,Drunk On A Plane,Dierks Bentley,English,
11982,Drunk On You,Luke Bryan,English,
17529,Drunk On Your Love,Brett Eldredge,English,
13589,Dry Bones,Unknown,English,
9964,Dry Your Eyes Mate,The Streets,English,
7060,Dub I Dub,Me And My,English,
0859,Dude Looks Like A Lady,Aerosmith,English,
11214,Duffle Bag Boy,Playas Circle Ft. Lil Wayne,English,
6957,Dukha,Aegis,Filipino,
9276,Dulce Tirah Tirah,Ud4,English,
17559,Dulo,Sarah Geronimo,Filipino,
15104,Dulo Ng Dila,Pupil,Filipino,
6196,Dum Dum Diddle,Abba,English,
6197,Dumb,Nirvana,English,
9675,Durian,Joey Ayala,English,
16928,Dusk 'Til Dawn,Glaiza De Castro,Filipino,
2557,Dust In The Wind,Kansas,English,
8542,Dvd X,Sandwich,English,
0504,Dying Inside To Hold,Timmy Thomas,English,
11359,Dynamite,Taio Cruz,English,
16236,Dyosa,Yumi Lacsamana,English,
6974,E.Humperdinck Medley,E.Humperdinck,English,
11570,E.T.(Remix),Katy Perry Ft Kany West,English,
8913,E2y-E2y,Phylum (Bisrock),English,
1661,Each Day With You,Martin Nievera,Filipino,
17443,Each Other,Ariel Rivera,English,
9305,Eargasmic,Dice And K9,English,
9140,Early In The Morning,Jose Mari Chan,Filipino,
13590,Early To Bed,Unknown,English,
9240,Early Winter,Gewn Stefani,English,
16874,Earned It,Fifty Shades Of Grey,English,
17508,Earth Angel,The Penguins,English,
15655,Earth Song,Michael Jackson,English,
13591,Easter Bunny,Unknown,English,
4196,Easy,Lionel Richie,English,
8102,Easy,Faith No More,English,
17509,Easy Love,Sigala,English,
2911,Easy Lover,Phil Collins,English,
15283,Easy Pare,Sampaguita,English,
2723,Ebb Tide,Pat Boone,English,
2852,Ebony And Ivory,Paul Mccartney & Stevie,English,
15049,Ebony Eyes,The Everly Brothers,English,
8325,Eddie's Song,Mayonnaise,English,
13592,Edelweiss,Unknown,English,
2558,Edelweiss,Julie Andrews,English,
11599,Edge Of Glory,Lady Gaga,English,
17119,Edge Of The World,Josh Padilla and Yassi,English,
11188,Eenie Meenie,Sean Kingston Ft Justin Bieber,English,
17611,Ego,Beyonce,English,
2999,Eight Days A Week,The Beatles,English,
5023,El Mundo,E. Humperdick,English,
5781,El Shaddai,M.Velarde,English,
3413,Eleanor Rigby,Beatles,English,
17429,Electric Avenue,Eddy Grant,English,
17858,Electric Blue,Nicole Scherzinger,English,
7489,Electric Blue,The Cranberries,English,
11656,Electric Youth,Debbie Gibson,English,
6859,Electrical Storm,U2,English,
16013,Electrified,M.Y.M.P.,English,
0307,Elesi,Rivermaya,Filipino,
11677,Elevation,U2,English,
15517,Elmer,Gloc 9 ft J. Dionisio,Filipino,
6973,Elvis Presley Medley,Elvis Presley,English,
9546,Ely Buendia,Soapdish,English,
4928,Email My Heart,Britney Spears,English,
16184,Embraceable You,Frank Sinatra,English,
9378,Emily,Paraluman,English,
0686,Emotion,Beegees,English,
6525,Emotion,Destiny's Child,English,
16174,Empire,Shakira,English,
11447,Empire State Of Mind,Jay-Z ft Alicia Keys,English,
17771,Empty Space,The Story So Far,English,
15428,Enchanted,The Platters,English,
5356,End Of The Road,Boyz Ii Men,English,
1343,End Of The World,Carpenters,English,
16294,End Up Here,Cher Llyod,English,
2561,Endless Love,Roos & Ritchie,English,
7627,Endless Love 1 Theme,Lara Morena,English,
17822,Endless Sleep,Jody Reynolds,English,
17706,Endless Summer Nights,Richard Marx,English,
15129,"Endless, A Silent",Urbandub,Filipino,
3105,Englishman In New York,Sting,English,
8802,Englisira,Missing Filimon,English,
6860,Enola Gay,O.M.D,English,
15111,Enough,Julie Ann San Jose,Filipino,
6062,Enter Sandman,Metallica,English,
1344,Enveloped Ideas,Dawn,English,
17363,Erase And Rewind,The Cardigans,English,
17364,Erase Me,Kid Cudi,English,
7916,"Erase, Rewind",The Cardigans,English,
1963,Ericka,Unknown,English,
2012,Ericka,It Ain't The End,English,
16235,Eroplanong Papel,December Avenue,English,
6467,Errie My Love,Ray Charles,English,
5088,Escapade,Janet Jackson,English,
6559,Escape,Enrique Iglesias,English,
5875,Esem,Yano,English,
0685,Especially For You,Kylie Minogue,English,
7279,Esperanza,April Boy Regino,English,
9379,Espesyal Mamon,Moabytes,English,
17223,Estefan,Silent,English,
3817,Estudyante Blues,Freddie Aguilar,English,
1751,Etcetera,VST And CO.,English,
4297,Eternal Flame,Bangles,English,
8168,Eternal Flame,Atomic Kitten,English,
17617,Eternal Love,Stephanie Mills,English,
3108,Eternally,Victor Wood,English,
9467,Eternally,Mark Bautista,English,
7838,Eto Na,Paolo Santos,English,
9342,Eto Na Ang Summer,Callalily,Filipino,
15715,Eto Na Naman,Gary Valenciano Evacuate The Dance Floor 11144 Cascada,Filipino,
1560,Even If,Jam Morales,English,
8909,Even If,Sam Concepcion,English,
19298,Even Now,Barry Manilow Every Little Thing He,English,
6929,Even The Nights Are Better,Air Supply,English,
16322,Evenflow,Pearl Jam,English,
17313,Ever The Same,Rob Thomas,English,
0681,Evergreen,Barbara Streisand,English,
6716,Evergreen,Westlife,English,
3826,Evergreen Tree,Cliff Richard,English,
5142,Everlasting Love,The Company,English,
6790,Everly Brothers Medley,E.Brothers,English,
9676,Eversince,Zsa Zsa Padilla,English,
8530,Eversince The World Begun,Survivor,English,
15184,Every Beat Of My Heart,Chris Rea,English,
0410,Every Breath You Take,The Police,English,
16422,Every Little Thing,Dishwalla,English,
15107,Every Little Thing He...,M.Y.M.P.,English,
3110,Every Little Thing She...,The Police,English,
11271,Every Mile A Memory,Dierks Bentley,English,
8285,Every Now And Then,"Earth, Wind And Fire",English,
17365,Every Other Time,LFO,English,
8270,Every Rose Has Its,Poison,English,
9900,Every Time You Turn Around,Daughtry,English,
3112,Every Woman In The World,Air Supply,English,
1004,Everybody,Madonna,English,
11308,Everybody,Keith Urban,English,
15826,Everybody,Shinee,English,
7306,Everybody,Back Street Boys,English,
8154,Everybody Dance Now,C&C Music Factory,English,
17431,Everybody Get Up,Five,English,
15188,Everybody Hurts,David Archuleta,English,
17317,Everybody Knows,John Legend Everyday Is A,English,
9141,Everybody Loves Somebody...,Dean Martin,English,
6410,Everybody Plays A Fool,Aaron Neville,English,
11940,Everybody Talks,Neon Trees,English,
0539,Everybody WantsTo Rule...,Tears For Fears,English,
15994,Everybody's Changing,Keane,English,
3113,Everybody's Everything,Carlos Santana,English,
8052,Everybody's Fool,Evanescence,English,
3415,Everybody's Talkin',Harry Nilson,English,
1483,Everyday,Agot Isidro,English,
16984,Everyday,Buddy Holly Everyday Is A,English,
6861,Everyday,Bon Jovi,English,
9142,Everyday,Renz Verano,English,
15482,Everyday Fun (Power Rangers..),Steven Skyler and Erika Fong,English,
15876,Everything,Lifehouse,English,
8602,Everything,Michael Buble,English,
15598,Everything About You,One Direction,English,
0518,Everything Counts,Depeche Mode,English,
9778,Everything I Own,Gian Magdangal,English,
16477,Everything Takes Time,Hazel Faith Dela Cruz,English,
15673,Everything To Me,Shane Filan,English,
8394,Everything You Do,Christian Bautista,Filipino,
7325,Everything You Want,Vertical Horizon,English,
11433,Everytime,Frencheska Farr,English,
17618,Everytime,Janet Jackson,English,
5488,Everytime,A1,English,
7681,Everytime,Britney Spears,English,
5359,Everytime I Close My Eyes,Babyface,English,
1561,Everytime I See You,Fra Lippo Lippi,English,
11090,Everytime We Touch,Cascada,English,
6862,Everywhere,Michelle Branch,English,
11896,Everywhere Everything,This Century,English,
15426,Everywhere You Go,Taxi Ride,English,
3114,Eveytime You Go Away,Paul Young,English,
15979,Evidence,2AM Club,English,
17619,Evidence,Urbandub,Filipino,
7327,Ewan,Apo Hiking,Filipino,
8836,Ewan,Imago,Filipino,
15337,Ewan Ko,Soapdish,English,
17338,Ex's & Oh's,Elle King,English,
17408,Exchange,Bryson Tiller,English,
11904,Exchange Of Hearts,David Slater,English,
15787,Excuse Me,Junior,English,
3417,Exhale (Shoop Shoop Song),Whitney Houston,Filipino,
3116,Exodus,Bob Marley,English,
13772,Expialidocious,Mary Poppins,English,
17747,Explode,Patrick Stump,English,
1005,Explosion,Menudo,English,
11522,Express Highway,Bloomfields,English,
17264,Express Yourself,Madonna,English,
17433,Extraordinary,Mandy Moore,English,
1484,Eye In The Sky,Alan Parsons Project,English,
0805,Eye Of The Tiger,Survivor,English,
15514,Eye-bol,Sushi,English,
6863,Eyes On Me,Ff8 Theme Song,English,
11937,Eyes Open,Taylor Swift,English,
17578,Eyes Shut,Years And Years,English,
17827,Eyes Wide Open,Gotye,English,
11532,Eyes Wide Shut,Jls Ft Tinie Tempah,English,
0317,F.L.A.M.E.S.,Jeffrey Hidalgo,English,
8383,F.U.,Bamboo,Filipino,
11215,Face Down,The Red Jumpsuit,English,
17515,Face In The Woods,Urbandub,Filipino,
7307,Face To Face,Peter Paul & Mary,English,
9000,Fade,Orange And Lemons,Filipino,
11947,Faded,Tyga ft Lil Wayne,English,
3427,Fading Like A Flower,Roxette,English,
7870,Faint,Linkin Park,English,
6793,Fairshare,Ogie Alcasid,Filipino,
9769,Fairytale,Alexander Rybak,English,
9962,Fairytale Of New York,The Pogues,English,
0862,Faith,George Michael,English,
16372,Faith,Jordin Sparks,English,
7839,Faith In Me,Mandy Moore,English,
0466,Faithful,Go West,English,
15197,Faithfully,Boyce Avenue,English,
3420,Faithfully,Journey,English,
15573,Fake Lullabies,Callalily,Filipino,
8671,"Fake, Fake, Fake",Milyo Naryo,English,
11259,Fall,Clay Walker,English,
11290,Fall,Kimberley Locke,English,
16479,Fall,Jed Madela If You Ever Change,English,
17828,Fall Apart,Every Avenue,English,
17251,Fall Down,Will.i.am ft Miley Cyrus,English,
15877,Fall For You,Shanice,English,
17183,Fall For Your Type,Drake,English,
7841,Fall On Me,Moonstar 88,Filipino,
8494,Fall To Pieces,Avril Lavigne,English,
1486,Fallen,Lauren Wood,English,
15734,Fallen,Marion Aunor,English,
8149,Fallen,Janno Gibbs,English,
11489,Fallin',Sarah Geronimo,Filipino,
17197,Fallin' Out,Keyshia Cole,English,
9580,Falling Away,Miguel Escueta,English,
13648,Falling Down,Unknown,English,
15350,Falling For You,JayR & Marie Digby,English,
15456,Falling In Love,Six Part Invention,English,
15843,Falling In Love,2NE1,English,
17435,Falling In Love Again,Eagle Eye Cherry,English,
11322,Falling In Love At A...,Landon Pigg,English,
15708,Falling Stars,England Dan & John Ford,English,
17366,Falls Apart,Sugar Ray,English,
7294,Fame,Irene Cara,English,
0729,Fame And Fortune,Elvis Presley,English,
7842,Family Affair,Mary J. Blige,English,
8557,Famous Last Words,My Chemical Romance,English,
16241,Fancy,Iggy Azalea ft. Charli,English,
7303,Fantasy,"Earth, Wind, Fire",English,
16418,Far Behind,Candlebox,English,
17436,Far From Home,Five Finger Death Punch,English,
17829,Farewell,Rihanna,English,
6975,Farewell,Raymond Lauchengco,English,
17620,Farewell To You,White Lion,English,
1345,Farmer In The Dell,Kevin Crate,English,
15161,Fascination,Nat King Cole,English,
11347,Fashion,Lady Gaga,English,
5791,Fast Car,Tracy Chapman,English,
13593,Fat Sausages Sizzling,Kid Songs,English,
13594,Father Abraham,Nursery Rhymes,English,
0243,Father And Son,Cat Stevens,English,
4312,Father And Son,Boyzone,English,
11038,Fearless,Taylor Swift,English,
11293,February Song,Josh Groban,English,
16852,Fed Up,Talata,English,
13595,Fee Fie Foe Fum,Nursery Rhymes,English,
7490,Feel,Robbie Williams,English,
15206,Feel Again,One Republic,English,
8233,Feel Good Inc.,Gorillaz,English,
0225,Feel Like Making Love,Roberta Flack,English,
11971,Feel So Close,Calvin Harris,English,
15369,Feel This Moment,Pitbull,English,
11887,Feeling A Moment,Feeder,English,
0949,Feeling All Right,Joe Cocker,English,
15712,Feeling Good,Michael Buble,English,
8978,Feeling Lang,Agressive Audio,English,
15938,Feelingero,Isabelle De Leon,English,
17124,Feelings,Up Dharma Down,English,
2563,Feelings,Morris Albert,English,
16859,Feels Like,Yeng Constantino,Filipino,
16061,Feels Like Heaven,Fiction Factory,English,
6065,Feliz Navidad,Jose Feliciano,English,
17781,Felt Good On My Lips,Tim McGraw,English,
3117,Fernando,Abba,English,
17532,Ferris Wheel,Yeng Constantino,Filipino,
16875,Fetty Wap ft Remy Boyz 68 Dr. Sixto Avenue,Eraserheads,Filipino,
47022,Fetty Wap ft. Remy Boyz Better When I'm Dancin',Meghan Trainor,English,
1006,Fever,Elvis Presley,English,
3118,Fields Of Gold,Sting,English,
15261,Fiesta,6 Cyclemind,English,
11360,Fifteen,Taylor Swift,English,
11341,Fight For This Love,Cherl Cole,English,
16410,Fight Night,90 Migos,English,
17328,Fight Song,Rachel Platten,English,
8219,Fighter,Christina Aguilera,English,
15713,Fill Her,Eraserheads,Filipino,
7960,Fill Me In,Craig David,English,
0919,Final Countdown,Europe,English,
8171,Final Distance,Utada Hikaru,English,
16796,Finally,Toni Gonzaga,English,
17437,Finally,Cece Peniston,English,
15878,Finally Found You,Enrique Iglesias Feat.Sammy,English,
15789,Find Me,David Gates,English,
17072,Find Me,Laura Branigan,English,
7871,Find My Way Back,Michelle Branch,English,
9677,Find The Child Hiding In You,Gino Padilla,English,
11337,Find Your Love,Drake,English,
0642,Finding Out The Hard Way,Cynthia Rhodes,English,
17830,Fine By Me,Andy Grammer,English,
16765,Fingerprints,Katy Perry,English,
17749,Finna Get Loose,Puff Daddy and The,English,
11637,Fire,Solenn Heussaff,English,
9800,Fire,2NE1,English,
2883,Fire & Rain,James Taylor,English,
16838,Fire And Ice,Pat Benatar,English,
9543,Fire And Ice,Poison,English,
11357,Fire Burning,Sean Kingston,English,
17065,Fire It Up,Joe Cocker,English,
17438,Fire on the Water,Chris De Burgh,English,
11356,Fire With Fire,Scissor Sisters,English,
11140,Fireflies,Owl City,English,
11273,Fireflies,Faith Hill,English,
17831,Firefly,Kitchie Nadal First Love Never Dies,Filipino,
9678,Firewoman,Hungry Young Poets,English,
11383,Firework,Katy Perry,English,
17439,First Cut is the Deepest,Rod Stewart,English,
17440,First Dance,Justin Bieber ft Usher,English,
9041,First Day Funk,Parokya Ni Edgar,Filipino,
1753,First Kiss,Nina,Filipino,
1253,First Love,The Seekers,English,
15392,First Love,Seals And Crofts,English,
8044,First Love,Utada Hikaru,English,
11658,First Love Never Dies,White Lies,English,
15229,First Love Never Dies,Eugene Wilde & Joanna Gardner,English,
16932,First Love Never Dies,Jerry Fuller,English,
9144,First Love Never Dies,Boyfriends,English,
0549,First Of May,Bee Gees,English,
8488,First Of Summer,Urbandub,Filipino,
0727,First Time,Styx,English,
16062,First Time,Robin Beck,English,
16185,First True Love,Kolohe Kai,English,
13596,Five Currant Buns,Unknown,English,
3831,Five Hundred Miles,Peter Paul & Mary,English,
13751,Five Little Ducks,Kid Songs,English,
13752,Five Little Monkeys,Kid Songs,English,
13753,Five Little Snowmen,Nursery Rhymes !! Kids Songs Five Little,English,
15186,Fix You,Coldplay,English,
1348,Fixing A Broken Heart,Indescent Obsession,English,
3425,Fixing A Hole,The Beatles,English,
9944,Flash (Flash Gordon Theme),Queen,English,
2685,Flash Dance (What A Feelin),Irene Cara,English,
16930,Flashlight,Ellie Goulding,English,
16939,Flashlight,Jessie J.,English,
17832,Flaws,Bastille,English,
17104,Flex,Rich Homie Quan,English,
17713,Flight,Lifehouse,English,
13637,Flowers In My Mind,Nursery Rhyme,English,
11847,Fly,Nicki Minaj ft. Rihanna,English,
17624,Fly,Sugar Ray ft Supercat,English,
11665,Fly Away,Lenny Kravitz,English,
17833,Fly Away,Blaze N Kane ft Pow,English,
4458,Fly Away,John Denver,English,
7918,Fly Butterfly Fly,Kids Song,English,
4459,Fly Like An Eagle,Steve Miller Band,English,
2565,Fly Me To The Moon,Brenda Lee,English,
17834,Fly Over States,Jason Aldean,English,
11468,Fly With Me,Duncan Ramos,English,
11734,Fly With Me,Jonas Brothers,English,
4977,Flying Without Wings,Westlife,English,
17283,Focus,Ariana Grande,English,
47027,Focus,Ariana Grande,English,
6745,Follow Me,John Denver,English,
9042,Follow The Leader,Soca Boys,English,
9635,Follow Your Dreams,Sheryn Regis,English,
17367,Follow Your Road,Pauline Wilson,English,
7261,Fool Again,Westlife,English,
17625,Fool In Love,Jim Photoglo,English,
4460,Fool's Parade,Tom Petty,English,
17220,Foolin' Around,Usher,English,
2742,Foolish Beat,Debbie Gibson,English,
9146,Foolish Games,Jewel,English,
0226,Foolish Heart,Steve Perry,English,
11242,Foolish Heart,Nina,Filipino,
16186,Fools Rush In,Frank Sinatra,English,
7491,Fools Rush In,Rick Nelson,English,
0669,Footloose,Kenny Loggins,English,
19721,For All Of My Life,MYMP,English,
9679,For All Of My Life,MYMP,English,
0501,For All We Know,Carpenters,English,
4941,For Baby,John Denver,English,
0996,For Better Or Worst,Debbie Gibson,English,
4461,For Every Man A Woman,Frank Sinatra,English,
15525,For Everything,Julie Anne San Jose,Filipino,
17626,For Everything I Am,Christian Bautista,Filipino,
15259,For Just A Moment,David Foster,English,
3121,For Mama,Matt Monroe,English,
4462,For Me And My Gal,Traditional,English,
0863,For My Lady,Moody Blues,English,
0865,For Once In My Life,Tony Bennet,English,
17627,For Once In My Life,Vonda Shepard,English,
3334,For The Benefit Of Mr. Kite,The Beatles,English,
0331,For The First Time,Kenny Loggins,English,
11450,For The First Time,The Script,English,
17194,For The First Time,John Legend,English,
0864,For The Peace Of All Mankind,Albert Hammond,English,
16995,For The Rest Of My Life,Side A,Filipino,
7492,For The Rest Of My Life,Louie Heredia,English,
13674,For Two,A Frog He Would A,English,
13638,For Want Of A Nail,Kid Songs,English,
1007,For You,Takahashi Mariko,English,
15724,For You,Kenny Lattimore,English,
8611,For You,The Calling,English,
0332,For You I Will,Monica,English,
6561,For Your Babies,Simply Red,English,
15265,For Your Entertainment,Adam Lambert,English,
2957,For Your Eyes Only,Sheena Easton,English,
16750,For Your Love,Peaches And Herb,English,
2974,For Your Love,Ed Townsend,English,
8367,Forbidden Love,Madonna,English,
16455,Foreign,Trey Songz,English,
11659,Forever,Damage,English,
15152,Forever,Martin Nievera And Regine,Filipino,
1543,Forever,Rex Smith,English,
17628,Forever,Vertical Horizon,English,
9533,Forever,Kenny Loggins,English,
11455,Forever And A Day,Kelly Rowland ft David Guetta,English,
8362,Forever And A Day,Michael Learns To Rock,English,
6112,Forever As One,Vengaboys,English,
6976,Forever Blue,Cacai Velasquez,English,
7073,Forever Is Not Enough,Sarah Geronimo,Filipino,
1429,Forever More,Chris De Burgh,English,
1565,Forever Young,Alphaville,English,
11795,Forevermore,Side A,Filipino,
17835,Forevermore,After Image,English,
9043,Forevermore,Regine Velasquez,Filipino,
17836,Forget Domani,Frank Sinatra,English,
11563,Forget You,Cee Lo Green,English,
17868,Forgive Forget,Caligola,English,
6746,Forgiven Not Forgotten,The Corrs,English,
17253,Fortune Teller,Maroon 5,English,
13639,Found A Peanut,Unknown,English,
17314,Found Out About You,Gin Blossoms,English,
16783,Four Five Seconds,Rihanna And Kanye West,English,
8881,Four In The Morning,Gwen Stefani,English,
9289,Four Minutes,Madonna Ft. Justin,English,
3833,Four Strong Winds,Neil Young,English,
3431,Fragile,Sting,English,
15758,Frailty,Urbandub,Filipino,
5240,Fraulein,Victor Wood,English,
6524,Freak On A Leash,Korn,English,
16122,Free,Kidwolf x BV,English,
6977,Free,Lighthouse Family,English,
9738,Free,Jed Madela,English,
7493,Free Again,Jack Jones,English,
3123,Free As A Bird,The Beatles,English,
7920,Free Love,Depeche Mode,English,
47028,Freedom,Pitbull,English,
17441,Freeze,T-Pain ft Chris Brown,English,
13693,Freight Train,Nursery Rhymes,English,
11614,Friday,Rebbeca Black,English,
8271,Friday I'm In Love,The Cure,English,
17837,Friday Night,Eric Paslay,English,
7494,Friend,Mike Francis,English,
1487,Friend Of Mine,Odette Quesada,English,
16192,Friend Zone,Isabelle De Leon,English,
1540,Friends,Nonoy Zuniga,English,
16300,Friends,Francis M,English,
17520,Friends And Lovers,Gloria Loring And Carl,English,
17838,Friends In Low Places,Garth Brooks,English,
16301,Friends Lang Tayo,Grin Department,English,
8786,Friendster,Moonstar 88,Filipino,
1697,From A Distance,Bette Midler,English,
16182,From Me,Frank Sinatra,English,
0348,From Russia With Love,Frank Sinatra,English,
6931,From The Bottom Of,Britney Spears,English,
15880,From The Candy Store...,Tony Bennet,English,
8195,From The Start,Rachelle Ann Go,English,
4289,From This Moment,Shania Twain,English,
0022,Frosty The Snowman,Christmas Song,English,
13503,Frosty The Snowman,Christmas Song,English,
5362,Frozen,Madonna,English,
16123,Frozen Medley,Frozen OST,English,
17255,Fruitcake,Eraserheads,Filipino,
9680,Full Of Love,Ella Mae Saison,English,
0829,Fun Fun Fun,Beach Boys,English,
13694,Funiculi Funicula,Kid Songs,English,
17256,Funky Love,Kavana,English,
0571,Funky Town,Lipps Inc.,English,
5960,Funny Familiar,Tom Jones,English,
13695,Fuzzy Wuzzy,Kid Songs,English,
9588,Fx,Pedicab,English,
16134,G.U.Y.,Lady Gaga,English,
11180,Gaan,Archipelago,English,
1157,Gaano Kadalas Ang Minsan,Basil Valdez,Filipino,
6066,Gaano Kita Kamahal,Pilita Corales,Filipino,
0094,Gaano Ko Ikaw Kamahal,Celeste Legaspi Gaano Ko Ikaw Kamahal 11639 Itchyworms,Filipino,
11052,Gabay,Callalily,Filipino,
15639,Gabay,Siakol,Filipino,
0493,Gabay Mo Ako,Rey Valera,Filipino,
1459,Gabing Payapa,Traditional,English,
9480,Gagambino,Dennis Trillo,English,
16317,Galaxies,Owl City,English,
11069,Galing Ng Pinoy,Yeng Constantino,Filipino,
16793,Galit Sa Mundo,Teeth,English,
1613,Gambler,David Benoit,English,
9147,Game Face,Jay R,English,
7961,Game Of Love,Santana,English,
16124,Gamu-Gamo,Pupil,Filipino,
15066,Gangnam Style,Psy,English,
48988,Gangnam Style,Psy,English,
4262,Gangsta's Paradise,Coolio,English,
15720,Ganyan Ako,Jeremiah,Filipino,
9148,Ganyan Ka Lang Ok,J Brothers,English,
5363,Ganyan Pala Ang Magmahal,Unknown,Filipino,
17276,Ganyan Talaga,Janella Salvador Gawing Langit Ang,Filipino,
0111,Ganyan Talaga Ang Pag-Ibig,April Boy Regino,Filipino,
8235,Gasolina,Daddy Yankee,English,
7106,Gaya Ng Dati,Gary V.,Filipino,
15145,Gayuma,Abra Ft Thyro & Jeriko Aguilar,English,
16878,GDFR,Flo Rida Sage The,English,
8248,Gemini,Spongecola,English,
6978,Genie In A Bottle,Christina Aguilera,English,
15371,Gentleman,Psy,English,
0442,Georgia On My Mind,Ray Charles,English,
13696,Georgie Porgie,Ghost Chickens In,English,
8583,Georgy Porgy,Toto,English,
0421,Get Back,Beatles,English,
7381,Get Busy,Sean Paul,English,
4943,Get Down,Backstreet Boys,English,
7922,Get Down On It,Kool And The Gang,English,
17643,Get Down Tonight,KC & The Sunshine,English,
0668,Get Here,Oleta Adams,English,
11216,Get It Shawty,Lloyd,English,
16064,Get Lucky,Daft Punk,English,
8196,Get Me,MYMP,English,
17714,Get Me Right,Dashboard Confessional,English,
16164,Get Me Some Of That,Thomas Rett,English,
17715,Get Me Some Of That,Thomas Rett,English,
5143,Get On Your Feet,Gloria Estefan,English,
6933,Get Over You,Sophie Bextor,English,
8173,Get Right,Jennifer Lopez,English,
8514,Get The Party Started,Pink,English,
8368,Get Together,Madonna,English,
17452,Get Ugly,Jason Derulo Getting To Know,English,
11292,Gettin' You Home,Chris Young,English,
3129,Getting To Know Each Other,Gerard Kenny,English,
1370,Getting To Know You,The King And I,English,
3437,Ghost Busters,Ray Parker,English,
17629,Ghost in The Machine,B.o.B Girl Who Got,English,
9901,Ghost Of Me,Daughtry,English,
16861,Ghost Town,Adam Lambert,English,
16945,Ghosttown,Madonna,English,
8914,Gi Fingers,Bisrock,English,
8915,Gi Kumot Kumot,Bisrock,English,
11617,Gigil,Sheng Belmonte,English,
8673,Gihidlaw Na Intawon Ako,Max Surban,Filipino,
15592,Gilid,Moonstar 88,Filipino,
8184,Giling Giling,Tuesday,English,
17257,Giliw,Martin Nievera,Filipino,
6979,Giliw,Regine Velasquez,Filipino,
1430,Giliw Ko,Renz Verano,English,
2712,Gimme Gimme Gimme,Abba,English,
13698,Gingerbread Man,Unknown,English,
5583,Giniginaw Ako,Jessa Zaragosa,Filipino,
1221,Gintong Alaala,Marissa,English,
3130,Gintong Araw,Bing Rodrigo,English,
17316,Ginza,J Balvin,English,
8674,Gipangit Ko Ikaw,Visayan Song,Filipino,
1009,Girl,Immaculate,English,
16291,Girl,Beyonce,English,
16363,Girl,Beyonce,English,
5584,Girl,The Beatles,English,
11717,Girl Be Mine,Francis M.,English,
17043,Girl Crush,Little Big Town,English,
2568,Girl From Ipanema,Astrud Gilberto,English,
11918,Girl Gone Wild,Madonna,English,
17322,Girl Im Gonna Miss You,Milli Vanilli,English,
16405,Girl in a Country Song,Maddie and Tae,English,
5585,Girl In The Mirror,Britney Spears,English,
15051,Girl Of My Dreams,The Moffatts,English,
15881,Girl Of My Dreams,Jerry Vale,English,
15179,Girl on Fire,Alicia Keys,English,
5541,Girl On TV,"Lfo Girl, You're Always On... 15153 Gallery",English,
8581,Girlfriend,Avril Lavigne,English,
16213,Girls,The 1975,English,
16224,Girls Chase Boys,Ingrid Michealson,English,
1656,Girls Girls Girls,Elvis Presley,English,
4474,Girls Just Want To,Cyndi Lauper,English,
17772,Girlz,L2M,English,
15124,Gising Na,Rocksteddy,Filipino,
6747,Gising Na,Parokya Ni Edgar,Filipino,
16880,Gising Na Kaibigan,Asin,English,
17716,"Gising Na, O Kuya Ko",Coritha,English,
11832,Gisingin Ang Puso,Liezel Garcia,Filipino,
8505,Gitara,Parokya Ni Edgar,Filipino,
3304,Give A Little Bit,Supertramp,English,
17841,Give A Little More,Maroon 5,English,
17682,Give In To Me,Michael Jackson,English,
15669,Give It 2 U,Robin Thicke,English,
15121,Give It Away,Red Hot Chili Peppers,English,
9380,Give It To Me,Madonna,English,
6980,Give Love On Christmas..,Jackson 5,English,
1196,Give Me A Chance,Ric Segreto,English,
17717,Give Me A Reason,The Corrs,English,
6748,Give Me A Sign,Eddie Peregrina,English,
11842,Give Me All Your Luvin',Madonna ft. Nicki Minaj,English,
11799,Give Me Everything,Pitbull Ft Ne-Yo,English,
15454,Give Me Love,Ed Sheeran,English,
13699,Give Me Oil In My Lamp,Kid Songs,English,
9895,Give Me One Reason,Tracy Chapman,English,
0487,Give Me The Night,The Dawn,English,
1475,Give My Regards To...,Lisa Minelli,English,
0831,Give Peace A Chance,John Lennon,English,
11917,Give Your Heart A Break,Demi Lovato,English,
16840,Giyang,Razorback,English,
11852,Glad You Came,The Wanted,English,
17630,Glamorous,Fergie ft Ludacris,English,
17444,Glitter In The Air,Pink,English,
15933,Gloria,Laura Branigan,English,
17842,Glory,Common Ft. John Legend,English,
0844,Glory Days,Bruce Springsteen,English,
0215,Glory Of Love,Peter Cetera,English,
15822,Go All Night,Radiodriveby,English,
0705,Go Away Little Girl,Tony Bennet,English,
17631,Go Deep,Janet Jackson,English,
16919,Go Hard Or Go Home,Wiz Khalifa ft Iggy Azalea,English,
13700,Go In And Out The Window,Kid Songs,English,
15363,Go On Girl,Ne-Yo,English,
4476,Go Tell It On The Mountain,Traditional,English,
13574,Go The Distance,Michael Bolton,English,
8268,Go The Distance,Michael Bolton,English,
13640,Go To Sleep My Baby,Kid Songs,English,
3447,Go West,Pet Shop Boys,English,
17843,God Bless The Child,Shania Twain,English,
0159,God Bless USA,J. Ford,English,
11506,God Gave Me You,Bryan White,English,
17208,God Is A DJ,PINK,English,
7367,God Is Good,Don Moen,English,
11302,God Love Her,Toby Keith,English,
3131,God Only Knows,Beach Boys,English,
6205,God Rest Ye Merry..,Christmas Song,English,
17445,"God, Country And My Baby",Johnny Burnette,English,
2881,Goin' Out Of My Head,Frank Sinatra,English,
17718,Going Out Of My Head,Luther Vandross,English,
4479,Going To The Counrty,Steve Miller,English,
1010,Gold,Spandau Ballet,English,
17368,Gold Digger,Kanye West ft Jamie Foxx,English,
3441,Gold Dust Woman,Stevie Nicks,English,
13641,Golden Slumbers,Kid Songs,English,
13642,Goldilocks,Nursery Rhymes,English,
15709,Gone Too Far,England Dan & John Ford,English,
9893,Gone Too Soon,Michael Jackson,English,
15367,"Gone, Gone, Gone",Phillip Phillips,English,
17296,Gonna,Blake Shelton,English,
16751,Gonna B Good,Keith Urban,English,
8211,Gonna Get Your Love,Sister Sledge,English,
17138,Gonna Hurt,Maroon 5 This Time I Know,English,
15996,Good By Sunday,6 Cyclemind,English,
0422,Good Day Sunshine,Beatles,English,
1433,Good Enough,Cyndi Lauper,English,
11945,Good Feeling,Flo Rida,English,
17021,Good For You,Selena Gomez,English,
11941,Good Girl,Carrie Underwood,English,
0397,Good Golly Miss Molly,Little Richard,English,
16752,Good Kid,Kendrick Lamar,English,
16216,Good Kisser,Usher,English,
16281,Good Life,One Republic,English,
13643,Good Morning,Unknown,English,
3445,Good Morning,The Beatles,English,
17210,Good On You,Jason Aldean,English,
17020,Good Thing,Sage The Gemini ft,English,
15079,Good Time,Owl City Ft. Carley Rae,English,
3443,Good Times Bad Times,Led Zeppelin,English,
17521,Good To Be Alive,Meghan Trainor Good To Be Alive,English,
1011,Good To Be Back,Natalie Cole,English,
4203,Good Vibrations,The Beach Boys,English,
9150,Goodboy Ang Bait Mo..,Blakdyak,Filipino,
0015,Goodbye,Air Supply,English,
17447,Goodbye,Juana Goodbye's,English,
4308,Goodbye,Spice Girls,English,
8873,Goodbye Girl,Martin Nievera,Filipino,
1051,Goodbye Is Not Forever,Ella Mae Saison,English,
13755,Goodbye Song,Kid Songs,English,
1651,Goodbye To Love,The Carpenters,English,
15600,Goodbye To You,Patty Smyth,English,
7695,Goodbye To You,Michelle Branch,English,
2844,Goodbye Yellow Brick..,Elton John,English,
8396,Goodbye's Not Forever,Erik Santos,English,
1512,Goodnight Girl,Wet Wet Wet,English,
16168,Goodnight Kiss,Randy Houser,English,
4482,Goodnight Tonight,Wings,English,
13756,Goosey Goosey Gander,Nursery Rhymes,English,
15779,Gorilla,Bruno Mars,English,
0868,Got My Mind Set On You,George Harrison,English,
5241,Got To Believe In Magic,David Pomeranz,English,
0423,Got To Get You Into My Life,Beatles,English,
6935,Got To Have You,F4 (Jerry Yan),English,
11071,Gotta Be Somebody,Nickelback,English,
11876,Gotta Be Somebody,Nickelback,English,
11916,Gotta Be You,One Direction,English,
8958,Gotta Go My Own Way,Nikki Gil,English,
17859,Gotten,Adam Levine ft. Slash,English,
16893,Govinda,Kula Shaker,English,
8578,Grabe,Craeons,English,
9483,Grace,Kitchie Nadal,Filipino,
0867,Graduation Tears,Chelsea Khan,English,
9739,Grateful,Julianne,English,
9926,Greased Lightnin',Grease Movie Ost,English,
0443,Great Balls Of Fire,Jerry Lee Lewis,English,
13757,Great Green Gobs,Nursery Rhyme,English,
17310,Great Is Thy Faithfulness,Jordan Smith,English,
2910,Great Pretender,The Platters,English,
3449,Greatest Love Of All,Whitney Houston,English,
0382,Green Green Grass Of..,Tom Jones,English,
13758,Greensleeves,Nursery Rhyme,English,
11476,Grenade,Bruno Mars,English,
11217,Grillz,Nelly ft Paul Wall,English,
0008,Groovin',Young Rascals,English,
1352,Groovy Kind Of Love,Phil Collins,English,
11487,Grow Old With You,Adam Sandler,English,
8068,Growing Up,Gary V.,Filipino,
15788,Growl,EXO,English,
6067,Guantanamera,Julio Iglesias,English,
17844,Guardian,Alanis Morissette,English,
8675,Gugma,Visayan Song,English,
17719,Gugma Ngano Man,Baby Liugan,English,
8806,Gugmang Giatay,Ambasador,English,
8676,Gugmang Nagpahilayo,Visayan Song,English,
7495,Guhit Ng Palad,Imelda Papin,Filipino,
9250,Guillotine,Urbandub,Filipino,
7702,Guilty,Blue,English,
9569,Guitar Adik,Manibela,English,
3451,Guitar Man,Bread,English,
9046,Gulong Ng Palad,Jerome Salas,Filipino,
9395,Gumising,Delara,English,
17449,Gupit,Toto Sorioso,English,
1122,Gusto Kita,Gino Padilla,English,
17676,Gusto Kita,Bailey May,English,
8069,Gusto Ko Ang Nota,Aleck Bovick,Filipino,
9815,Gusto Ko Lamang Sa Buhay,Itchyworms,Filipino,
9540,Gusto Na Kita,6 Cycle Mind,English,
16126,Gusto Na Kitang Makita,Session Road,Filipino,
4486,Guys And Dolls,Frank Sinatra,English,
15320,Gwiyomi,Hari,English,
11045,Gypsy,Shakira,English,
3454,Gypsy,Stevie Nicks,English,
9301,Habambuhay,Yeng Constantino,Filipino,
5961,Habang Atin Ang Gabi,South Border,Filipino,
11722,Habang Buhay,Bbs Ft Kean Cipriano,English,
11878,Habang Buhay,MJ Magno,English,
9152,Habang Buhay,Renz Verano,English,
6794,Habang Buhay Kitang...,Manilyn Reynes,English,
9151,Habang Buhay Ko,Eddie Peregrina,English,
17265,Habang Ikaw Ay Narito,Martin Nievera,Filipino,
1488,Habang May Buhay,After Image,English,
5876,Habang May Buhay,Traditional,English,
9153,Habang May Panahon,Imelda Papin,English,
5715,Habo Cong Itaram Na,Bicolano,English,
8979,Habo Habo,Missing Filemon,English,
16369,Habulan,The Dawn,English,
17632,Had Enough,Lifehouse ft Daughtry,English,
15236,Hagdan,Ron Henley ft Kat Agarrado,English,
1353,Hagkan,Sharon Cuneta,Filipino,
1296,Hahabol-Habol,Mabuhay Singers,English,
17569,HaHaHaHasula,Kurt Fick,English,
17086,Hahanap-Hanapin Ka,Rita Daniela,English,
3136,Hahanapin Ko,Anthony Castello,English,
17450,Haharanahin Kita,Mikey Bustos & David,English,
17633,Hain Ang Utlanan,Willy Garte,Filipino,
4945,Hain Ang Utlanan,Willie Garte,Filipino,
17857,Hair,Little Mix ft Sean Paul,English,
5144,Halaga,Parokya Ni Edgar,Filipino,
9154,Halata,Marco Sison,English,
16240,Half A Heart,One Direction Hanggang Kailan Kita,English,
7727,Half A World Away,Rem,English,
11025,Half Crazy,Freestyle,Filipino,
1645,Half Crazy,Johnny Gill,English,
11167,Half Of My Heart,John Mayer Ft Taylor Swift,English,
9988,Half The World Away,Oasis,English,
7382,Half-Life,Duncan Shiek,English,
17634,Halfway Around The World,A-teens,English,
11736,Halik,Kamikazee,Filipino,
7280,Halik,Aegis,Filipino,
9555,Halik Ni Hudas,Wolfgang,Filipino,
15241,Halika Na,1:43,Filipino,
16425,Halika Na,Maja Salvador ft.,Filipino,
16821,Halika Na,Siakol,Filipino,
15221,Hall Of Fame,The Script Feat. Will I. Am,English,
8210,Hallelujah,Bamboo,Filipino,
9757,Halo,Beyonce,English,
7873,Halukay Ube,Sexbomb Girls,English,
15869,Hamon Ng Buhay,Chito Miranda,Filipino,
16754,Hanap-Hanap,James Reid and Nadine,Filipino,
1012,Hand In My Pocket,Alanis Morissette,English,
13759,Hand Wash Song,Kid Songs,English,
9416,Handa,Miguel Escueta,English,
8837,Handang Maghintay,Nikki Gil,English,
3137,Handog,Florante,Filipino,
9614,Handog Ng Pilipino Sa..,Various Artists,Filipino,
17635,Hands,The Ting Tings,English,
9155,Hands,Jewel,English,
17636,Hands Clean,Alanis Morissette,English,
17522,Hands Down,Dashboard Confessional,English,
9683,Hands Of Time,Gino Padilla,English,
7901,Hands To Heaven,Christian Bautista,Filipino,
17765,Hands To Myself,Selena Gomez,English,
47029,Hands To Myself,Selena Gomez,English,
0224,Handyman,James Taylor,English,
17279,Hanep,Rouge Band Hanggang Wala Nang,English,
7925,Hanep Sexy,Joey De Leon,English,
5294,Hang On,Gary Valenciano,Filipino,
16368,Hang Out Lang,Duncan Ramos &,English,
6864,Hanggang,Wency Cornejo,English,
9591,Hanggang,Gerald Santos Hanggang Dito Na Lang 11467 Frio,English,
16413,Hanggang Kailan,Angeline Quinto,Filipino,
4947,Hanggang Kailan,Martin Nievera,Filipino,
8260,Hanggang Kailan,Orange And Lemons,Filipino,
9047,Hanggang Kailan,Sarah Geronimo,Filipino,
8249,Hanggang Langit,Martin Nievera,Filipino,
9048,Hanggang May Kailanman,Carol Banawa,English,
0131,Hanggang Ngayo'y,Jaya,English,
11861,Hanggang Ngayon,Bryan Termulo,English,
5916,Hanggang Ngayon,Ogie & Regine,Filipino,
6702,Hanggang Ngayon,Kyla,English,
7074,Hanggang Ngayon,Martin Nievera,Filipino,
8318,Hanggang Ngiti Na Lang,Ranier Castillo,English,
11856,Hanggang Sa Dako,Gilbert Golez,Filipino,
7772,Hanggang Sa Kailan,Martin Nieverra,English,
11009,Hanggang Sa Muli,Kenyo,English,
7813,"Hanggang Saan, Hanggang Kailan",Ogie Alcasid,Filipino,
9997,Hanggang Tingin,Kamikazee,Filipino,
15285,Hanggang Wakas,Juris Fernandez,English,
17523,Hangin' Tough,NKOTB,English,
8537,Hanging By A Moment,Lifehouse,English,
11475,Hanging Habagat,Champ,English,
11329,Hangover,Sugarfree,Filipino,
8792,Haplos,Shamrock,English,
17074,Happen,Pebbles,English,
16267,Happier This Way,Save Me Hollywood,English,
11792,Happy,Michael Jackson,English,
16019,Happy,Pharell Williams,English,
17845,Happy,Square Heads,English,
15393,Happy Birthday,Click Five,English,
16324,Happy Birthday,Roel Cortez,English,
15457,Happy Birthday Dear Heartache,Barbara Mandrell,English,
13532,Happy Birthday To You,Event Music Hark Hark The Dogs,English,
2651,Happy Birthday To You,Traditional,English,
17059,Happy Breakup Song,Donnalyn Bartolome,English,
9684,Happy Christmas,Noel Cabangon,English,
3457,Happy Christmas (War Is Over),John Lennon,English,
15102,Happy Man,Chicago,English,
2666,Happy New Year,Abba,English,
5145,"Happy,Happy Birthday",Beerhouse Gang,English,
16120,Harana,Eraserheads,Filipino,
3139,Harana,Parokya Ni Edgar,Filipino,
6564,Harana,Regine Velasquez,Filipino,
8677,Harana Ng Aswang,Big 3 Sullivans,Filipino,
8347,Harapin Ang Liwanag,The Dawn,Filipino,
9156,Harbor Lights,The Platters,English,
7909,Hard Habit To Break,Chicago,English,
3140,Hard Headed Woman,Elvis Presley,English,
3141,Hard To Believe,Eraserheads,Filipino,
8275,Hard To Handle,Black Crowes,English,
15702,Hard To Say,Dan Fogelberg,English,
2574,Hard To Say I'm Sorry,Chicago,English,
8119,Harder To Breathe,Maroon 5,English,
8150,Hari Ng Sablay,Sugar Free,Filipino,
16822,Hari Ng Sari Sari,Boneheads,Filipino,
11723,Hari Ng Tondo,Gloc9,Filipino,
11034,Harinawa,Hale,Filipino,
19727,Harinawa,Hale,Filipino,
8678,Haring Solomon,Sulivan,English,
0021,Hark The Herald Angels Sing,Christmas Song,English,
5027,Hasta Manana,Abba,English,
11016,Hatak,The Dawn,English,
8321,Hataw Na,Gary V.,Filipino,
15716,Hate,Rivermaya,Filipino,
9990,Hate That I Love You,Rihanna,English,
17721,Hatid Sundo,Gimme 5,English,
11472,Haunted,Taylor Swift,English,
15458,Haunted,Ely Buendia,English,
19737,Haunted,Taylor Swift,English,
9157,Have A Good Time,Jolina Magdangal,English,
0169,Have I Told You Lately,Rod Stewart,English,
17722,Have You Ever Been In Love,Celine Dion,English,
6936,Have You Ever Loved,S Club 7,English,
3142,Have You Ever Really Loved...,Bryan Adams,English,
7291,Have You Ever Seen The Rain,Ccr,English,
2967,Have Yourself A Merry Little...,Carpenters,English,
11091,Haven't Met You Yet,Michael Buble,English,
9791,Haven’t Stopped Loving You,Janno Gibbs,English,
11683,Having You Near Me,Air Supply,English,
2704,Hawaiian Wedding Song,Andy Williams,English,
8525,Hawak Kamay,Yeng Constantino,Filipino,
16802,Hawak Mo,Asin,English,
8989,Hawak Mo Aking Kamay,Mocha,English,
7496,Hawak Mo Ang Panahon,Basil Valdez,Filipino,
7603,Hawakan Mong Mabuti,Masculados,English,
11015,Hay Buhay,Sugarfree,Filipino,
9832,Hay Naku,Silent Sanctuary,Filipino,
9158,Hayaang Ibigin Lang Kita,Bing Rodrigo,English,
11929,Hayahay,Yes FM Jingle,English,
5717,Hayop Na Combo,Blakdyak,English,
15999,Hayop Sa Ganda,1:43,English,
5364,Hazard,Richard Marx,English,
2827,He Ain't Heavy He's My Brother,Hollies,English,
5412,He Knows You Know,Marillion,English,
9159,He Opens A Window,Ivy Violan,English,
7389,He Wasn't Man Enough,Toni Braxton,English,
15684,He Won't Go,Adelle,English,
16855,He's So Shy,The Pointer Sisters,English,
4362,Head Over Feet,Alanis Morissette,English,
0541,Head Over Heals,Tears For Fears,English,
11429,Head Over Heels,The Go Go's,English,
7328,Head To Toe,Lisa Lisa & ...,English,
9160,Heal Our Land,Jamie Rivera,English,
2748,Heal The World,Michael Jackson,English,
11839,Healing,Jed Madela,English,
11991,Healing,Deniece Williams,English,
15024,Hear,Moonpools And Caterpillar,English,
9417,Hear My Heart,Nikki Gil,English,
0970,Heart And Soul,Huey Lewis,English,
15599,Heart Attack,One Direction,English,
15928,Heart Attack,Demi Lovato,English,
5821,Heart Attack,Oliva Newton John,English,
17315,Heart By Heart,Demi Lovato,English,
4495,Heart Full Of Soul,The Yardbirds,English,
7209,Heart Of Glass,Blondie,English,
2720,Heart Of Gold,Neil Young,English,
0567,Heart Of Mine,Bobby Caldwell,English,
9049,Heart Of Mine,Janno Gibbs,English,
3462,Heart Shaped Box,Nirvana,English,
11786,Heart To Heart,Kenny Loggins And Michael,English,
16000,Heart To Heart,James Blunt,English,
9486,Heart To Heart,Kyla,English,
16259,Heart's On Fire,Passenger,English,
11827,Heartache,Justin Bieber,English,
0843,Heartache Tonight,Eagles,English,
4949,Heartache Tonight,Lani Misalucha,English,
16502,HeartBeat,The Fray,English,
16882,Heartbeat Song,Kelly Clarkson,English,
9586,Heartbreak,Six Part Invention,English,
15503,Heartbreak Girl,5 Seconds Of Summer,English,
0395,Heartbreak Hotel,Elvis Presley,English,
17369,Heartbreak Lullaby,A Teens,English,
9636,Heartbreak Song,Kim Chiu,English,
11362,Heartbreak Warfare,John Mayer,English,
11526,Hearts And I,Robbie Williams,English,
17060,Hearts Never Lie,Tiffany,English,
11065,Hearts On Fire,Hammer Fall,English,
16026,Heather's Prayer,Saydie,English,
1489,Heaven,Bryan Adams,English,
17259,Heaven,Psychedelic Furs Heaven Is A Place,English,
9162,Heaven,Nina,Filipino,
9367,Heaven,Warrant,English,
5586,Heaven By Your Side,A1,Filipino,
17723,Heaven In Your Eyes,Loverboy,English,
15341,Heaven Knows,Orange And Lemons,Filipino,
4344,Heaven Knows,Rick Price,English,
11218,Heaven Sent,Keyshia Cole,English,
9161,Heavenly,Anthony Castelo,English,
1672,Heavenly Angel,Menudo,English,
8234,Helena,My Chemical Romance,English,
17228,Hello,Adele,English,
4205,Hello,Lionel Richie,English,
47030,Hello,Adele,English,
7969,Hello Again,Neil Diamond,English,
16303,Hello Beautiful,Jonas Brothers,English,
2577,Hello Dolly,Louis Armstrong,English,
17623,Hello Friday,Flo Rida ft Jason Derulo,English,
13789,Hello Friend,Nursery Rhyme,English,
0813,Hello Goodbye,The Beatles,English,
13790,Hello Hello,Nursery Rhymes,English,
17474,Hello Hello Hello,Tanya Markova,English,
0394,Hello I Love You,Doors,English,
15394,Hello I Love You,Chicser,English,
6206,Hello It's Me,Todd Rundgren,English,
16178,Hello Kitty,Avril Lavign,English,
17533,Hello Love,Florence Warner,English,
0710,Hello Mary Lou,The Executives,English,
15342,Hello World,Sick But Not Tired,English,
15356,Hello World,Lady Antebellum,English,
15239,Help,John Farnham,English,
2964,Help,Beatles,English,
15519,Help Me Get Over You,Jonalyn Viray,English,
2578,Help Me Make It Through...,Kris Kristofferson,English,
1616,Help Yourself,Tom Jones,English,
9389,Hep Hep Hooray,Willie Revillame,Filipino,
11110,Her Diamonds,Rob Thomas,English,
17551,Here,Alessia Cara,English,
1170,Here And Now,Jose Mari Chan,Filipino,
3464,Here Comes Santa Claus,Various Artist,English,
7122,Here Comes The Hotstepper,Ini Kamoze,English,
17061,Here Comes The Rain,A1 Here Comes The,English,
1013,Here Comes The Rain Again,Eurythmics,English,
0424,Here Comes The Sun,Beatles,English,
5104,Here For You,Fire House,English,
4498,Here I Am,Air Supply,English,
19703,Here I Am Again,Rachelle Ann Go,English,
8402,Here I Am Again,Rachelle Ann Go,English,
0842,Here I Go Again,White Snake,English,
16505,Here In My Heart,Tiffany,English,
7450,Here In My Heart,Plus One,English,
5296,Here In My Life,Zsa Zsa Padilla,English,
17190,Here Is Gone,Goo Goo Dolls,English,
3002,Here There And Everywhere,The Beatles,English,
7730,Here Today Gone Tomorrow,Ray Conniff,English,
8388,Here Tonight,Hale,Filipino,
1491,Here We Are,Gloria Estefan,English,
6930,Here We Are,F4 (Ken Zu),English,
6413,Here We Are You & I,Jose Mari Chan,Filipino,
11384,Here We Go Again,Norah Jones And Ray,English,
13791,Here We Go Looby Loo,Kid Song Here We Go Round,English,
8374,Here Without You,3 Doors Down,English,
2821,Here You Come Again,Dolly Parton,English,
16187,Here's That Rainy Day,Frank Sinatra,English,
13762,Herman The Worm,Kid Songs He's Got The Whole,English,
11353,Hero,Nickelback,English,
1356,Hero,Mariah Carey,English,
5962,Hero,Enrique Iglesias,English,
9501,Hero,Miguel,English,
7053,Hero Of The Day,Metallica,English,
5963,Hesus,Aegis,Filipino,
5587,Heto Ako,Michael Laygo,Filipino,
9271,Heto Na,Concrete Sam,English,
0599,Heto Na Naman,Ryan Cayabyab,English,
1052,Heto Naman Ako,Miguel Vera,Filipino,
5964,Hey,Fatima Rainey,English,
7926,Hey,Julio Iglesias,English,
48993,Hey Baby (Drop It To The Floor),Pitbull ft T-Pain,English,
5297,Hey Boy,Judy Ann Santos,English,
15981,Hey Brother,Avicii,English,
11724,Hey Daydreamer,Somedaydream,English,
13547,Hey Diddle Diddle,Various,English,
3853,Hey Diddle Diddle,Various,English,
17248,Hey Everybody,5 Seconds Of Summer,English,
15039,Hey Hey Alodia,Segatron,English,
1053,Hey It's Me,Jamie Rivera,English,
16991,Hey Jay,Eraserheads,Filipino,
2579,Hey Jude,The Beatles,English,
3854,Hey Little Girl,Dee Clair,English,
8838,Hey Look At The Sun,Sitti,English,
8088,Hey Mama,Black Eyed Peas,English,
7687,Hey Sexy Lady,Shaggy,English,
9243,Hey There Delilah,Plain Wite T's,English,
4275,Hey Tonight,Ccr,English,
7809,Hey Ya,Outkast,English,
11181,"Hey, Soul Sister",Train,English,
9928,Hi-Ho Silver Lining,Jeff Beck,English,
8679,Hibok Hibok,Sullivan,English,
13763,"Hickety, Pickety",Kid's Songs,English,
13548,Hickory Dickory Dock,Various,English,
3856,Hickory Dickory Dock,Various,English,
8576,Hide And Seek,Hale,Filipino,
17242,Hide Away,Daya,English,
16352,Hideaway,Kiesza Hope You Get Lonely,English,
16133,Hiding Inside Myself,Kenny Rankin,English,
9907,Higante,Ely Buendia And Francis M.,English,
11092,High,James Blunt,English,
15611,High,Save Me Hollywood,English,
5105,High,Lighthouse Family,English,
8257,High,Speaks,English,
1629,High Hopes,Frank Sinatra,English,
15415,High School,Nicky Minaj,English,
1357,High School Life,Sharon Cuneta,Filipino,
11446,Higher,Taio Cruz ft Kylie Minogue,English,
11451,Higher,The Saturdays,English,
6981,Higher,Creed,English,
9579,Highway,Kitchie Nadal,Filipino,
15495,Highway Don't Care,Tim McGraw ft. Taylor Swift and,English,
9821,Highway Star,Deep Purple,English,
15578,Higit Sa Lahat Ay Tao,Freddie Aguilar,English,
9615,Higpit Ng Yakap,Patricia Javier,Filipino,
8680,Higugma,Visayan Song,English,
9164,Hikaw Ni Lolo,Lito Camo,Filipino,
11001,Hiling,Silent Sanctuary,Filipino,
15459,Hiling,Frio,English,
19752,Hiling,Frio,English,
8623,Hiling,Jay-R Siaboc,English,
8803,Hilot,Scrambled Eggs,English,
9494,Hilot,Jay-R Siaboc,English,
5965,Himala,Rivermaya,Filipino,
8812,Himala,Yeng Constantino &,Filipino,
17861,Himig,Fredie Aguilar,English,
17112,Himig Ng Pag-Ibig,Asin,Filipino,
9406,Himig Ng Pag-ibig,Yeng Constantino,Filipino,
1458,Himig Pasko,Apo Hiking Society,Filipino,
15717,Himig Pasko,Mabuhay Singers,English,
11992,Hinahanap Hanap Kita,Rivermaya,Filipino,
8046,Hinahanap Ng Puso,Gloc 9,Filipino,
6565,Hinahanap-Hanap Kita,Regine Velasquez,Filipino,
9050,Hindi Ako Bakla,Michael V.,Filipino,
0546,Hindi Ako Iiyak,The Flippers,Filipino,
11993,Hindi Ako Katulad Niya,Jeremiah,Filipino,
1216,Hindi Ako Laruan,Mimi Baylon,Filipino,
9594,Hindi Ako Susuko,Rivermaya,Filipino,
16262,Hindi Ka Nag-iisa,Yeng Constantino,Filipino,
0492,Hindi Kita Iiwan,Rey Valera,Filipino,
1274,Hindi Kita Malilimutan,Nonoy Zuniga,English,
5718,Hindi Kita Pwedeng Mahalin,Girl Talk,Filipino,
7600,Hindi Ko Akalain,Vst & Co.,English,
1197,Hindi Ko Kaya,Richard Reynoso,English,
16188,Hindi Ko Kaya,Geneva Cruz,English,
8409,Hindi Ko Kayang Iwan,Sheryn Regis,English,
9051,Hindi Ko Na Kayang...,Ogie Alcasid & Regine,Filipino,
9685,Hindi Lang Sana Sa Pangarap,Rachel Alejandro,English,
6566,Hindi Magbabago,Randy Santiago,English,
9870,Hindi Mo Ba Alam,Siakol,Filipino,
15284,Hindi Mo Nadinig,Gloc 9 ft. Jay Durias,Filipino,
11499,Hindi Na Bale,Bugoy Drilon,Filipino,
6844,Hindi Na Bale,Jessa Zaragoza,Filipino,
9578,Hindi Na Sana,Zelle,English,
9165,Hindi Pa Pala Ikaw,Pops Fernandez,Filipino,
8839,Hintay,Soapdish,English,
9766,Hintay,Callalily,Filipino,
15726,Hintayin,Kley,English,
5687,Hinumdumi,Visayan Song,English,
1715,Hip To Be Square,Huey Lewis,English,
16823,Hippy Hippy Shakes,Swinging Blue Jeans,English,
8467,Hips Don't Lie,Shakira,English,
7419,Hiram,Zsa Zsa Padilla,English,
9307,Hiram,Session Road,Filipino,
15286,Historia De Un Amor,Luis Miguel,English,
17454,History,One Direction,English,
47011,History,One Direction,English,
6750,Hit Me With Your Best Shot,Pat Benatar,English,
17221,Hit The Quan,iHeart Memphis,English,
6865,Hitchin' A Ride,Greenday,English,
11040,Hitik Sa Bunga,Brownman Revival,Filipino,
0117,Hiwaga Ng Pag-Ibig,Bing Rodrigo,Filipino,
15274,HKM,Callalily,Filipino,
15088,Ho Hey,The Lumineers,English,
13764,Hokey Pokey,Kid Songs,English,
16831,Hold Back The River,James Bay,English,
11536,Hold It Against Me,Britney Spears,English,
4502,Hold Me,Menudo,English,
15109,Hold Me In Your Arms,Southern Sons,English,
9052,Hold Me In Your Arms,Regine Velasquez,Filipino,
1230,Hold Me Once Again,Cristi Gatchalian,English,
2924,Hold Me Thrill Me,Johnny Mathis,English,
11494,Hold My Hand,Michael Jackson Ft,English,
17733,Hold My Hand,Jess Glynne,English,
11150,Hold On,Michael Buble,English,
16305,Hold On,Jonas Brothers How Could I Not Love,English,
8546,Hold On,Shamrock,English,
9686,Hold On,Side A,Filipino,
16364,Hold On Me,Christina Aguilera,English,
11721,Hold On Til The Night,Greyson Chance,English,
11761,Hold On To The Night,Richard Marx,English,
9286,Hold You Down,Jennifer Lopez Ft. Fat Joe,English,
0972,Holding Back The Years,Simply Red,English,
8531,Holding Out For A Hero,Bonnie Tyler,English,
8319,Hole In The Head,Sugababes,English,
0870,Holiday,Madonna,English,
8291,Hollaback Girl,Gwen Stefani,English,
11310,Holler Back,The Lost Trailers,English,
17380,Hollow,Tori Kelly,English,
11349,Hollywood,Marina And The Diamonds,English,
11351,Hollywood,Michael Buble,English,
11806,Hollywood,Jojo,English,
7383,Hollywood,Madonna,English,
15895,Holy Grail,Jay Z,English,
8884,Hombre,Sexbomb Girls,English,
15029,Home,Philip Philips,English,
17325,Home,One Direction,English,
17637,Home,Michael Buble,English,
19717,Home,Aiza Seguerra Huwag Ka Nang,Filipino,
8840,Home,Chris Daughtry,English,
9443,Home,Aiza Seguerra,Filipino,
13765,Home On The Range,Kid Songs,English,
11128,Homeless,Leona Lewis,English,
11681,Hometown Glory,Adele,English,
0407,Homeward Bound,Simon & Garfunkel,English,
6415,Honestly,Harem Scarem,English,
7210,Honesty,Billy Joel,English,
11900,Honey,Bobby Goldsboro,English,
6068,Honey Pie,The Beatles,English,
17232,"Honey, I'm Good",Andy Grammer,English,
0309,"Honey, My Love So Sweet",April Boys,English,
13701,Honeybees And Bears,Nursery Rhymes,English,
0441,Honky Tonk Women,The Rolling Stones,English,
3011,Hooked On A Feeling,BJ Thomas,English,
11835,Hope Is A River,Sean Kingston ft. BoB,English,
4206,Hope You're Feeling Better,Santana,English,
16745,Hopeful,Bars and Melody,English,
7927,Hopeless Romantic,The Company,English,
3146,Hopelessly Devoted,Olivia Newton John,English,
4507,Horny,Mousse T,English,
13691,Horse Fly,Unknown,English,
8952,Hot,Avril Lavign,English,
9429,Hot And Cold,Katy Perry,English,
7371,Hot Babes,Viva Hotbabes,English,
13702,Hot Cross Buns,Kid Songs,English,
11868,Hot In Herre,Nelly,English,
5394,Hot Legs,Rod Stewart,English,
8329,Hot Na Hot,Barako Boys,Filipino,
16412,Hot Nigga,Bobby Shmurda,English,
3858,Hot Stuff,Donna Summers,English,
2581,Hotel California,Eagles,English,
17184,Hotline Bling,Drake,English,
47012,Hotline Bling,Drake I Know What You Did,English,
11985,Houdini,Foster The People,English,
0832,Hound Dog,Elvis Presley,English,
0414,House Of The Rising,Animals,English,
17465,House Party,Sam Hunt,English,
11303,How 'Bout Them,George Strait,English,
0153,How Am I Supposed To Live...,Laura Branigan,English,
2848,How Am I Supposed To Live...,Michael Bolton,English,
0797,How Can I Be Sure,Unknown,English,
11813,How Can I Fall,Jed Madela,English,
6866,How Can I Fall,Breath,English,
8018,How Can I Forget You,Nexxus,English,
2654,How Can I Tell Her,Lobo,English,
0239,How Can I Tell You,Cat Stevens,English,
15409,How Can I Tell You,Lani Hall,English,
5245,How Can You Mend A Broken...,Bee Gees,English,
0338,How Could An Angel Break...,Toni Braxton,English,
11070,How Could I,Paraluman,English,
6416,How Could You Leave,Regine Velasquez,Filipino,
8145,How Could You Say You...,Sarah Geronimo,Filipino,
17552,How Deep Is Your Love,Calvin harris and Disciples,English,
2840,How Deep Is Your Love,Beegees,English,
7845,How Did I Fall In Love,Backstreet Boys,English,
1465,How Did You Know,Chiqui Pineda,English,
8048,How Did You Know,Gary V.,Filipino,
15934,How Do I Breathe,Mario,English,
16127,How Do I Deal,Jennifer Love Hewitt,English,
0339,How Do I Live,Trisha Yearwood,English,
4511,How Do You Do,Per Gessle,English,
11111,How Do You Sleep,Jesse McCartney feat.,English,
6113,How Do You Want Me To...,911,English,
0033,How High The Moon,Jerry Vale,English,
15930,How Long Will I Love,Ellie Goulding,English,
0345,How Many Hours,Michael Learns..,English,
4514,How Many People,Unknown,English,
1665,How Much Is That Doggie In...,Freddie Fender,English,
9166,How Soon,Matt Monroe,English,
0706,How Sweet It Is,James Taylor,English,
11818,How To Love,Lil Wayne,English,
8556,How To Save A Life,The Fray,English,
4515,How Was I To Know,Unknown,English,
4207,How Will I Know,Whitney Houston,English,
15468,How Ya Doin',Little Mix ft Missy Eliot,English,
0476,However Which Way,Introvoys,Filipino,
4951,Hudas Ka,Mae Rivera,English,
17524,Hula Hoop,OMI,English,
8615,Huling Hiling,Gagong Rapper,Filipino,
11974,Huling Pag-ibig,Circa,Filipino,
11994,Huling Sayaw,Kamikazee Feat. Kyla,Filipino,
6937,Hulog Ka Ng Langit,Lianne Loren,Filipino,
8959,Hulog Ng Langit,Sofia,Filipino,
0269,Human,Human League,English,
11112,Human,The Killers,English,
15926,Human,Christina Perri,English,
9531,Human,M.Y.M.P.,English,
7874,Human Nature,Kyla,English,
9993,Human Nature,Billy Crawford,English,
5490,Humanap Ka Ng Panget,Andrew E.,Filipino,
15612,Hummingbird,Seals And Croft,English,
15122,Hump De Bump,Red Hot Chili Peppers,English,
13703,Humpty Dumpty,Kid Songs,English,
8273,Hung Up,Madonna,English,
6385,Hungry Like A Wolf,Duran Duran,English,
7384,Hunter,Dido,English,
17095,Hurt,Timi Yuro,English,
8536,Hurt,Cristina Aguilera,English,
0589,Hurting Each Other,Carpenters,English,
5298,Hurting Inside,Foj,English,
13704,Hush A Bye Baby,Kid Songs,English,
11129,Hush Hush,Pussycat Dolls,English,
11049,Hush Hush; Hush Hush,Pussycat Dolls,English,
13705,Hush Little Baby,Kid Song,English,
4518,Hush Little Baby,Unknown,English,
9460,Huwag Ka Lang Magpapa..,Willie Revillame,Filipino,
9167,Huwag Ka Nang Lumuha,Bing Rodrigo,English,
5966,Huwag Ka Ng Babalik,Roselle,Filipino,
9251,Huwag Ka Ng Umiyak,True Faith,Filipino,
7775,Huwag Kang Lalayo,Aiza Seguerra,Filipino,
11201,Huwag Kang Matakot,Eraserheads,Filipino,
7109,Huwag Limutin,Keynotes Chorale Huwag Mo Na Munang... 11649 Sitti,Filipino,
17778,Huwag Mo,Rivermaya,Filipino,
9053,Huwag Mo Nang Itanong,M.Y.M.P.,English,
5590,Huwag Mo Ng Itanong,Eraserheads,Filipino,
9687,Huwag Mong Itatanong,Toni Daya,English,
1534,Huwag Na Lang Kaya,True Faith,Filipino,
5719,Huwag Naman,Nerrisa,English,
17696,Hymn For The Weekend,Coldplay,English,
8280,I Alone,Live,English,
8155,I Always Get Caught...,Dionne Warwick,English,
8164,I Am But A Small Voice,Leah Salongga,English,
11616,I Am The Best,2ne1,English,
13706,I Am The Music Man,Kid's Song,English,
4519,I Am What I Am,La Cage Aux Folles,English,
0707,I Am Woman,Helen Reddy,English,
15287,I Apologize,Timi Yuro,English,
15110,I Believe,Fantasia Barrino,English,
17638,I Believe,Darren Espanto,English,
5591,I Believe,Tom Jones,English,
9740,I Believe,Arnee Hidalgo,English,
8346,I Believe (Sassy Girl),Jimmy Bondoc,English,
4345,I Believe I Can Fly,R. Kelly,English,
1325,I Believe In Dreams,Janno Gibbs,English,
15796,I Believe In Love Again,Jason Farol,English,
8172,I Believe In The Thing...,The Darkness,English,
1124,I Believe In You,Don Williams,English,
15344,I Believe In You,Jed Madela,English,
15476,I Believe In You,Neil Young,English,
15882,I Believe In You,Gino Padilla,English,
8128,I Believe In You,Kylie Minogue,English,
9168,I Believe In You,Jessa Zaragosa,English,
9915,I Bet You Look Good On...,Arctic Monkeys,English,
16912,I Blame Myself,Sky Ferreira I Don't Believe In,English,
11113,I Call It Love,Lionel Richie,English,
5003,I Can,Donna Mikee Regine,Filipino,
0871,I Can Dream About You,Dan Hartman,English,
1015,I Can Love You Like,All-4-One,English,
0708,I Can See Clearly Now,Hothouse Flowers,English,
13707,I Can Sing A Rainbow,Nursery Rhymes I Do Like To Be,English,
16049,I Can Transform Ya,Chris Brown,English,
8375,I Can Wait Forever,Air Supply,English,
1700,I Can't Be With You,Cranberries,English,
15935,I Can't Believe My Eyes,Air Supply,English,
7921,I Can't Dance,Genesis,English,
5967,I Can't Find The Words,David Gates,English,
7497,I Can't Get Over You,Lionel Richie,English,
8512,I Can't Let Go,Air Supply,English,
17639,I Can't Lie,Maroon 5 Song Title Code Popularized By:,English,
9169,I Can't Live Without,Imelda Papin,English,
2582,I Can't Stop Lovin You,Ray Charles,English,
5592,I Can't Tell You Goodbye,Helen Reddy,English,
2830,I Can't Tell You Why,The Eagles,English,
8448,I Care,Rachel Ann Go,English,
15327,I Could Be The One,Avicii,English,
0689,I Could Easily Fall In,Cliff Richard,English,
0340,I Could Fall In Love With You,Selena,English,
0715,I Could Have Danced All Night,Paula Mesina,English,
9995,I Could Not Ask For,Edwin Mccain,English,
5823,I Cross My Heart,George Strait,English,
3472,I Dig Rock And Roll,Peter Paul And Mary,English,
5147,I Do,98 Degrees,English,
7846,I Do,Lisa Loeb,English,
2943,I Do I Do I Do,Abba,English,
6114,I Do Love You,Eddie Peregrina,English,
11114,I Do Not Hook Up,Kelly Clarkson,English,
11891,I Don't Care,Fall Out Boy,English,
9863,I Don't Care,2ne1,English,
16396,I Don't Dance,Lee Brice,English,
9949,I Don't Feel Like Dancing,Scissors Sisters,English,
11731,I Don't Have The Heart,James Ingram,English,
9833,I Don't Have The Heart,Kyla,English,
2808,I Don't Know How To...,Helen Reddy,English,
15883,I Don't Know Why You Love,Cotton Lloyd & Christian,English,
17187,I Don't Like It I Love It,Flo Rida ft. Robin Thicke,English,
2690,I Don't Like To Sleep Alone,Paul Anka,English,
1339,I Don't Mean A Thing,Sharon Cuneta,Filipino,
8146,I Don't Wanna Be Your..,Nina,Filipino,
3152,I Don't Wanna Go On...,Elton John,English,
17285,I Don't Wanna Go To Bed,Simple Plan ft Nelly,English,
8161,I Don't Wanna Lose You,The Spinners,English,
5443,I Don't Wanna Wait,Paula Cole,English,
5361,I Don't Want To,Toni Braxton,English,
11046,I Don't Want To Fall,Juris,English,
4523,I Don't Want To Miss A Thing,Aerosmith,English,
7300,I Don't Want To Spoil The..,The Beatles,English,
5593,I Don't Want You To Go,Lani Hall,English,
9809,I Don't Want You To Go,Kyla,English,
8317,I Dont Care,Ricky Martin,English,
7498,I Don’t Wanna Lose Your...,Roselle Nava,English,
9688,I Dream Of Christmas,Ariel Rivera,English,
17525,I Dreamed A Dream,Anne Hathaway,English,
4323,I Drive Myself Crazy,N'Sync,English,
11707,I Fall Over Again,Dan Hill,English,
16757,I Feel A Sin Comin' On,Pistol Annies,English,
2944,I Feel Fine,The Beatles,English,
5917,I Feel For You,Chaka Khan,English,
3473,I Feel Love,Donna Summer,English,
0709,I Feel The Earth Move,Carole King,English,
5751,I Finally Found Someone,Adams & Streisand,English,
17724,I Found A Girl,The Vamps ft OMI,English,
4524,I Found Someone,Michael Bolton,English,
15223,I Found You,The Wanted,English,
4208,I Get A Kick,Frank Sinatra,English,
3155,I Get Around,Beach Boys,English,
7629,I Give My Life To You,Praise Song,English,
0341,I Go Crazy,Barry Manilow,English,
15234,I Got A Boy,Girls Generation,English,
17311,I Got The Boy,Jana Kramer,English,
4526,I Got You,James,English,
17181,I Got You (I Feel Good),Daniel Padilla I Have To Say I Love,Filipino,
7451,I Got You Babe,Sonny & Cher,English,
2886,I Got You Under My Skin,Unknown,English,
5935,I Hab Hands,Max Surban,English,
13709,I Had A Little Hen,Unknown,English,
7928,I Hate Everything About You,Ugly Kid Joe,English,
2831,I Hate Myself For Loving You,Joan Jett,English,
3404,I Have A Dream,Abba,English,
0680,I Have Nothing,Whitney Houston,English,
8529,I Have You,Carpenters,English,
13725,I Hear Thunder,Kid's Song,English,
3157,I Heard It Through...,Marvin Gaye,English,
16299,I Heart You,Daniel Padilla,Filipino,
6115,I Honestly Love You,Olivia Newton John,English,
2589,I Just Called To Say I Love..,Stevie Wonder,English,
0170,I Just Can't Stop Loving You,Michael Jackson,English,
3366,I Just Can't Wait To Be..,Lion King Theme,English,
15288,I Just Cant Let Go,Ambrosia,English,
5880,I Just Didn't Know..,Nicky Holland,English,
2682,I Just Fall In Love Again,Anne Murray,English,
3158,I Kept On Loving You,R. Carpenter,English,
9383,I Kissed A Girl,Katy Perry,English,
4317,I Knew I Loved You,Savage Garden,English,
15142,I Knew You Were,Taylor Swift,English,
19702,I Know,Yasmien Kurdi If I Keep My Heart Out,English,
8251,I Know,Yasmien Kurdi,English,
9172,I Know,Tom Jones,English,
4528,I Know Him So Well,Whitney Houston,English,
5491,I Lay My Love On You,Westlife,English,
17077,I Learned From You,Miley Cyrus,English,
2787,I Left My Heart In San...,Frank Sinatra,English,
2583,I Like Chopin,Gazebo,English,
11340,I Like It,Enrique Iglesias ft Pitbull,English,
15331,I Like That,Before You Exit,English,
16879,I Like You,Geneva Cruz,English,
9985,I Like You So Much Better...,Ida Maria,English,
8026,I Live For Your Love,Natalie Cole,English,
6569,I Live My Life For You,Firehouse,English,
6568,I Live To Know You,Darlene Zscech,English,
4529,I Love A Rainy Night,Eddie Rabbit,English,
5444,I Love All The Way,Jannie Frickie,English,
2942,I Love How You Love Me,Paris Sisters,English,
15346,I Love It,Icona Pop,English,
8027,I Love Paris Every Moment,Frank Sinatra,English,
7075,I Love Rock 'N Roll,Britney Spears,English,
0004,I Love Rock And Roll,Joan Jett,English,
3163,I Love The Night Life,Alicia Bridge,English,
4326,I Love The Way You Love..,Boyzone,English,
11438,I Love You,Willie Revillame,Filipino,
11954,I Love You,2NE1,English,
15016,I Love You,Lovi Poe,English,
15884,I Love You,Morris Albert,English,
16469,I Love You,Climax Blues Band If You Don't Want To,English,
16826,I Love You,Nine Days,English,
17213,I Love You,Taylor Swift,English,
3869,I Love You,Celine Dion,English,
8796,I Love You 1 2 3,Mom's Cake,English,
6379,I Love You All The Way,Janie Frickie,English,
1569,I Love You And..,Jam Morales,English,
0035,I Love You For Sentimental...,Linda Ronstadt,English,
11330,I Love You Girl,Xlr8,English,
6570,I Love You Goodbye,Celine Dion,English,
9689,I Love You Goodbye,Nina,Filipino,
5969,I Love You Na Lang Sa Tago,Aegis,Filipino,
16067,I Love You This Big,Scotty Mcreery,English,
3870,"I Love You, You Love Me",Koreana,English,
6210,I Love Your Smile,Shanice,English,
11219,I Luv It,Young Jeezy,English,
0979,I Made It Through The Rain,Barry Manilow,English,
17757,I Miss Her,Jessie J.,English,
16827,I Miss You,Incubus,English,
9834,I Miss You So Much,Kyla,English,
1309,I Need To Be In Love,The Carpenters,English,
7691,I Need To Be Next To You,Leigh Nash,English,
0561,I Need You,America,English,
7680,I Need You,Leann Rimes,English,
8113,I Need You,3T,English,
1229,I Need You Back,R. Lauchengco,English,
11061,I Never Cry,Iya Villana,English,
5253,I Never Cry,Alice Cooper,English,
7499,I Never Dreamed Someone...,Cathy Irving,English,
16001,I Never Knew Love,Lovi Poe,English,
4530,I Never Loved A Man,Aretha Franklyn,English,
7983,I Never Loved You Anyway,Corrs,English,
0046,I Only Have Eyes For,Art Garfunkel,English,
2846,I Only Wanna Be With You,Dusty Springfield,English,
9930,I Predict A Riot,Kaiser Chiefs,English,
9173,I Promise You,Ogie Alcasid,Filipino,
2863,I Put A Spell On You,CCR,English,
2584,I Really Don't Want To Know,Elvis Presley,English,
16807,I Really Like You,Carly Rae Jepsen,English,
0537,I Remember The Boy,Joey Albert,English,
11393,I Remember The Girl,Christian Bautista,Filipino,
8028,I Remember You,Skidrow,English,
2771,I Saw Her Standing,The Beatles,English,
3483,I Saw Mommy Kissing...,Christmas Song,English,
3482,I Saw Three Chips,Christmas Song,English,
0873,I Second That Emotion,Smokey Robinson,English,
3161,I Shot The Sheriff,Bob Marley,English,
9932,I Should Be So Lucky,Kylie Minogue,English,
3003,I Should Have Known Better,Unknown,English,
2699,I Started A Joke,Bee Gees,English,
9575,I Stay In Love,Mariah Carey,English,
8364,I Still,Backstreet Boys,English,
5119,I Still Believe,Mariah Carey,English,
9616,I Still Believe In Love,Jaya,English,
8475,I Still Believe In Loving You,Sarah Geronimo,Filipino,
16128,I Still Believe In You,David Pomeranz,English,
4210,I Still Haven't Found What..,U2,English,
15182,I Surrender,Celine Dion,English,
0596,I Swear,All 4 One,English,
3165,I Thank You,Sam And Dave,English,
7500,I Think I Love You,Parridge Family,English,
8029,I Think I'm In Love,Piolo Pascual,English,
9637,I Think I'm In Love,Kuh Ledesma,English,
5148,I Think I'm In Love With You,Jessica Simpson,English,
11379,I Told You So,Randy Travis,English,
17743,I Took A Pill In Ibiza,Mike Posner,English,
17640,I Touch Myself,Divinyls,English,
6655,I Truly Love You,F4,English,
5799,I Turn To You,Cristina Aguilerra,English,
0872,I Understand,Herman's Hermit,English,
9954,I Wanna Be Adored,Stone Roses,English,
5149,I Wanna Be With You,Mandy Moore,English,
1363,I Wanna Be Your Lover,Cascades,English,
1668,I Wanna Dance,Mltr,English,
0271,I Wanna Do It With You,Barry Manilow,English,
11597,I Wanna Go,Britney Spears,English,
0406,I Wanna Hold Your Hand,Beatles,English,
15885,I Wanna Know,Joe,English,
9054,I Wanna Know What Love Is,Sarah Geronimo,Filipino,
9308,I Wanna Love You,Akon Ft. Snoop Dogg,Filipino,
7648,I Wanna Play Bey Blade,Sooper Babes,English,
17354,I Wanna Sex You Up,Color Me Bad,English,
11981,I Wanna Touch You,Drop Decay,English,
7211,I Wanna Wake Up With You,Boris Gardner,English,
15738,I Want,One Direction,English,
15641,I Want Crazy,Hunter Hayes,English,
7308,I Want It That Way,Backstreet Boys,English,
7372,I Want To Be More Like You,Eugene Greco,English,
0573,I Want To Break Free,Queen,English,
0005,I Want To Dance With..,Whitney Houston,English,
15886,I Want To Give,Perry Como,English,
1350,I Want To Give It All,Air Supply,English,
0874,I Want To Know What..,Foreigner,English,
11077,I Want To Know What..,Mariah Carey,English,
5301,I Want To Spend My...,Tina Arena And Mark Anthony,English,
3872,I Want To Walk You Home,Fats Domino,English,
0775,I Want You,Elvis Presly,English,
8031,I Want You,Savage Garden,English,
3167,I Want You Back,F. Perren,English,
7309,I Want You For My Self,Another Level,English,
5885,I Was Born To Love You,Eric Carmen,English,
8032,I Was Born To Make You,Britney Spears,English,
5446,I Was Looking For Someone,Leif Garret,English,
17526,I Was Only Joking,Rod Stewart,English,
2873,I Went To Your Wedding,Patti Page,English,
1421,I Whistle A Happy..,The King And I,English,
2905,I Who Have Nothing,Tom Jones,English,
17055,I Will,Ben Taylor,English,
2947,I Will,The Beatles,English,
11740,I Will Always Love You,Kenny Rogers,English,
3168,I Will Always Love You,Whitney Houston,English,
8852,I Will Always Love You,Rachelle Ann Go,English,
9617,I Will Be Here,Gary V.,Filipino,
0508,I Will Be Here For You,Michael W. Smith,English,
7618,I Will Be There,Kyla,English,
4536,I Will Be Waiting,Lisa Stansfield,English,
7373,I Will Bless The Lord,Daniel Gardner,English,
6389,I Will Carry Upon The Lord,K Corales,English,
0184,I Will Follow Him,Petula Clark,English,
9174,I Will Give My Love,Cristy Mendoza,English,
6581,I Will Love Again,Lara Fabian,English,
4273,I Will Survive,Gloria Gaynor,English,
9973,I Will Take You Forever,Christopher Cross,English,
15361,I Will Wait,Mumford & Sons,English,
17271,I Will Wait,Gracenote I Won't Last A Day,English,
15887,I Will Wait For You,Jack Jones,English,
15417,I Wish,One Direction,English,
0471,I Wish The Phone Would..,Expose,English,
15460,I Wish You Love,Victor Wood,English,
8904,I Wish You Love,Kyla,English,
11949,I Won't Give Up,Jason Mraz,English,
9309,I Won't Go Home Without..,Maroon 5,English,
1538,I Won't Hold You Back,Toto,English,
0065,I Won't Last A Day Without..,Carpenters,English,
16955,I Won't Let You Down,OK GO,English,
15156,I Won't Let You Go,James Morrison,English,
4538,I Won't Send Roses,Mack & Mabel,English,
17869,I Won't Tell A Soul,Charlie Puth,English,
15739,I Would,One Direction,English,
0343,I Wouldn't Be Here,Belinda Carlisle,English,
0415,I Write The Song,Barry Manilow,English,
0034,I'd Like To Teach The..,New Seekers,English,
2655,I'd Love You To Want Me,Lobo,English,
6480,I'd Rather,Luther Vandross,English,
9176,I'd Still Say Yes,Climax,English,
1469,I'll Always Love You,Michael Johnson,English,
15642,I'll Always Love You,Craig Ruhnke,English,
16499,I'll Always Love You,Taylor Dayne,English,
8841,I'll Be Alright,Sarah Geronimo,Filipino,
9618,I'll Be Around,Jed Madela,English,
4540,I'll Be Over You,Toto,English,
6685,I'll Be Saturday Night,Bon Jovi,English,
0264,I'll Be Seeing You,Barry Manilow,English,
15888,I'll Be Seeing You,Frank Sinatra,English,
15056,I'll Be The One,Trademark,English,
0875,I'll Be There,Michael Jackson,English,
11182,I'll Be There,Xlr8,English,
15001,I'll Be There,Julie Ann San Jose,Filipino,
4215,I'll Be There,Jackson 5,English,
5450,I'll Be There,Solid Harmonie,English,
6417,I'll Be There,Mariah Carey,English,
8614,I'll Be There,Escape Club,English,
9474,I'll Be There,Sarah Geronimo Feat.,Filipino,
1550,I'll Be There For You,Martin Nievera,Filipino,
4953,I'll Be There For You,The Moffatts,English,
8872,I'll Be There For You,Bon Jovi,English,
8365,I'll Be Yours Forever,Ogie Alcasid,Filipino,
15597,I'll Change My Mind,One Direction,English,
4954,I'll Do Anything For Love,Meatloaf,English,
1105,I'll Face Tomorrow,Marco Sison,English,
2948,I'll Follow The Sun,The Beatles,English,
1504,I'll Make Love To You,Boys Ii Men,English,
3875,I'll Meet You At Midnight,Smokie,English,
0347,I'll Never Break Your Heart,Backstreet Boys,English,
0672,I'll Never Fall In Love,Mary Carpenter,English,
6573,I'll Never Fall In Love Again,Matt Monroe,English,
0470,I'll Never Get Over You,Expose,English,
9781,I'll Never Get Over You,Karylle,English,
5822,I'll Never Go,Nexxus,English,
9059,I'll Never Go,Erik Santos,English,
0616,I'll Never Let You Go,Joanne Lorenzana,English,
0057,I'll Never Love This Way Again,Dionne Warwick,English,
9214,I'll Never Say Goodbye,Nonoy Zuniga,English,
15547,I'll Play For You,Seals And Croft,English,
5599,I'll Say Goodbye For The Two...,Expose,English,
17286,I'll Show You,Justin Bieber,English,
0697,I'll Stand By You,C. Taylor,English,
16997,I'll Still Be Loving You,Restless Heart,English,
0974,I'll Supply The Love,Toto,English,
15603,I'll Take Care Of You,Richard Poon,English,
0185,I'm A Believer,Neil Diamonds,English,
4216,I'm A Fool To Care,Ray Charles,English,
5970,I'm A Slave For You,Britney Spears,English,
15147,I'm Alive,Celine Dion,English,
6118,I'm All About You,Aaron Carter,English,
8204,I'm Already There,Lonestar,English,
0679,I'm Coming Home,Sentimental Collection,English,
15461,I'm Coming Home,Beeb Birtles & Graham Goble,English,
6418,I'm Every Woman,Witney Houston,English,
11221,I'm Feeling You,Carlos Santana Feat. Michelle,English,
16960,I'm Flying High,Rita Daniela I'm In love With A,English,
7602,I'm Going To Heaven,Nina,Filipino,
3876,I'm Gonna Be A Wheel,Fats Domino,English,
0337,I'm Gonna Be Around,Michael Learns..,English,
6574,I'm Gonna Come Back,Michael Learns To Rock,English,
6575,I'm Gonna Getcha Good,Shania Twain,English,
6419,I'm Gonna Make U Love Me,Supremes,English,
6420,I'm Gonna Miss You,Aaron Carter,English,
3877,I'm Happy Just To Dance With You,Beatles,English,
11222,I'm In Love With A Girl,Gavin DeGraw,English,
0736,I'm In The Mood,Ce Ce Peniston,English,
15962,I'm In The Mood For Dancing,The Nolans,English,
5533,I'm Like A Bird,Nelly Furtado,English,
2949,I'm Looking Through You,The Beatles,English,
6576,I'm Missing You,Meja,English,
9397,I'm Missing You,Bea Alonzo,English,
9891,I'm Never Gonna Give You Up,Frank Stallone And Cynthia,English,
1568,I'm Not A Fool Anymore,Freddie Fender,English,
5971,I'm Not A Girl Not Yet A Woman,Britney Spears,English,
0217,I'm Not In Love,10cc,English,
3560,I'm Not Saying A Word,Blues Brothers,English,
16383,I'm Not The Only One,Sam Smith,English,
0416,I'm On Fire,Bruce Springsteen,English,
15512,I'm Out,Ciara ft. Nicky Minaj,English,
6578,I'm Over You,Martin Mccutcheon,English,
16228,I'm Ready,AJR,English,
17872,I'm Ready,Tevin Campbell,English,
2990,I'm So Excited,Pointer Sisters,English,
0186,I'm Sorry,Brenda Lee,English,
16113,I'm Sorry,CNBLUE,English,
5492,I'm Sorry,Jamie Rivera,English,
7847,I'm Sorry,Moonstar 88,Filipino,
7930,I'm Sorry,Bituin Escalante,English,
11995,I'm Sorry My Love,Victor Wood,English,
3172,I'm Sorry My Love,Rockstar 2,English,
11279,I'm Still A Guy,Brad Paisley,English,
1650,I'm Still Not Over You,Richard Carpenter,English,
7394,I'm Still Remembering,The Cranberries,English,
2820,I'm Still Standing,Elton John & Bernie Taupin,English,
17245,I'm The Plug,Drake And Future,English,
17756,I'm Through With Love,Eric Carmen,English,
0478,I'm Too Sexy,Right Said Fred,English,
7964,I'm Walking,Fats Domino,English,
6577,I'm With You,Avril Lavigne,English,
5152,I'm Your Angel,Celine Dion,English,
4217,I'm Your Baby Tonight,Babyface,English,
9428,I'm Yours,Jason Mraz,English,
1690,I've Been Away,Oliver,English,
2585,I've Been Away Too,George Baker,English,
17180,I've Been In Love Before,Cutting Crew,English,
3181,I've Been Loving You,Isaac Hayes,English,
0283,I've Been Waitng For You,Guys Next Door,English,
8187,I've Fallen For You,Jamie Rivera,English,
1351,I've Got A Crush On You,Frank Sinatra,English,
13597,I've Got Joy Joy Joy,Unknown,English,
2921,I've Got The Music In Me,Kki Dee Band,English,
6580,I've Got You,Martin Mccutcheon,English,
5049,I've Got You Under My Skin,Cole Porter,English,
0077,I've Gotta Get A Message To You,Bee Gees,English,
6422,I've Just Seen A Face,The Beatles,English,
5071,I've Never Been To Me,Charlene,English,
8177,I-Shoot Mo,Sexballs,English,
16200,I. O. U.,Lee Greenwood,English,
11793,Iba Ka Na Pala Ngayon,Mike Luis,English,
7616,Iba Ka Sa Lahat,Roel Cortez,English,
0311,Ibang-Iba Ka Na,Renz Verano,English,
5447,Ibaon Mo,Selina Sevilla,English,
1265,Ibig Kong Magtapat,Unknown,English,
9511,Ibigay Mo Baby,Willie Revillame,Filipino,
5150,Ibigay Mo Na,Jessa Zaragosa,Filipino,
7212,Ibigin Mo Mahal,Sessionist,Filipino,
8945,Ibog Ibog,Mantequilla,English,
15889,Ibong Ligaw,Juana Cosme,English,
9175,Ibulong Mo Sa Hangin,Claire Dela Fuente,English,
7875,Ibulong Sa Hangin,Sarah Geronimo,Filipino,
0645,Ice Ice Baby,Vanilla Ice,English,
6211,Icicle,The Cranberries,English,
9853,Idlip,Imago,Filipino,
17867,Iduyan Mo,Basil Valdez,English,
2688,If,Bread,English,
5004,If,Nelson Del Castillo,English,
8295,If,Rivermaya,Filipino,
4549,If All The Raindrops,Traditional,English,
17661,If Ever I See You Again,Roberta Flack,English,
8033,If Ever You're In My,Peabo Bryson,English,
11093,If Everyone Cared,Nickelback,English,
8151,If I Ain't Got You,Alicia Keys,English,
8933,If I Believe,Jinky Vidal,English,
6571,If I Can Dream,Elvis Presley,English,
5425,If I Can't Have You,Bee Gees,English,
5303,If I Could,Jonathan Davis,English,
16065,If I Could Change Your Mind,Haim,English,
17860,If I Didn't Love You,Tina Arena,English,
3004,If I Fell,The Beatles,English,
11062,If I Give You My Heart,Toni Gonzaga,English,
6424,If I Had Hammer,Peter Paul & Mary,English,
17493,If I Have To,Avery Wilson,English,
16059,If I Just Believe,Erik Santos,English,
8624,If I Keep My Heart Out..,Nikki Gil,English,
4551,If I Let You Go,Backstreet Boys,English,
16758,If I Lose My Woman,Kenny Lattimore,English,
0876,If I Needed You,D. Williams,English,
5448,If I Never Sing Another Song,Matt Monro,English,
15462,If I Said You Had A...,Bellamy Brothers,English,
4552,If I Said You Have A..,Unknown,English,
9177,If I Should Love Again,Barry Manilow,English,
1579,If I Sing You A Love,Bonnie Tyler,English,
15891,If I Was The One,Ruff Endz,English,
17062,If I Was Your Man,Joe,English,
9979,If I Were A Boy,Beyonce Knowles,English,
17615,If I Were You,Tamia,English,
17075,If I'm Wrong,Lunar Lights,English,
4544,If It Makes You Happy,Sheryl Crow,English,
1030,If I’m Not In Love With You,Kathy Trocolli,English,
6425,If Life Is So Short,The Moffatts,English,
1493,If Looks Could Kill,Heart,English,
0016,If Love Is Blind,Tiffany,English,
15589,If Only,Lea Salonga,English,
1050,If The Feeling Is Gone,Ella May Saison,English,
9055,If The Feeling Is Gone,Kyla,English,
2891,If There Was Any Other..,Celine Dion,English,
0560,If This Is Love,Melissa Manchester,English,
6117,If Tomorrow Never Comes,Ronan Keating,English,
1172,If We Can Have More Time,Jose Mari Chan,Filipino,
11146,If We Ever Meet Again,Timbaland Ft Katy Perry,English,
8790,If We Fall In Love,Yeng & Jr,Filipino,
0559,If We Hold On Together,Diana Ross,English,
17117,If We Try,Don Mclean If You Don't Know Me,English,
5596,If We Try,Aiza Seguera,Filipino,
4213,If You Asked Me To,Celine Dion,English,
11561,If You Can Afford Me,Katy Perry,English,
7685,If You Come Back,Blue,English,
15376,If You Could See Me,Script,English,
4306,If You Had My Love,Jennifer Lopez,English,
0926,If You Leave,Me Now,English,
16078,If You Leave,OMD,English,
4347,If You Leave Me Now,Chicago,English,
3878,If You Love Me,Branda Lee,English,
4214,If You Love Somebody Set...,Sting,English,
17527,If You Only Knew,Gil ft Moffats,English,
16468,If You Remeber Me,Chris Thompson,English,
1016,If You Remember Me,Barry Manilow,English,
9755,If You Seek Amy,Britney Spears,English,
0553,If You Walk Away,David Pomeranz,English,
8403,If You Walk Away,Rahcelle Ann Go,English,
13572,If You're Happy,Nursery Rhymes,English,
7501,If You're Happy,Nursery Rhymes,English,
6825,If You're Heart's Not,Westlife,English,
15353,If You're Never,Jessie Ware,English,
11791,If You're Not Here,Menudo,English,
6572,If You're Not The One,Daniel Beddingfield,English,
9592,If You're Not The One,Dianne Elise,English,
11255,If You're Reading This,Tim Mcgraw,English,
6512,If Your Heart's Not In It,Westlife,English,
9475,Igiling Giling,Willie Revillame,Filipino,
17018,Ignition,R. Kelly,English,
5248,Ihilak,Visayan,English,
9690,Ihip Ng Hangin,The Company,Filipino,
7776,Iibigin Kita,J. Advincula,English,
4955,Iingatan Ka,Carol Banawa,English,
1125,Iisa Pa Lamang,Joey Albert,English,
8399,Iisang Bangka,The Dawn,English,
6212,Iisang Damdamin,Louie Heredia,English,
9178,Iiwan Ba Ako,Jessa Zaragosa,Filipino,
5879,Iiyak Ka Rin,Arnel Pineda,English,
11921,Iiyak Na Lang,Calzada,English,
5250,Ikakasal Ka Na,Jessa Zaragosa,English,
9179,Ikakasal Ka Na Pala,Eva Eugenio,English,
9180,Ikakasal Na Ang Aking Mahal,Isabel Granada,Filipino,
16129,Ikaw,Regine Velasquez,Filipino,
16426,Ikaw,Yeng Constantino,Filipino,
17249,Ikaw,Erik Santos Ikaw Na Lang,Filipino,
6213,Ikaw,Freddie Aguilar,Filipino,
7434,Ikaw,Carmela Cuneta,Filipino,
8548,Ikaw,Brenan Espartinez,Filipino,
8960,Ikaw,Sarah Geronimo,Filipino,
9396,Ikaw,Gerald Santos,Filipino,
9436,Ikaw,Ronnie Liang,Filipino,
9252,Ikaw Ang Aking,Martin Nieverra,Filipino,
9691,Ikaw Ang Aking,Sarah Geronimo,Filipino,
1499,Ikaw Ang Aking Mahal,Vst & Co.,Filipino,
6819,Ikaw Ang Bigay,Sharon Cuneta,Filipino,
5597,Ikaw Ang Buhay,Kundiman,Filipino,
9181,Ikaw Ang Buhay Ko,L.A Lopez,Filipino,
9182,Ikaw Ang Idol Ko,Cinderella,Filipino,
15520,Ikaw Ang Iibigin,Larry Miranda,Filipino,
8515,Ikaw Ang Iibigin Ko,Josh Garcia,Filipino,
9692,Ikaw Ang Kailangan Ko,Anna Fegi,Filipino,
1369,Ikaw Ang Lahat Sa Akin,M.Nievera,Filipino,
9183,Ikaw Ang Lahat Sa Aking Buhay,E.Peregrina,Filipino,
5824,Ikaw Ang Ligaya Ko,Ric Manrique,Filipino,
5151,Ikaw Ang Ms. Universe...,Hotdog,Filipino,
9570,Ikaw Ang Musika,Tres,Filipino,
9185,Ikaw Ang Pag-Asa,Renz Verano,Filipino,
9860,Ikaw Ang Pag-Ibig Ko,La Diva,Filipino,
15762,Ikaw Ang Sagot,Tom Rodriguez,Filipino,
9186,Ikaw Ang Simula,P.Fernandez,Filipino,
15435,Ikaw Ang Tanging...,Willy Garte,Filipino,
5688,Ikaw At Ako,Diwata,Filipino,
9693,Ikaw At Ako Parin,Rica Arambulo,Filipino,
1059,Ikaw At Ako Sa Daigdig,J. Abalos,Filipino,
1166,Ikaw Ay Akin,Unknown,Filipino,
9188,Ikaw Ay Nagbago,E.Peregrina,Filipino,
3171,Ikaw Ay Nasaan,Bert Dominic,Filipino,
16154,Ikaw Lamang,Top Suzara,Filipino,
16242,Ikaw Lamang,Siakol !!,Filipino,
1745,Ikaw Lamang,Ogie Alcasid,Filipino,
19704,Ikaw Lamang,Janno & Jaya,Filipino,
8465,Ikaw Lamang,Janno & Jaya,Filipino,
8586,Ikaw Lamang,Silent Sanctuary,Filipino,
9056,Ikaw Lamang,Gary Valenciano,Filipino,
9871,Ikaw Lamang,Zsa Zsa Padilla,Filipino,
7605,Ikaw Lamang Ang Buhay Ko,Ogie Alcasid,Filipino,
7609,Ikaw Lamang Giliw,April Boy Regino,Filipino,
8162,Ikaw Lamang Mahal,April Boy,Filipino,
7929,Ikaw Lamang Para,Janet,Filipino,
5881,Ikaw Lang,Tony Lambino,Filipino,
7123,Ikaw Lang,Smokey Mountain,Filipino,
9190,Ikaw Lang,Chad Borja,Filipino,
11200,Ikaw Lang (Endless,Rachelle Ann Go,Filipino,
9872,Ikaw Lang Ang Iibigin,Jessa Zaragoza,Filipino,
9189,Ikaw Lang Ang Iibigin...,Jay R.,Filipino,
0319,Ikaw Lang Ang Mahal,Donna Cruz,Filipino,
1137,Ikaw Lang Ang Mamahalin,Joey Albert,Filipino,
1056,Ikaw Lang At Ako,Jessa Zaragosa,Filipino,
9005,Ikaw Lang At Ako,Janno Gibbs,Filipino,
9057,Ikaw Lang Pala,Divo,Filipino,
6867,Ikaw Lang Pala (Qing Fei Te Yi),Michael John,Filipino,
19716,Ikaw Lang Talaga,Yeng Constantino,Filipino,
9330,Ikaw Lang Talaga,Yeng Constantino,Filipino,
11857,Ikaw Na Ang Bahala,Edith Gallardo,Filipino,
16063,Ikaw Na Na Na,G2B Boys,Filipino,
9796,Ikaw Na Nga,Willie Revillame,Filipino,
8015,Ikaw Nga,South Border,Filipino,
5882,Ikaw Pa Lamang,Rodel Naval,Filipino,
11926,Ikaw Pa Rin,Aisaku,Filipino,
1361,Ikaw Pa Rin,Ted Ito,Filipino,
16007,Ikaw Pa Rin,Kaligta,Filipino,
16068,Ikaw Pa Rin,Juana,Filipino,
16304,Ikaw Pa Rin,Manilyn Reynes,Filipino,
9026,Ikaw Pa Rin,Aicelle Santos,Filipino,
9741,Ikaw Pa Rin,Piolo Pascual,Filipino,
9770,Ikaw Pa Rin,Letter Day Story,Filipino,
1747,Ikaw Pa Rin Pala,Ogie Alcasid,Filipino,
15580,Ikaw Pala,Kris Lawrence,Filipino,
9191,Ikaw Pala 'Yon,Donna Cruz,Filipino,
1057,Ikaw Pala Ang,John Melo,Filipino,
7610,Ikaw Parin Pala,Ogie Alcasid,Filipino,
5825,Ikaw Sana,Ogie Alcasid,Filipino,
8681,Ikaw Ug Ako,Visayan Song,Filipino,
16287,"Ikaw, Ako at Siya","Janno Gibbs, Jaya and",Filipino,
0318,Ikay Mahal Pa Rin,Rockstar,Filipino,
11964,Ikot Ng Mundo,Bamboo,Filipino,
9058,"Ikot, Giling, Kembot",The Bodies,English,
15581,Ikot-Ikot,Sarah Geronimo,Filipino,
9192,Ilagay Mo Kid,Hagibis,English,
6427,Ilang Taon Akong,Renz Verano,Filipino,
8682,Ilo-Ilo Ang Banwa Ko,Ilocano Song,Filipino,
13566,Ilocana,Ilocano Folk Song,English,
6071,Ilocana,Ilocano Folk Song,English,
15622,Ilusyon,Abra Ft Arci,English,
7778,Imaginary,Evanescence,English,
2587,Imagine,John Lennon,English,
16190,Imagine Me Without You,Jaci Velasquez,English,
17878,Imahinasyon,TJ Monterde,English,
8683,Imatak Ti Salaykam,Ilocano Song,English,
9193,Imelda Papin Medley,Imelda Papin,English,
11638,Imma Be,Black Eyed Peas,English,
3476,Immigrant Song,Led Zeppelin,English,
5106,Immortality,Celine Dion,English,
17378,Immortalized,Disturbed,English,
8684,Imo Na Ako,Visayan Song,Filipino,
9433,Imposible,KC Concepcion,English,
16777,Impossible,Marlisa Punzalan,English,
5451,Impossible Dream,Matt Monroe,English,
9502,Impulsive,M.Y.M.P.,English,
16130,In A Rush,Blackstreet,English,
9194,In A Wink Of An Eye,Dingdong Avanzado,English,
8571,In Between Days,The Cure,English,
9939,In Bloom,Nirvana,English,
11266,In Color,Jamey Johnson,English,
9195,In Despair,Victor Wood,English,
11116,In God's Hands,Nelly Furtado,English,
17175,In Love,Boyz II Men,English,
9196,In Love,Rico J Puno,English,
16759,In Love Ako Sa'yo,Darren Espanto,Filipino,
5153,In Love With You,Regine & Jacky Cheung,Filipino,
5366,In My Dreams,Reo Speedwagon,English,
11688,In My Life,Ariel Rivera,English,
17063,In My Life,Patti Austin,English,
2950,In My Life,The Beatles,English,
6796,In My Life Medley,Aiza Seguerra,Filipino,
9197,In My Little Room,Eddie Peregrina,English,
6869,In My Place,Cold Play,English,
15289,In My Time,Teddy Pendergrass,English,
8014,In Or Out,Sandara Park,English,
16172,In Summer (Frozen OST),Frozen OST,English,
3324,In The Army Now,Unknown,English,
16243,In The Basement,Martina McBride ft,English,
9198,In The Battles,Basil Valdez,English,
5972,In The End,Linkin Park,English,
0460,In The Ghetto,Elvis Presley,English,
1017,In The Groove,Madonna,English,
2878,In The Midnight Hour,Wilson Pocket,English,
0563,In The Morning,The Bee Gees,English,
9946,In The Morning,Razorlight,English,
8356,In The Name Of Love,Yasmien Kurdi,English,
5792,In The Navy,Village People,English,
6993,In The Navy Ymca Medley,Village People,English,
47014,In The Night,The Weekend,English,
1655,In The Still Of The Night,Five Satins,English,
5402,In The Stone,"Earth, Wind & Fire",English,
3479,In The Summer Time,Duongo Jerry,English,
0959,In These Arms,Jon Bon Jovi,English,
9199,In This Heart,Ella Mae Saison,English,
15318,In This Life,Bamboo,Filipino,
15574,In This Song,Charice,English,
3481,In Too Deep,Phil Collins,English,
11237,In Your Eyes,Rachelle Ann Go,English,
15194,In Your Eyes,George Benson,English,
19733,In Your Eyes,Rachelle Ann Go,English,
6119,In Your Eyes,Kylie Minogue,English,
7121,In Your Hands,M. Sison,English,
9200,Ina,Freddie Aguilar,English,
0097,Inaamin Ko Na,April Boy Regino,Filipino,
15721,Inaamin Ko Na,Jerome Abalos,Filipino,
5601,Inamorata,Victor Wood,English,
5973,Inano Ni Kuwan,Mae Rivera,English,
15794,Inception,Infinite,English,
15582,Incomplete,Sisqo,English,
8208,Incomplete,Backstreet Boys,English,
7502,Indaclub,50 Cents,English,
16093,Indak,Updarma Down,English,
6908,Inday,Emil Losenda,English,
8813,Inday,Bisrock,English,
3174,Inday Ng Buhay Ko,Victor Wood,Filipino,
9201,Inday Ng Buhay Ko,Freddie Aguilar,Filipino,
8685,Inday Sa Balitaw,Visayan Song,English,
5777,Independent Woman,Destiny's Child,English,
16816,Indifference,Fra Lippo Lippi,English,
16947,Infinity,Mariah Carey Ingatan Mo Ang,Filipino,
9560,Ing Malsintang Beria,Arti Sta. Rita,English,
8814,Ing Sugarol,Totoy Bato,English,
7797,Ingat Ka,Claudine Barreto,English,
9414,Ingat Ka,Silent Sanctuary,Filipino,
15839,Inibig Ko'y Nakatali Na,Victor Wood,English,
8926,Inihaw (Hagupit),Siakol,Filipino,
9532,Iniibig Kita,Kitchie Nadal,Filipino,
9742,Iniibig Kita,Jed Madela,English,
1211,Iniibig Ko Ang Iniibig Mo,Imelda Papin,Filipino,
7617,Iniibig Na Kita,Roel Cortez,English,
9894,Init Sa Magdamag,Nonoy Zuniga,English,
17070,Initial Thrill,Kenia,English,
17154,Iniwan,Grin Department,English,
8142,Iniwan,Erik Santos,English,
9060,Iniwan Mo,Vina Morales,Filipino,
4219,Inner City Blues,Marvn Gaye,English,
15643,Insekto,Pedicab,English,
7453,Insensitive,Jann Arden,English,
7633,Inside Of My Guitar,Ken Zhu,English,
15781,Inside Your Heaven,Carrie Underwood,English,
9812,Insomnia,Craig David,English,
6481,Inspector Mills,America,English,
8353,Instant Ayos,Rejoice Commercial,English,
11759,International Love,Pitbull Ft. Chris Brown,English,
8492,Interstate Love Song,STP,English,
5494,Intimacy,The Corrs,English,
16370,Into The Blue,Kylie Minogue,English,
4220,Into The Night,Bb King,English,
9241,Into The Night,Chad Kroeger Ft. Santana,English,
3453,Into The Wide Open,Tom Petty,English,
16244,Into Your Arms,Luigi D' Avola,English,
7779,Intuition,Jewel,English,
5304,Inuman Na,Parokya Ni Edgar,Filipino,
17132,Invincible,Kelly Clarkson,English,
8440,Invincible,Christian Bautista,Filipino,
11223,Invisible,Ashlee Simpson,English,
16218,Invisible,Hunter Hayes,English,
16860,Invisible Man,98 Degrees,English,
0945,Invisible Touch,Genesis,English,
9484,Invitation,Kjwan,Filipino,
8686,Ipa-Ay Ko,Ilocano Song,English,
1068,Ipaglalaban Ko,Freddie Aguilar,English,
1275,Ipagpatawad Mo,Vst&Co.,English,
15515,Ipagpatawad Mo,Gloc 9,Filipino,
4319,Iris,Goo Goo Dolls,English,
1018,Ironic,Alanis Morissette,English,
8561,Irreplaceable,Beyonce,English,
16830,Irresistible,Fall Out Boy,English,
5974,Irresistible,The Corrs,English,
8462,Is It Any Wonder?,Keane,English,
5305,Is It Okay If I Call You Mine,PAUL Mccrane,English,
7454,Is It Over,Ronnie Milsap,English,
9694,Is It Over Now,Nina,Filipino,
13618,Is My Two Front Teeth,Unknown,English,
15718,Is There Something,Christopher Cross,English,
0459,Is This Love,White Snake,English,
4221,Is This Love,Bob Marley,English,
9969,Is This The Way To Amarillo,Tony Christie,English,
1060,Isa't Isa'y Mahal,April Boys,Filipino,
4223,Isalnd Girl,"B.Taupin, Elton John",English,
11466,Isama Mo Ako,Frencheska Farr,Filipino,
17196,Isang Araw,Kaye,English,
0469,Isang Babalikan Isang Iiwanan,Cristy Mendoza,English,
8521,Isang Bandila,Rivermaya,Filipino,
1282,Isang Damdamin,L.Heredia,English,
7113,Isang Harana,Jil,English,
11821,Isang Katulad Mo,Aj Tabaldo Ft Bernie Ann,English,
1207,Isang Lahi,Antony Castelo,English,
3175,Isang Lahi,Regine Velasquez,Filipino,
0104,Isang Linggong Pag-Ibig,Imelda Papin,English,
17362,Isang Pangarap,Dulce,English,
9006,Isang Pangarap Lamang,True Faith,Filipino,
0119,"Isang Tanong, Isang Sagot",Donna Cruz,English,
9638,Isang Ulit Man Lang,Lani Misalucha,English,
8961,Isipin,Miguel Escueta,English,
0222,Isipin Mo,Jet Pangan,English,
9007,Iskul Bukol,The Bloomfields,English,
9171,Iskul Bukol,Tito Vic And Joey,English,
15521,Island Called Boracay,Ferns Tosco,English,
2791,Island Girl,Elton John & Bernie Taupin,English,
0053,Island In The Stream,Rogers & Paron,English,
3484,Isn't She Lovely,Stevie Wonder,English,
8807,Istambay,Enchi,English,
9561,Istorya Ng Raffy,Totoy Bato,Filipino,
8020,Isumbong Ko Ikaw Sa Langit,Visayan Song,Filipino,
8021,Iswing Mo Ako,Vst & Co,Filipino,
5604,It Came Upon A Midnight Clear,Various,English,
9366,It Can Only Get Better,Charisse Pempengco,English,
3177,It Don't Matter To Me,Bread,English,
8022,It Don't Mean A Thing,Duke Ellington,English,
11117,It Ends Tonight,All American Rejects,English,
8446,It ft. Miley Cyrus 24 Hour Ago,Cueshe',Filipino,
16760,It Had To Be You,Toni Gonzaga,English,
0310,It Hurts Me More,Rockstar 2,English,
17188,It Hurts To Be Love,Gino Vannelli,English,
11728,It Hurts When Love Fails,Nelson Del Castillo,English,
16333,It Is,2Pac The Greatest,English,
2788,It Might Be You,Stephen Bishop,English,
0636,It Must Have Been Love,Roxette,English,
3363,It Never Rains In Southern...,Albert Hammond,English,
0506,It Only Reminds Me..,Rick Price,English,
5975,It Seems Only Yesterday,Sharon Cuneta,Filipino,
3178,It Takes Two,Sylvia Moy,English,
16193,It Was A Very Good Year,Frank Sinatra,English,
16397,It Was Always You,Maroon 5,English,
11729,It Will Rain,Bruno Mars,English,
8081,It Won't Be Long,Beatles,English,
15629,It's A Beautiful Day,Boyce Avenue,English,
1580,It's A Heartache,Bonnie Tyler,English,
3179,It's A Miracle,Barry Manilow,English,
13541,It's A Small World,Disney Theme,English,
3623,It's A Small World,Disney Theme,English,
4562,It's All Coming Back,Celine Dion,English,
15140,It's All In The Game,Carmel,English,
4563,It's Alright,Annie Lennox,English,
16371,"It's Alright, It's Ok",Ashley Tisdale,English,
8496,It's Been A While,Stained,English,
0037,It's Beginning To Look...,Bing Crosby,English,
3180,It's Going To Take Sometime,Carpenters,English,
6483,It's Gonna Be Love,Mandy Moore,English,
4969,It's Gonna Be Me,Nsync,English,
11730,It's Gonna Make Sense,Michael Learns To Rock,English,
11305,It's Good To Be Us,Bucky Covington,English,
17731,It's Hard To Say Goodbye,Regine & Paul Anka,Filipino,
0036,It's Impossible,Perry Como,English,
9919,It's In His Kiss (The Shoop...),Cher,English,
8229,It's Like That,Mariah Carey,English,
4926,It's My Life,Bon Jovi,English,
3554,It's My Party,Leslie Gore,English,
0718,It's My Turn,Diana Ross,English,
17502,It's Not Easy Letting Go,Daryl Ong,English,
7503,It's Not For Me To Say,Johnny Mathis,English,
8886,It's Not Over,Daughtry,English,
0659,It's Not Unusual,Tom Jones,English,
4224,It's Now Or Never,Elvis Presley,English,
6870,It's Ok,Atomic Kitten,English,
5403,It's Only A Paper Moon,Nat King Cole,English,
0458,It's Only Love,The Beatles,English,
15644,It's Only Love,Junior,English,
5452,It's Over Now,Ultra Nate',English,
6382,It's Over Now,Joey Albert,English,
6428,It's Probably Me,Sting,English,
3302,It's Raining Again,Supertramp,English,
7336,It's Raining In My Heart,Lee Towers,English,
7504,It's Raining Men,Gerri Halliwell,English,
13552,"It's Raining, It's Pouring",Traditional,English,
4564,"It's Raining, It's Pouring",Traditional,English,
16972,It's Real,Norman Saleet,English,
1529,It's Sad To Belong,Dan & Coley,English,
2750,It's So Easy,Linda Ronstadt,English,
6214,It's Still Rock & Roll To Me,Billy Joel,English,
7966,It's Tearing Up My Heart,N Sync,English,
1019,It's The Lover,Tiffany,English,
8167,It's The Same Old Song,The Supremes,English,
15155,It's Time,Imagine Dragon,English,
5453,It's Time To Cry,Paul Anka,English,
0977,It's Too Late,Carol King,English,
17737,It's You,Zayn Malik,English,
9619,It's You I Cannot Do Without,Jaya,English,
15043,It's Your Life,Somedaydream & Champ,English,
15173,It's Your Love,Tim Mcgraw And Faith Hill,English,
15645,It's Your Love,Gil,English,
19749,It's Your Love,Tim McGraw and Faith Hill,English,
4565,It's Your Love,S. Sm,English,
13573,Itaas Ang Kamay,Awit Pambata,Filipino,
8087,Itaas Ang Kamay,Awit Pambata,Filipino,
11067,Itaga Mo Sa Bato,Juris,English,
8564,Itaktak Mo,Joey De Leon,English,
1273,Itanggi Mo,Unknown,English,
6120,Itanggi Pa,Jackie Cajuca,English,
0137,Itanong Mo Sa Mga Bata,Asin,English,
17092,Itatago Na Lang,Tanya Chinita,English,
6762,Ito And Trip,Parokya Ni Edgar,Filipino,
11497,Ito Ang Pangako Ko,Nyoy Volante,Filipino,
16024,Ito Ang Sandali,Rico Blanco,Filipino,
3436,Its Getting Better,The Beatles,English,
3485,Its I His Kiss,Cher,English,
8012,Itsumo,Dice & K9,English,
13553,Itsy Bitsy Spider,Traditional I've Been Working On,English,
4567,Itsy Bitsy Spider,Traditional,English,
0038,Itsy Bitsy Teenie Weenie,Brian Hyland,English,
9458,Itulog Na,Chubibo,English,
11473,Ituloy Mo Lang,Siakol,Filipino,
19738,Ituloy Mo Lang,Siakol,Filipino,
1749,Iwanan Mo Na S'ya,Parokya Ni Edgar,Filipino,
17024,Iyong Iyong Iyo,Spongecola,English,
8990,Iyugyog Mo,Willie Revillame,Filipino,
9448,I’ll Be Loving You Longtime,Mariah Carey ft. T.I.,English,
9253,I’ve Fallen In Love,Sam Milby,English,
13554,Jack And Jill,Traditional,English,
4573,Jack And Jill,Traditional,English,
13797,Jack In The Box,Nursery Rhyme,English,
13598,Jack Sprat,Unknown,English,
2925,Jada,B. Carleton,English,
5772,Jaded,Aerosmith,English,
0399,Jailhouse Rock,Elvis Presley,English,
2717,Jambalaya,Carpenters,English,
3184,Jammin',Bob Marley,English,
0384,Jane,Jefferson Starship,English,
6665,Jannie's Got A Gun,Aerosmith,English,
14001,Jansori,The Nuts,English,
1061,Japayuki,Unknown,English,
11702,Jars Of Heart,Christina Perri,English,
6216,Jazz Police,Leonard Cohen,English,
17870,Jealous,Labrinth,English,
19699,Jealous,Nina,Filipino,
6941,Jealous,Nina,Filipino,
0280,Jealous Guy,John Lennon,English,
15498,Jealous Heart,Wanda Jackson,English,
8352,Jeepney,Spongecola,English,
8460,Jeepney,Kala,English,
3185,Jeepney Driver,April Boys,English,
11413,Jeepney Love Story,Yeng Constantino,Filipino,
13599,Jelly On A Plate,Unknown,English,
15390,Jenny,Click Five,English,
6871,Jenny From The Block,Jennifer Lopez,English,
3496,Jesus Christ Superstar,Jesus Christ Superstar,English,
8878,Jesus Take The Wheel,Carrie Underwood,English,
0826,Jet,Paul Mccartney,English,
4575,Jet Airliner,Paul Pena,English,
17386,Jet Black Heart,5 Seconds Of Summer,English,
17375,Jet Lag,"Simple Plan John Cougar, John",English,
2705,Jhonny Guitar,Peggy Lee,English,
0058,Jingle Bell Rock,Christmas Song,English,
13506,Jingle Bell Rock,Christmas Song,English,
13534,Jingle Bells,Christmas Song,English,
2667,Jingle Bells,Christmas Song,English,
3186,Jingo,Santana,English,
6218,Joan Of Arc,O.M.D,English,
16173,John Doe,B.o.B ft. Pricilla,English,
11280,Johnny & June,Heidi Newfield,English,
0935,Johnny B Good,Chuck Berry,English,
15524,Johnny B. Goode,Judas Priest,English,
11250,Johnny Cash,Jason Aldean,English,
13600,Johnny Johnny Yes Papa,Unknown,English,
9061,Joke Joke Joke,Willie Revillame,Filipino,
5723,Joke Lang,Sharon Cuneta,Filipino,
16246,Jolene,Miley Cyrus,English,
8238,Jopay,Mayonaise,English,
15586,Josephine,Yeng Constantino,Filipino,
3500,Josie,Stelly Dan,English,
9892,Journey,Leah Salonga,English,
0059,Joy To The World,Three Dog Night,English,
13711,Joy To The World,Nursery Rhymes,English,
6429,Jubilee Song,Jaime Rivera,English,
11629,Judas,Lady Gaga,English,
17001,Julie Tearjerky,Eraserheads,Filipino,
15802,Juliet,Lawson,English,
3904,July Morning,Uriah Heep,English,
5689,Jumbo,Ruffa Maequinto,English,
7700,Jumbo Hotdog,Masculados,Filipino,
7987,Jump,Van Halen,Filipino,
8420,Jump,Madonna,English,
0014,Jumping Jack Flash,Rolling Stones,English,
17284,Jumpman,Drake And Future,English,
11131,Jungle Drum,Emiliana Torrini,English,
4578,Junior's Farm,Wings,English,
6220,Just A Boy,Kiss,English,
17542,Just A Feeling,Maroon 5,English,
15797,Just A Kiss,Lady Antebellum,English,
19755,Just A Kiss,Lady Antebellum,English,
17763,Just A Love Song,Walter Murphy Band,English,
9639,Just A Minute,Rachel Alejandro,English,
9065,Just A Smile,Barbie Almalbis,English,
7392,Just A Smile Away,Luke Mijares,English,
17846,Just A Song Before I Go,Crosby Stills Nash &,English,
5367,Just A Song Before I Go,Crosby Still,English,
0765,Just A Touch Of Love,C&C Music Factory,English,
6430,Just Another Day Without You,John Secada,English,
5154,Just Another Woman In Love,Anne Murray,English,
1680,Just As I Am,Air Supply,English,
7849,Just Breath,Faith Hill,English,
4580,Just Came Back,Collin James,English,
11544,Just Can't Get Enough,Black Eyed Peas,English,
5752,Just Can't Get Enough,Depeche Mode,English,
9640,Just Can't Say,Yeng Constantino,Filipino,
9520,Just Dance,Lady Gaga,English,
8366,Just Feel Better,Santana & Steve Tyler,English,
6222,Just For The Record,Marillion,English,
16476,Just For You,Gwen Guthrie,English,
6075,Just For You,Lionel Richie,English,
15303,Just Give Me A Reason,Pink ft. Nate Ruess,English,
11118,Just Go,Lionel Richie feat. Akon,Filipino,
11664,Just Got Lucky,Jo Boxers,English,
16195,Just In Time,Frank Sinatra,English,
8871,Just Like A Pill,Pink,English,
17649,Just Like Them Horses,Reba McEntyre,English,
3565,Just One Of Those Things,Cole Porter,English,
7505,Just Say I Love Him,Timi Yuro,English,
9695,Just Say You Love Me,Pops Fernandez,English,
7606,Just Smile Away,Luke Mijares,English,
15585,Just So You Know,Jesse Mccartney,English,
9542,Just Stand Up,Various Artist,English,
11490,Just Take My Heart,Mr. Big,English,
7506,Just Tell Her Jim Said Hello,Elvis Presley,English,
11735,Just Tell Me You Love,England Dan And John Ford,English,
15798,Just The Girl,Click Five,English,
11781,Just The Two Of Us,Al Green,English,
0690,Just The Way You Are,Billy Joel,English,
11418,Just The Way You Are,Bruno Mars,English,
8281,Just Want You To Know,Backstreet Boys,English,
2590,Just When I Needed You Most,"R, Vanwarmer",English,
8687,Kaanugon,Visayan Song,English,
5155,Kaba,Tootsie Guevara,English,
8071,Kabataan Para Sa Kinabukasan,Francis M.,English,
9066,Kabataang Pinoy,Itchyworms,Filipino,
8563,Kabet,Gagong Rapper Ft. Kyla,English,
5978,Kabilugan Ng Buwan,Apo Hiking Society,Filipino,
1285,Kadingding Sa Balitaw,Mabuhay Singers,English,
8946,Kagat Labi,Joey Deleon,English,
17011,Kahapon,Orient Pearl,English,
17558,Kahapon,Angeline Quinto Sana'y Maghintay,Filipino,
6484,Kahapon,Rachel Alejandro,English,
1063,Kahapon Lamang,Sharon Cuneta,Filipino,
6224,Kahapong Nagdaan,April Boy Regino,English,
8916,Kahayag,Bisrock,English,
5254,Kahibulungan,Visayan Song,English,
1162,Kahit Ako'y Lupa,Unknown,Filipino,
5724,Kahit Ako'y Mahirap,Gary Granada,Filipino,
7213,Kahit Anong Oras,Ricky Garcia,English,
1065,Kahit Bata Pa,Unknown,English,
11650,Kahit Di Mo Sabihin,Juris,English,
5098,Kahit Gaano Kalaki,Alynna,English,
9620,Kahit Habang Buhay,Smokey Mountain,English,
9202,Kahit Ilang Umaga,Jessa Zaragosa,English,
9203,Kahit Iniwan Mo,Boyfriends,English,
6826,Kahit Isang Saglit,Martin Nievera,Filipino,
6486,Kahit Kaibigan Lang,Antoinette Taus,English,
5725,Kahit Kailan,Southborder,English,
0299,Kahit Konting Awa,Nora Aunor,English,
5726,Kahit Konting Pagtingin,Ric Sigreto,English,
17736,Kahit Kunwari Lang,Claire Dela Fuente,English,
9204,Kahit Kunwari Lang,Renz Verano,English,
5606,Kahit Limutin Mo,Diomedes Maturan,English,
9205,Kahit Magbago Pa,Yoyoy Villame,English,
9492,Kahit Mahal Mo Ay Iba,Sarah Geronimo,Filipino,
7634,Kahit Mahirap Lang,April Boys,English,
5674,Kahit Man Lang Sa Pangarap,Vina Morales,Filipino,
0475,Kahit Maputi Na Ang Buhok Ko,Sharon Cuneta,Filipino,
9470,Kahit Maputi Na Ang Buhok Ko,Richard Poon,Filipino,
9873,Kahit Minsan Lang,Lilet,English,
11085,Kahit Na,Kiss Jane,English,
15292,Kahit Na,Toni Gonzaga,English,
6582,Kahit Na,Zsazsa Padilla,English,
7214,Kahit Na,Dj Alvaro,English,
7284,Kahit Na,Ogie Alcasid,Filipino,
9835,Kahit Na,X-Crew,English,
1299,Kahit Na Magtiis,Pilita Corales,Filipino,
9206,Kahit Na Mahirap Lang,April Boys,English,
7635,Kahit Na Mayroon,Raine,English,
7455,Kahit Na Pangit Ka,DJ Alavaro,English,
9207,Kahit Nasaan,Boyfriends,English,
8253,Kahit Pa,Hale,Filipino,
17541,Kahit Sa Panaginip Lang,Join The Club,English,
9208,Kahit Sa Panaginip Lang,Bing Rodrigo,English,
8003,Kahit Sandali,Jennilyn Mercado,English,
1291,Kahit Sino,Richard Reynoso,English,
6666,Kahit Sino (Laban O Bawi),Sexbomb Girls,English,
11850,Kahit Umiwas Pa,Jake Vargas,English,
1366,Kahit Wala Ka Na,Rey Valera,Filipino,
11535,Kahit Walang Sabihin,Rico Blanco,Filipino,
1496,Kaibigan,Introvoys,Filipino,
7990,Kaibigan,Chiqui Pineda,English,
7608,Kaibigan Kasama Mo,Apo Hiking Society,Filipino,
15502,Kaibigan Lang,2 Years Apart,English,
1198,Kaibigan Lang Pala,Lilet,English,
7932,Kaibigang Tunay,R. Reynoso,English,
1497,Kailan,Eraserheads,Filipino,
8034,Kailan,Smokey Mountain,English,
9430,Kailan,Bamboo,Filipino,
9477,Kailan,Calsada,English,
7689,Kailan Ka Darating,Wency Cornejo,English,
9067,Kailan Kaya,Christian Bautista,Filipino,
9209,Kailan Kaya,April Boy,English,
9696,Kailan Kaya,Sheryn Regis,English,
7690,Kailan Kita Mamahalin,Anna Fegi,Filipino,
6373,Kailan Man (Here I Am),Renz Verano,English,
5157,Kailan Pa,Jessa Zaragosa,English,
8136,Kailan Pa Ma'y Ikaw,Christian Bautista,Filipino,
5828,Kailan Pa Man,ReginreVelasqu ez,English,
7658,Kailangan I-Memorize,Sooper Babes,English,
15907,Kailangan Kita,Sponge Cola,English,
16957,Kailangan Kita,Orange And Lemons,Filipino,
19758,Kailangan Kita,Sponge Cola,English,
6522,Kailangan Kita,Piolo Pascual,English,
9210,Kailangan Ko,Imelda Papin,English,
5158,Kailangan Ko'y Ikaw,Regine Velasquez,Filipino,
1225,Kailangan Malaman Mo,Apo,English,
1498,Kailanman,Intrvoys,English,
16071,Kailanman,Dennis Trillo,English,
6583,Kailanpaman,Kevin Roy,English,
17038,Kaka,Yano,English,
9211,Kakaba Kaba,Pops Fernandez,English,
16307,Kakaibabe,Donnalyn Bartolome,English,
8617,Kakalog Kalog,Willie Revillame,Filipino,
7933,Kakapraning,Kenji,English,
9836,Kakayanin Ko Ba,Ariel Rivera,English,
8478,Kalabit Penge,Wally And Jose,English,
5160,Kalaro Lamang,Jessa Zaragosa,English,
11083,Kalayaan,Bamboo,Filipino,
8490,Kaleidoscope World,Francis Magalona,English,
11007,Kalesa,Hale,Filipino,
19725,Kalesa,Hale,Filipino,
8688,Kalidan,Ilocano Song,English,
9212,Kaligayahan Mo'y Kaligayahan...,Imelda Papin,English,
9213,Kaligayahan Na Pansamantala,Eva Eugenio,English,
6584,Kaligayahan Natin,Regine Velasquez,Filipino,
9068,Kaligayahan Natin,Tribe Of Levi,Filipino,
8689,Kalisud,Visayan Song,English,
5006,Kaliwete,Eraserheads,Filipino,
8917,Kalooy (Lubot),Bisrock,English,
8804,Kamagayan,Missing Felimon,English,
9277,Kamandag,First Circle,English,
13565,Kami Po'y Paskuhan,Christmas Song Knick Knack Paddy,English,
5727,Kami Po'y Paskuhan,Christmas Song,English,
8690,Kaming Mga Pardista,Visayan Song,English,
0591,Kampana Ng Simbahan,Leo Valdez,Filipino,
15723,Kampana Ng Simbahan,Mabuhay Singers,Filipino,
9069,Kampanerang Kuba,Unknown,English,
9008,Kamusta,Missing Filemon,English,
17068,Kananete,Eraserheads Kapag Nagunaw,Filipino,
5008,Kanino Ba,Carol Banawa,English,
11439,Kanlungan,Willie Revillame,Filipino,
6942,Kanlungan,Noel Cabangon,English,
3501,Kansas City,Fats Domino,English,
6225,Kanto,Siakol,Filipino,
8691,Kanunay Blues,Milyo Naryo,English,
5256,Kapag Ako Ay Nagmahal,Jolina Magdangal,Filipino,
5608,Kapag Nag-Utos Ang Puso,Melda Papin,Filipino,
7619,Kapag Puso Ang Nag-Usap,Aiza Seguerra,Filipino,
5728,Kapag Puso'y Sinugatan,Unknown,English,
9840,Kapag Tumibok Ang Puso,Donna Cruz,Filipino,
1138,Kapalaran,Rico J. Puno,English,
0133,Kapaligiran,Asin,English,
0138,Kapantay Ay Langit,Unknown,English,
1179,Kapatid,Rico J. Puno,English,
8896,Kapayapaan,Tropical Depression,English,
16431,Kapiling Kita,Karylle,English,
16191,Kapit,Imago,Filipino,
11757,Kapitan,Paraluman,English,
15406,Kapus-Palad Nang,Ric Manrique Jr.,English,
8035,Kapuso,7th Coral Group,English,
15434,Karakaraka,Vice Ganda ft. Smugglaz,English,
17113,Karaniwang Tao,Heber Bartolome,English,
8558,Karma,Alicia Keys,English,
2794,Karma Chameleon,Culture Club,English,
8692,Karon,Visayan Song,English,
8693,Karyo,Sullivans,English,
0102,Kasalanan,Orient Pearl,English,
9905,Kasalanan,6 Cyclemind Ft. Gloc 9,Filipino,
1064,Kasalanan Ba?,Men Oppose,English,
9294,Kasalanan Ba?,Guji Lorenzaa,English,
8379,Kasalanan Ko Ba,Neo Colors,English,
9743,Kasalanan Ko Ba,Mark Bautista Kasama Kang Tumanda 15055 Toni Gonzaga,English,
16789,Kasalukuyan,Siakol,Filipino,
15055,Kasama Kang Tumanda,Toni Gonzaga,English,
9571,Kasano Ti Maglipat,Ilocano Song,English,
1368,Kasi Naman,Ella Del Rosario,English,
9070,Kasinungalingan,Janno Gibbs,English,
0121,Kastilyong Buhangin,Basil Valdez,English,
5981,Katarungan,Freddie Aguilar,English,
5534,Katawan,Hagibis,English,
16907,Katol,Rocksteddy,Filipino,
8694,Katuday,Ilocano Song,English,
15340,Katulad Ng Iba,Gloc 9 Feat Zia Quizon,Filipino,
8695,Kausa Nabasa Ang,Visayan Song,Filipino,
8696,Kawar Ni Ayat,Ilocano Song,English,
6121,Kawawang Cowboy,Fred Panopio,English,
5729,Kawawang Puso,Arnel Ignacio,English,
8698,Kay Langit Ang Gugma Ko,Visayan Song,Filipino,
3187,Kay Lupit Mo Pag-Ibig,Victor Wood,English,
15004,Kay Lupit Ng Tadhana,Willie Garte,Filipino,
1218,Kay Palad Mo,Jamie Rivera,English,
1199,Kay Tagal,Rachel Alejandro,English,
11679,Kay Tagal Kitang,Sponge Cola,English,
9874,Kaya Ko Ba,Rachel Alejandro,English,
16308,Kaya Ko Na,Jennilyn Mercado,Filipino,
11465,Kaya Mo,Protein Shake,English,
9837,Kaya Mo Bang Ibalik,Jennylyn Mercado,English,
16885,Kaya Mo Yan,Introvoys,Filipino,
6122,Kaya Pala,Pops Fernandez,English,
8697,Kayahum Sa Yamug,Visayan Song,English,
7992,Kayganda Ng Ating Musika,Hadji Alejandro,Filipino,
3502,Kayleigh,Marillion,English,
7611,Kayo Na Pala,Ogie Alcasid,Filipino,
9972,Keep Believing,Aaron Carter,English,
8533,Keep Holding On,Avril Lavigne,English,
1020,Keep On Loving You,Reo Speedwagon,English,
7391,Keep On Loving You (Wo Nan...),Renz Verano,English,
0649,Keep On Walkin',Ce Ce Peniston,English,
0473,Keep This Love Alive,Tom Scott,English,
11684,Keeping The Love Alive,Air Supply,English,
9427,Keeps Getting Better,Christina Aguilera,English,
15324,Kelan,Amistad,English,
8793,Kembot,Ud4,English,
15317,Kendeng Kendeng,Willie Revillame,Filipino,
8794,Kering-Keri,Kim Chiu,English,
17137,Kick The Dust Up,Luke Bryan,English,
15800,Kids In America,The Muffs,English,
2931,Kids Says The Darndest Thing,Tammy Wynneth,English,
12345,Kids Songs,Once I Caught,English,
7879,Kikay,Viva Hotbabes,English,
17200,Kilig,Maja Salvador,English,
17263,Kilig,Jinky Vidal,English,
8147,Kiliti,D' Bodies,English,
9950,Killer,Seal,English,
3504,Killer Queen,Queen,English,
11924,Killing In The Name Of,Rage Against The Machine,English,
3505,Killing Me Softly,Fugees,English,
0189,Killing Me Softly With His Song,Roberta Flack,English,
8699,Kinahanglan Pa Ba,Visayan Song,English,
6228,Kind Of A Hush,Herman's Hermits,English,
16832,King,Years and Years,English,
5161,King And Queen Of Hearts,David Pomeranz,English,
6432,King Creole,Elvis Presley,English,
15548,King Of Nothing,Seals And Crofts,English,
7980,King Of Pain,Alanis M.,English,
2814,King Of The Road,Roger Miller,English,
17572,King Of The World,Weezer,English,
17003,Kinsa Sya,Luz Loreto,English,
5162,Kisapmata,Rivermaya,Filipino,
16072,Kislap,Kamikazee,Filipino,
16768,Kismet,Silent Sanctuary,Filipino,
0544,Kiss,Tom Jones,English,
9864,Kiss,Sandara Park Ft CL Of 2NE1,English,
2591,Kiss And Goodbye,Manhattans,English,
6585,Kiss From A Rose,Seal,English,
17753,Kiss It Better,"Rihanna Kung Ayaw Mo,",English,
7613,Kiss Kiss,VST & Company,English,
4281,Kiss Me,Six Pence None The Richer,English,
11897,Kiss Me Again,We Are In The Crowd ft Alex,English,
5257,Kiss Me Goodbye,Ray Conniff Singers,English,
1571,Kiss Me Quick,Elvis Presley,English,
17080,Kiss Me Quick,Nathan Sykes,English,
5455,Kiss Of Life,Bee Gees,English,
7612,Kiss Sabay Hug,Sexbomb Girls,English,
15195,Kiss You,One Direction,English,
16073,Kiss You,Karylle,English,
8334,Kitchie Nadal Medley,Kitchie Nadal,Filipino,
8133,KLSP,Spong Cola,English,
13788,Knees And Toes,Kid's Song,English,
0878,Knife,Rockwell,English,
13713,Knock At The Door,Nursery Rhymes,English,
0714,Knock On Wood,Eddie Floyd,English,
2679,Knock Three Times,Dawn,English,
0879,Knockin' On Heaven's Door,Gun's And Roses,English,
8421,Knocks Me Off My Feet,Stevie Wonder,English,
11870,Know Your Enemy,Green Day,English,
2960,Knowing Me Knowing You,Abba,English,
16762,Ko Lang,Julie Anne San Jose,Filipino,
0372,Kokomo,Beach Boys,English,
17293,Kong Gawin,Myrus,English,
13714,Kookaburra,Nursery Rhyme,English,
15291,KPL,The Oktaves,English,
7799,Kryptonite,3 Doors Down,English,
9009,Kugihan,Scrambled Eggs,English,
1174,Kulang Sa Pansin,Rachel Alejandro,English,
8700,Kulot Ang Buhok,Sullivans,Filipino,
7614,Kumot At Unan,Apo Hiking Society,Filipino,
9760,Kumot At Unan,Richard Poon,English,
1581,Kumusta Ka,Willy Cruz,English,
17155,Kumusta Ka,Nonoy Zuniga Kung Maibabalik,English,
6229,Kumusta Ka,Rey Valera,Filipino,
5611,Kumusta Ka Aking,Freddie Aguilar,English,
6469,Kumusta Mga Kaibigan,Wency Cornejo,English,
6487,Kundi Ikaw,Geneva Cruz,Filipino,
9438,Kundiman,Silent Sanctuary,Filipino,
9572,Kung Akin Ang Mundo,Erik Santos,Filipino,
1066,Kung Akin Lang,Ivy Violan,English,
8701,Kung Ako Ay Lasing,Sullivans,Filipino,
6845,Kung Ako Ba Siya,Piolo Pascual,Filipino,
6489,Kung Ako Lang Sana,Bituin Escalante,Filipino,
9697,Kung Ako Lang Sana,Chad Borja,Filipino,
7507,Kung Ako'y Iibig Muli,Anna Dizon,Filipino,
1176,Kung Ako'y Iiwan Mo,Basil Valdez,Filipino,
0543,Kung Alam Ko Lang,Toni Daya,English,
0320,Kung Alam Mo Lang,Joanne Lorenzana,English,
8554,Kung Ayaw Mo Na Sa Akin,Sugarfree,Filipino,
15565,Kung Bakit Ngayon,Aicelle Santos,Filipino,
15595,Kung Di Man,Ney Dimaculangan,English,
7076,Kung Di Rin Lang Ikaw,True Faith,Filipino,
9786,Kung Di Rin Lang Ikaw,Sitti,Filipino,
17667,Kung Fu Fighting,The Vamps,English,
16310,Kung Hindi Ikaw,James Wright,Filipino,
13715,Kung Ikaw Ay Masaya,Nursery Rhyme,Filipino,
6490,Kung Ikaw Lang Ako,Imelda Papin,Filipino,
9744,Kung Iniibig Ka Niya,Laarni Lozada,English,
0499,Kung Kailangan Mo Ako,Rey Valera,Filipino,
8962,Kung Kaya Ko,Toni Gonzaga,English,
9838,Kung Kaya Ko Lang,Callalily,Filipino,
1234,Kung Kita'y Kapiling,Cely Bautista,English,
9284,Kung Liligaya Ka,Boyfriends,English,
9621,Kung Maaalala Mo,Eric Santos,English,
1187,Kung Maging Ulila,Norma Lapuz,English,
5163,Kung Mahal Mo Ako,Renz Verano,Filipino,
7880,Kung Mahal Mo S'ya,Jay R,Filipino,
1379,Kung Maibabalik Ko,Regine Velasquez,Filipino,
8477,Kung Malaya Lang Ako,Kris Lawrence,Filipino,
9573,Kung Mamahalin Mo Lang Ako,Janno Gibbs,Filipino,
0300,Kung Matapos Nang Lahat,Louie Heredia,English,
6827,Kung Mawawala Ka,Ogie Alcasid,Filipino,
7241,Kung Okey Lang Sa Yo,True Faith,Filipino,
7934,Kung Papipiliin,Sarah Geronimo,Filipino,
8991,Kung Para Sa'yo,Willie Revillame,Filipino,
9811,Kung Pwede Lang Sana,Bugoy Drilon,Filipino,
9434,Kung Sakali,Ogie Alcasid,Filipino,
1213,Kung Sakali Man,Rachell Alejandro,English,
5830,Kung Sakaling Ika'y Lalayo,J. Brothers,English,
15591,Kung Sana Bukas,Maricris Garcia,English,
6820,Kung Sino Pang..,Manilyn Reynes,English,
11505,Kung Siya Ang Mahal,Sarah Geronimo,Filipino,
1232,Kung Talagang Mahal Mo Ako,Cely Bautista,Filipino,
0486,Kung Tayo'y Magkakalayo,Rey Valera,Filipino,
11420,Kung Wala Ka,Nikki Gil,English,
19736,Kung Wala Ka,Nikki Gil,English,
8360,Kung Wala Ka,Hale,Filipino,
5615,Kung Wala Na,Jaya,English,
11127,Kung Wala Na Nga,6Cyclemind Feat. Yeng,Filipino,
9274,Kung Wala Na Nga,Danita,English,
1067,Kung Walang Ikaw,Ivy Violan,Filipino,
16250,Kunwa-Kunwari Lang,Kayla,English,
15246,Kunwari,Kamikazee Feat. Gloc 9,Filipino,
8843,Kunwari Lang Ba,Yasmien Kurdie,English,
6123,Kupas Na Larawan,Ric Manrique,English,
17677,Kurakot,Banda Ni Kleggy,Filipino,
8055,Kuratsoy,Max Surban,English,
8992,Kusgan,Scrambled Eggs,English,
8702,Kutis Sa Hambog,Max Surban,English,
9254,Kutsara Tinidor,Scrambled Eggs,English,
8072,Kuya Wag Po,Tuesday,English,
8252,Kwarto,Sugar Free,English,
8567,L.O.V.E.,Ashley Simpson,English,
9010,L.Q.,Mantequilla,English,
2593,La Bamba,Richie Valens,English,
1500,La Isla Bonita,Madonna,English,
8191,La La,Ashly Simpson,English,
5055,La La La Means I Love You,Swing Out Sister,English,
9698,Lab Na Lab Kita,Fathr & Sons,English,
5009,Labanan Natin Ang,J. Brothers,Filipino,
5617,Labi Sa Labi,Mystica,English,
13623,Labing Siyam,Unknown,English,
1779,Labs Kita,April Boys,English,
16902,Lady (Hear Me Tonight),Modjo,English,
13716,Lady Bug Lady Bug,Nursery Rhyme,English,
4585,Lady Down On Love,Randy Owen,English,
6232,Lady In Black,Uriah Heep,English,
1582,Lady In Red,Chris De Burgh,English,
6233,Lady Is A Tramp,Frank Sinatra,English,
3508,Lady Jane,Rolling Stones,English,
2432,Lady Laura,"R,Carlos",English,
0011,Lady Lay,Groscolas Pierre,English,
0231,Lady Love,Lou Rawls,English,
0426,Lady Madonna,Beatles,English,
5766,Lady Marmalade,All Saints,English,
6234,Lady Of The Night,E. Humperdick,English,
11469,Lagi,Kiss Jane,English,
8385,Lagi Mo Na Lang,Rocksteddy,Filipino,
17678,Lagi Mong Tatandaan,Parokya Ni Edgar,Filipino,
0139,Lagim,Siakol,Filipino,
6491,Laging Ikaw Pa Rin,Roselle Nava,Filipino,
9699,Laging Mayroong Bukas,Pat Castillo,English,
1109,Laging Naroon Ka,Jaya,English,
4964,Laging Tapat,Jolina Magdangal,English,
6703,Lagkaw,Verni Gonzales,English,
6872,Lagot Ka,Masculados,English,
6873,Laguna,Sampaguita,English,
9856,Lahat Ng 'Yan,Bugoy Drilon,Filipino,
7733,Lahat Sa Aking Nobya,Jerovi-Bo Aguasin,English,
9658,Lahing Pinoy,Manny Pacquiao,English,
11400,Lakad,Sandwich,English,
5495,Lakas Tama,Siakol,Filipino,
3511,Lake Of Fire,Nirvana,English,
0120,Laki Sa Layaw,Mike Hanopol,English,
0122,Laklak,Teeth,English,
7508,Lalabas Sana Ako,Selina Sevilla,Filipino,
8703,Lalaguipenak,Ilocano Song,English,
5618,Lalaki Ka Lang,Mystica,English,
16888,Lalaki Lang Ako,Janno Gibbs,Filipino,
16315,Lalala,Naughty Boy ft Sam Smith,English,
5699,Lambada,Kloma,English,
9574,Lambingan,Kontagious,English,
11086,Lamok,Escabeche,English,
9398,Lampa (Ika'y Mag-ingat),Miss Ganda,English,
9700,Lampas Langit,Father & Sons,English,
7935,Lana,Roy Orbison,English,
6237,Land Of Confusion,Genesis,English,
11547,Landi,Hansom,English,
8620,Lando,Gloc 9 Feat Francis M,Filipino,
3512,Landslide,Fleetwood Mac,English,
8704,Langgonisa,Sullivans,English,
3189,Langis At Tubig,Sharon Cuneta,Filipino,
15008,Langit,Slapshock,English,
16843,Langit,Ron Henley ft. BV,English,
9011,Langit,Missing Filemon,English,
1453,Langit Na Naman,Donna,English,
9285,Langit Na Naman,Hotdog,Filipino,
7735,Langit Sa Lupa,Egay Monsalvo,English,
8705,Langit Ug Yuta,Visayan Song,English,
16507,Langit Umaawit,Tom Rodriguez,English,
9992,Lapit,Yeng Constantino,Filipino,
16199,Larawan,Freddie Aguilar,English,
5166,Larawang Kupas,Jerome Abalos,English,
5795,Larger Than Life,Backstreet Boys,English,
15528,Laserlight,Jessie J.,English,
16251,Last Chance,Allure,English,
0881,Last Christmas,Wham,English,
9845,Last Dance,Donna Summers,English,
9656,Last Days On A Cruise Ship,Bamboo,Filipino,
7509,Last Flight Out,Plus One,English,
11810,Last Forever,Iyaz,English,
16494,Last Hope,Paramore,English,
17875,Last Kiss,Pearl Jam,English,
7638,Last Love Song,Heart Evangelista,English,
11119,Last Name,Carrie Underwood,English,
11137,Last Request,Paolo Nutini,English,
17466,Last Summer,Shawn Mendes &,English,
47013,Last Summer,Shawn Mendes &,English,
6240,Last Thing On My Mind,Steps,English,
0883,Last Waltz,E.Humperdinck,English,
9255,Lastikman,Parokya Ni Edgar,Filipino,
5260,Lately,Stevie Wonder,English,
6874,Later,Fra Lippo Lippi,English,
9302,Laugh And Cry,Acel Bisa,English,
4587,Laughing,Guess Who,English,
9839,Laughter All The Time,Gary V.,Filipino,
2940,Laughter In The Rain,Neil Sedaka,English,
13717,Lavender's Blue,Nursery Rhyme,English,
3384,Laverne And Shirley,Theme Song,English,
6241,Lay All Your Love On Me,Abba,English,
3190,Lay Down Sally,Eric Clapton,English,
17288,Lay It All On Me,Rudimental ft Ed Sheeran,English,
16844,Lay Me Down,Sam Smith,English,
17530,Lay Me Down,Adele,English,
9408,Laya,Imago,Filipino,
0812,Layla,Eric Clapton,English,
13718,Lazy Mary,Nursery Rhymes,English,
0191,Le Freak,Chic,English,
15202,Lea,Toto,English,
1150,Lead Me Lord,Gary Valenciano,Filipino,
0385,Lead Me On,Al Green,English,
0741,Leader Of The Band,Dan Fogelberg,English,
17161,Lean On,Major Lazer DJ Snake ft,English,
0474,Lean On Me,Michael Bolton,English,
9432,Leap Of Faith,Hale,Filipino,
11680,Learn To Fly,A1,English,
19743,Learn To Fly,A1,English,
15358,Learn To Love Again,Lawson,English,
9978,Leave Right Now,Will Young,English,
16451,Leave The Night On,Sam Hunt,English,
11295,Leave The Pieces,The Wreckers,English,
11094,Leavin',Jesse McCartney,English,
3498,Leaving On A Jet Plane,John Denver,English,
5496,Leaving Yesterday Behind,Keno,English,
8134,Leaving You,Session Road,Filipino,
11858,Lego House,Ed Sheeran,English,
0937,Legs,Aegis,Filipino,
3513,Lemon Tree,Fools Garden,English,
13601,Leron Leron Sinta,Unknown,English,
6243,Lessons Of Love,Level 42,English,
4593,Let 'Em In,Paul Mccartney,English,
4595,Let Her Cry,Hootie And The Blowfish,English,
16009,Let Her Go,Passenger,English,
2595,Let It Be,Beatles,English,
2596,Let It Be Me,Everly Bros.,English,
15929,Let It Go,Demi Lovato,English,
15995,Let It Go,Idina Menzel,English,
19759,Let It Go (Frozen Ost),Idina Menzel Love Will Keep Us,English,
0389,Let It Grow,Eric Clapton,English,
4596,Let It Shine,Unknown,English,
0041,Let It Snow,Christmas Song,English,
13504,Let It Snow,Christmas Song,English,
6076,Let Me Be,Cascades,English,
7115,Let Me Be,Aero,English,
4226,Let Me Be The One,Carpenters,English,
6946,Let Me Be The One,Jimmy Bondoc,English,
2597,Let Me Be There,Olivia Newton John,English,
0040,Let Me Call You Sweetheart,P. Boon,English,
16769,Let Me Down,Kelly Clarkson,English,
15844,Let Me Go,Avril Lavigne,English,
11733,Let Me Love You,Jed Madela,English,
15081,Let Me Love You,Ne-Yo,English,
8226,Let Me Love You,Mario,English,
9701,Let Me Love You Baby,Tribe Of Levi,English,
4597,Let Me Roll It,Paul Mccartney,English,
17303,Let Me See Ya Girl,Cole Swindell,English,
0039,Let Me Try Again,Frank Sinatra,English,
17146,Let My Fire Out,Frencheska Farr,English,
11874,Let The Drummer Kick,Citizen Cope,English,
4227,Let The Good Times Roll,Ray Charles,English,
1128,Let The Love Begin,Gino Padilla,English,
17073,Let The Pain Remain,Basil Valdez,English,
9975,Let The Pain Remain,Side A,Filipino,
15445,Let Your Love Flow,Bellamy Brothers,English,
3191,Let Your Love Go,Unknown,English,
5167,Let's Get Loud,Jennifer Lopez,English,
3192,Let's Groove,"Earth, Wind, Fire",English,
16942,Let's Make A Memory,Rex Smith,English,
5456,Let's Make A Night To...,Bryan Adams,English,
1021,Let's Take All Night,Barry Manilow,English,
16787,Let's Talk About Sex,Salt N Pepa,English,
2691,Let's Twist Again,Chubby Checker,English,
4599,Letting Go,Paul Mccartney,English,
17141,Levels,Nick Jonas,English,
7784,Liar,Sandara P.,English,
8808,Liar Evil,Agressive Audio,English,
6668,Libreng-Libre,Masculados,English,
16103,Lick It,20 Fingers ft. Roula,English,
5262,Life,Des'ree,English,
9902,Life After You,Daughtry,English,
17147,Life Goes On,LeAnn Rimes,English,
6124,Life In Mono,Mono,English,
4600,Life Is A Flower,Bergg,English,
11324,Life Is A Highway,Rascal Flatts,English,
7254,Life Is A Rollercoaster,Ronan Keating,English,
17847,Life Is Worth Living,Justin Bieber,English,
9071,Life's A Joke,The Speaks,English,
11010,Lifeline,Kjwan,Filipino,
15215,Lifeline,Spandau Ballet,English,
16453,Lifestyle,Rich Gang ft Young Thug,English,
5982,Lift Up Your Hand,Basil Valdez,English,
4601,Lifted,Unknown,English,
11552,Ligaw,Ney Dimaculangan,English,
15593,Ligaw,Moonstar 88 Feat Chito,Filipino,
1190,Ligaw Tingin,Leah Navarro,English,
9491,Ligawan Stage,Rivermaya,Filipino,
1373,Ligaya,Eraserheads,Filipino,
1178,Ligaya Ng Buhay Ko,Unknown,Filipino,
0552,Light And Shade,Fra Lippo Lippi,English,
15010,Light In The Dark,David DiMuzio,English,
0809,Light My Fire,Doors,English,
9459,Light On,David Cook,English,
8932,Light Years,Bamboo,Filipino,
11625,Lighters,Bad Meets Evil Ft. Bruno Mars,English,
15698,Lighthouse,Charice Pempengco,English,
8203,Lightning Crashes,Live,English,
11942,Lights,Ellie Goulding,English,
8370,Lihim,Orange And Lemons,Filipino,
9862,Lihim,Zelle,English,
7736,Lihim Kang Mahal,Nikki Valdez,Filipino,
11225,Like A Boy,Ciara,English,
11419,Like A G6,Far East Movement,English,
9937,Like A Prayer,Madonna,English,
5886,Like A Rose,A1,English,
15633,Like A Star,Corinne Bailey Rae,English,
16289,Like A Stone,Audioslave Love Is An Open Door,English,
2598,Like A Virgin,Madonna,English,
17215,Like A Wrecking Ball,Eric Church,English,
11184,Like An Eskimo,Slapshock,English,
7375,Like I Love You,Justin Ti8mberlake,English,
17005,Like I'm Gonna Lose You,Meghan Trainor ft,English,
47015,Like I'm Gonna Lose You,Meghan Trainor ft.,English,
16746,Like Loving You,Kenny Chesny,English,
17289,Like Me,Dlow,English,
16258,Like This,Paloma Faith,English,
7758,Limang Dipang Tao,Barbie's Cradle,English,
2912,Limbo Rock,Chubby Checker,English,
9767,Limutin Na Lang,Christian Bautista,Filipino,
2099,Linda,Miguel Bose,English,
11481,Linda Blair,Tanya Markova,English,
0223,Line To Heaven,Introvoys,Filipino,
6670,Linger,Cranberries,English,
8310,Lintik,Brownman Revival,Filipino,
6586,Lio Sing Yi,F4,English,
15727,Lipad Ng Pangarap,Angeline Quinto & Regine,Filipino,
15485,Lipat Bahay,Rico Blanco,Filipino,
8560,Lips Of An Angel,Hinder,English,
2770,Lipstick On Your Collar,Connie Francis,English,
5497,Liquid Dreams,O-Town,English,
11972,Liquid Ice,Charlie Green,English,
15986,Liquor Store Blues,Bruno Mars,English,
8706,Liso,Visayan Song,English,
8601,Listen,Beyonce,English,
4603,Listen To Me,Buddy Holly,English,
0192,Listen To The Music,Doobie Brothers,English,
0827,Listen To What The Man Said,Paul Mccartney,English,
16145,Listen To Your Heart,Roxette,English,
1705,Listen To Your Heart,Sonia,English,
3517,Lithium,Nirvana,English,
8568,Lithium,Evanescence,English,
13555,Little Bo Peep,Traditional,English,
4604,Little Bo Peep,Traditional,English,
13602,Little Boy Blue,Nursery Rhyme,English,
0193,Little Darlin',Maurice Williams,English,
3195,Little Deuce Coupe,Unknown,English,
1699,Little Devil,Neil Sedaka,English,
13603,Little Goldfish,Unknown,English,
5983,Little Green Apples,Various Artist,English,
6125,Little Honda,Beach Boys,English,
5619,Little Indian Five Six,Roy George,English,
13604,Little Jack Horner,Nursery Rhyme,English,
13605,Little Miss Muffet,Nursery Rhyme,English,
17811,Little More,Chris Brown,English,
5026,Little Old Lady From Pasadena,Jan And Dean,English,
7936,Little Past Little Rock,Leanne Rimes,English,
13644,Little Peter Rabbit,Nursery Rhyme,English,
13645,Little Red Hen,Nursery Rhymes Little Robin Redbreast,English,
15118,Little Things,One Direction,English,
13647,Little Tommy Tucker,London Bridge Is,English,
0884,Little Wing,Sting,English,
9231,Little Wonders,Rob Thomas,English,
3518,Live And Let Die,Guns & Roses,English,
17246,Live From the Gutter,Drake And Future,English,
15463,Live It Up,Jennifer Lopez ft. Pitbull,English,
0732,Live To Tell,Madonna,English,
15119,Live While We're Young,One Direction,English,
17006,Live Without Your Love,Windjammer,English,
13663,Lived In The Shoe,Nursery Rhymes,English,
4276,Livin' La Vida Loca,Ricky Martin,English,
2757,Livin' On A Prayer,Bon Jovi,English,
16774,Living For Love,Madonna,English,
11251,Living For The Night,George Strait,English,
4606,Living In A World,Unknown,English,
3318,Living In America,Neil Diamond,English,
0885,Living In The Past,Jethro Tull,English,
4608,Living In The U.S.A.,Steve Miller Band,English,
0882,Living Next Door To,Smokie,English,
5454,Living On A Jet Plane,Jet Pangan Group,English,
8073,Living The Dream,Jennylyn Mercado,English,
8215,Living To Love You,Sarah Connor,English,
11331,Liwanag,Julianne,English,
11432,Liwanag,Callalily,Filipino,
17451,Liwanag,Zion Aquino ft Yeng,Filipino,
8129,Liwanag Sa Dilim,Rivermaya,Filipino,
8707,LKK,Milyonaryo,English,
3928,Load Out & Stay,Jackson Brown,English,
6587,Loaded,Ricky Martin,English,
2123,Lobo,Dulce,English,
17163,Locked Away,R. City ft Adam Levine,English,
15136,Locked Out Of Heaven,Bruno Mars,English,
48996,Locked Out Of Heaven,Bruno Mars,English,
3929,Locomotion,Osbourne,English,
0444,Lodi,CCR,English,
3520,Lola,The Kinks,English,
5620,Lollipop,Aqua,English,
9822,Lollipop,2NE1 & Big Bang,English,
16053,Lolo Jose,Coritha,English,
9897,London,Lily Allen,English,
1374,London Bridge,Various,English,
16877,London Bridge,Fergie,English,
15943,London By Night,Frank Sinatra,English,
4609,London Town,Paul Mccartney,English,
16894,Loneliness,Laura Pausini,English,
11534,Lonely,2ne1,English,
9315,Lonely,Akon,Filipino,
11800,Lonely Again,Ne-Yo,English,
4228,Lonely Boy,Paul Anka,English,
15728,Lonely In Love,Dan Fogelberg,English,
0253,Lonely Is The Night,Air Supply,English,
11502,Lonely Night,Princess Velasco,English,
8301,Lonely No More,Rob Thomas,English,
16931,Lonely Road,Everlast,English,
15469,Lonely Together,Barry Manilow,English,
6245,Lonesome Loser,Little River Band,English,
4611,Lonesome Tears,Buddy Holly,English,
7785,Lonestart,Norah Jones,English,
6434,Long And Winding Road,Luther Vandross,English,
2865,Long Cool Woman,The Hollies,English,
1127,Long Hair,Weedd,English,
6246,Long Live Rock,The Who,English,
8597,Long Long Time,Linda Ronstadt,English,
6435,Long Tall Sally,The Beatles,English,
6248,Long Time,Boston,English,
11309,Long Trip Alone,Dierks Bentley,English,
3931,Longer,Dan Fogelberg,English,
13525,Looby Loo,Traditional,English,
1501,Looby Loo,Traditional,English,
11095,Look After You,The Fray,English,
4612,Look At Me,Buddy Holly,English,
11549,Look At Me Now,Chris Brown Ft Lil Wayne &,English,
1585,Look In Her Eyes,Gary Valenciano,Filipino,
6249,Look Of Love,Burt Bacharach,English,
15944,Look To Your Heart,Frank Sinatra,English,
15650,Look Up,Ryzza Mae Dizon,English,
8053,Look What You've Done,Jet,English,
0418,Lookin' Out My Back,Ccr,English,
0886,Looking For Love,Johnny Lee,English,
5918,Looking Through The Eyes..,Melissa Manchester,English,
3197,Looks Like We Made It,Barry Manilow,English,
8245,Loose My Breath,Destiny's Child,English,
16770,Loose Wires,Kenna,English,
15444,Lord Patawad,Basilyo,English,
5498,Lorena,Renz Verano,English,
6374,Lorena,Willie Garte,English,
17297,Lose My Mind,Brett Eldredge,English,
11872,Lose Yourself,Eminem,English,
17566,Loser,Beck,English,
3524,Losing My Religion,REM,English,
16483,Losing The Love,Joy Enriquez,English,
9237,Lost,Michael Buble,English,
15668,Lost Generation,Rizzle Kicks,English,
0743,Lost In Emotion,Lisa Lisa,English,
0742,Lost In Love,Air Supply,English,
11666,Lost In Space,Lighthouse Family,English,
1707,Lost In Your Eyes,Debbie Gibson,English,
16135,Lost In Your Love,Redlight,English,
11226,Lost Without U,Robin Thicke,English,
3525,Lost Without Your Love,Bread,English,
17535,Lot To Learn,Luke Christopher,English,
11699,Louder,Charice,English,
11989,Lov Na Lov,Gloc 9 ft Lovie Poe,Filipino,
16136,Love,Jim Photoglo,English,
17740,Love,Randy Goodrum,English,
2599,Love,John Lennon,English,
7937,Love Ain't,Take That,English,
8037,Love And Marriage,Frank Sinatra,English,
9598,Love Bug,Jonas Brothers,English,
4229,Love Can Move Mountains,Celine Dion,English,
9072,Love Can't Lie,Sarah Geronimo,Filipino,
5286,Love Don't Cost A Thing,Jennifer Lopez,English,
11120,Love Drunk,Boys Like Girls,English,
9772,Love Games,Lady Gaga,English,
5499,"Love Gives, Love Takes",The Corrs,English,
5426,Love Her Madly,Doors,English,
8815,Love Hug,Bisrock,English,
0371,Love Hurts,Nazareth,English,
3514,Love Hurts & You Are...,Unknown,English,
2600,Love Is A Many Splendored...,Andy Williams,English,
4615,Love Is A Stranger,Annie Lennox,English,
3198,Love Is A Wonderful Thing,Michael Bolton,English,
1503,Love Is All Around,Wet Wet Wet,English,
8844,Love Is All I Need,Yasmien Kurdi,English,
5168,Love Is All That Matters,Eric Carmen,English,
0401,Love Is Blue,Al Martino,English,
8963,Love Is Contagious,Nina,Filipino,
6920,Love Is For Singing,Apo Hiking Society,Filipino,
3499,Love Is In The Air,John Paul Young,English,
0279,Love Is Love,Culture Club,English,
0229,Love Is Real,John Lennon,English,
11745,Love Is The Answer,England Dan & John Ford,English,
15252,Love Kita Noon,Haganas,English,
8359,Love Ko 'To,Kitchie Nadal,Filipino,
9702,Love Letter,Kitchie Nadal,Filipino,
15116,Love Letters,Nat King Cole,English,
1737,Love Makes No,Ce Ce Peniston,English,
11421,Love Me,Justin Bieber,English,
15167,Love Me,Samantha Chavez,English,
1586,Love Me,Elvis Presley,English,
17028,Love Me,Terri Gibbs,English,
6589,Love Me,Martin Mccutcheon,English,
9817,Love Me,Michael Cretu,English,
16076,Love Me Again,John Newman,English,
0408,Love Me Do,Beatles,English,
1022,Love Me For A Reason,Boyzone,English,
15924,Love Me For Me,Cher Llyod,English,
15015,Love Me For What I Am,Lobo,English,
5337,Love Me For What I Am,The Carpenters,English,
11277,Love Me If You Can,Toby Keith,English,
16835,Love Me Instead,Moira Dela Torre,Filipino,
17459,Love Me Kill Me,Maja Salvador,English,
17319,Love Me Like You,Little Mix Love Me Like You,English,
17136,Love Me Somebody,Bad Company,English,
2601,Love Me Tender,Elvis Presley,English,
0682,Love Me Tonight,Tom Jones,English,
9820,Love Me With All Of Your Heart,Engelbert Humperdinck,English,
8198,Love Moves In Mysterious...,Nina,Filipino,
17126,Love Myself,Hailee Steinfeld,English,
16253,Love Never Felt So Good,Michael Jackson and,English,
9368,Love Of A Lifetime,Firehouse,English,
11746,Love Of My Life,Jim Brickman,English,
16866,Love Of My Life,Brian McKnight Love Really Hurts,English,
3933,Love Of My Life,Queen,English,
5170,Love Of My Life,South Border,Filipino,
9073,Love Of My Life,Rachelle Ann Go,English,
0400,Love On The Rocks,Neil Diamond,English,
11871,Love On Top,Beyonce,English,
2907,Love Potion No.9,The Searchers,English,
11928,Love Radio Theme,Love Radio Theme,English,
16082,Love Rollercoaster,Red Hot Chili Peppers,English,
16252,Love Runs Out,One Republic,English,
11424,Love Shack,B-52's,English,
17825,Love So Right,Bee Gees,English,
15472,Love Somebody,Maroon Five,English,
5458,Love Somebody,Rick Springfield,English,
16107,Love Song,311,English,
9318,Love Song,Nancy Jane,English,
2602,Love Story,Andy Williams,English,
16075,Love Story (Where Do I...),Andy Williams,English,
8593,Love Team,Itchyworms,Filipino,
11338,Love The Way You Lie,Eminem ft Rihanna,English,
6588,Love To See You Cry,Enrique Iglesias,English,
4364,Love Will Keep Us Alive,Eagles,English,
0978,Love Will Keep Us Together,Neil Sedaka,English,
11749,Love Will Never Lie,Michael Learns To Rock,English,
9782,Love Will Set Us Free,The Dawn,English,
1588,Love Without Time,Nonoy Zuniga,English,
11260,Love You,Jack Ingram,English,
11667,Love You Down,Inoj,English,
17379,Love Yourself,Justin Bieber,English,
6436,Love's Been Good To,Frank Sinatra,English,
4618,Love's Made A Fool Of You,Buddy Holly,English,
9703,Love's So Beautiful,Noel Cabangon,English,
6590,Love's Terrain,F4,English,
17545,Lovefool,The Cardigans,English,
6252,Lovers Moon,Glenn Frey,English,
15159,Loves Grown Deep,Kenny Nolan,English,
2885,Lovesick Blues,Jimmy Buffet,English,
15381,Lovesong,Adele,English,
6951,Lovin' You,Nina,Filipino,
9622,Loving,Gabby Eigenman,English,
15017,Loving Arms,Kris Kristofferson,English,
15294,Loving You,Ric Segreto,English,
6253,Loving You,Minnie Riperton,English,
11825,Loving You Tonight,Andrew Allen,English,
8286,Low,Kelly Clarkson,English,
9359,Low,Flo Rida Ft. T Pain,English,
9362,Low (Bisaya),Bisaya Version,English,
6254,Low Man's Lyric,Metallica,English,
16295,Loyal,Chris Brown,English,
13649,Lubi Lubi,Unknown,English,
0887,Lucille,Little Richard,English,
15470,Lucille,Kenny Rogers,English,
4620,Luck Be A Lady,Frank Sinatra,English,
11096,Lucky,Jason Mraz feat. Colbie,English,
19729,Lucky,Jason Mraz feat. Colbie,English,
6982,Lucky,Britney Spears,English,
1375,Lucky Guy,Cascades,English,
16018,Lucky In Love,Paolo Onesa,English,
7975,Lucky Lips,Ruth Brown,English,
4343,Lucky Love,Ace Of Base,English,
9966,Lucky Man,The Verve,English,
0578,Lucky One,Amy Grant,English,
6671,Lucky Star,Madonna,English,
0163,Lucy In The Sky With...,The Beatles,English,
13650,Lucy Locket,Unknown,English,
5171,Luha,Aegis,Filipino,
6592,Lui Sing Yi,F4,English,
9001,Luisita,Bisrockluisita,English,
6437,Luka,Suzanne Vega,English,
9875,Lumang Simbahan,Traditional,English,
7077,Lumang Tugtugin,Apo,English,
11470,Lumapit,Archipelago,English,
0177,Lumayo Ka Man,Rodel Naval,English,
9074,Lumilipad,Ogie Alcasid,Filipino,
9576,Lumiliwanag,Moonstar 88,Filipino,
8194,Lumingon Ka Lang,Sarah Geronimo,Filipino,
16201,Lumuhod Man Ako,Zaito,Filipino,
5172,Lumuluha,Isabel Granada,English,
15651,Luna,Up Dharma Down,English,
0268,Lunatic,Gazebo,English,
8135,Lunes,Sponge Cola,English,
8845,Lunod,Danita,English,
3202,Lupa,Asin,English,
5502,Lupaypay,Ruffa Mae Quinto,English,
8816,Lupin (Lupin Ost),Janno Gibbs,English,
17579,Lush Life,Zara Larsson,English,
5504,Lutong Bahay,Parokya Ni Edgar,Filipino,
6256,Lying Eyes,Eagles,English,
1281,Maalaala Mo Kaya,Carmen Soriano,English,
9876,Maalala Mo Pa Rin,Richard Reynoso,Filipino,
9842,Maalala Mo Sana,Silent Sanctuary,Filipino,
9256,Maanad Raka,Scrambled Eggs,English,
17174,Maari Ba,Beverly Caimen,English,
17513,Mabuti Pa,Daryl Ong,English,
5985,Mabuti Pa No'ng Bata,Vst & Co.,Filipino,
8331,Mabuti Pa Sila,Gary Granada,English,
5700,Macarena,Los Del Rio,English,
3531,Macarthur Park,Jim Webb,English,
9562,Macho,Parokya Ni Edgar,Filipino,
8709,Macho Dancer,Milyonaryo,English,
7575,Macho Gwapito,Rico J.Puno,English,
11678,Macho Man,Village People,English,
7234,Macho Papa,Masculados,English,
8075,Machunurin,Masculados,English,
9541,Mad,Neyo,English,
16833,Mad World,Gary Jules !!,English,
7786,Madalas Kung Minsan,Aiza Seguerra,Filipino,
15806,Madaling Araw,Sylvia La Torre,English,
15705,Made In The USA,Demi Lovato,English,
7576,Madelyn,April Boy,English,
15414,Madness,Muse,English,
9266,Mag-aasawa Na Ako,Unknown,Filipino,
8077,Mag-Exercise,Vhong Navarro,English,
15262,Mag-usap,6 Cyclemind,English,
9075,Maganang Umaga,Vhong Navarro,English,
3203,Magandang Gabi,Nonoy Zuniga,English,
5505,Magasin,Eraserheads,Filipino,
11050,Magbabalik Ka Pa Ba,Nikki Gil,English,
6752,Magbago Ka,Sampaguita,English,
8595,Magbalik,Callalily,Filipino,
6753,Magbati Na Tayo,Marissa Sanchez,English,
15849,Magda,Glock9 ft. Rico Blanco,Filipino,
5986,Magdalena,Freddie Aguilar,English,
8710,Magdumil,Visayan Song,English,
6127,Magellan,Yoyoy Villame,English,
3534,Maggie May,Beatles,English,
17871,Maghihintay,Mark Allain,English,
5987,Maghihintay Ako,Rica Peralejo,Filipino,
7631,Maghihintay Ako,Carmela Cuneta,Filipino,
8547,Maghihintay Ako,Regine Velasquez,Filipino,
11486,Maghihintay Sa 'Yo,Jake Vargas,Filipino,
1578,Maghihintay Sa Iyo,Dingdong A.,English,
5621,Maghihintay Sa Iyo,Jessa Zaragosa,English,
7423,Maghihintay Sa Iyo,Carmela Cuneta,English,
1054,Maghintay Ka Lamang,Ted Ito,English,
11358,Magic,Selena Gomez,English,
16118,Magic,Coldplay,English,
5460,Magic,Michael Learns To Rock,English,
9399,Magic,Sino Sikat,English,
3582,Magic Girl,Pretty Sammy,English,
6257,Magic Man,Heart,English,
16897,Magical Feeling,M.Y.M.P.,English,
0500,Maging Sino Ka Man,Rey Valera,Filipino,
15354,Magkabilang Mundo,Jireh Lim,Filipino,
11177,Magkaibang Mundo,Hale,Filipino,
1249,Magkakabalikan Pa Ba,Imelda Papin,English,
1773,Magkasuyo Buong Gabi,Rico J. Puno,English,
9816,Magkasuyo Buong Gabi,Regine Velasquez And,Filipino,
5174,Magkayakap Na Puso,Vina Morales,Filipino,
8393,Magmahal Muli,Sam And Say,Filipino,
6672,Magmahalan Na,Dyna Souls,Filipino,
8342,Magmula Ngayon,Ogie Alcasid,Filipino,
7233,Magnanakaw,Asin,English,
4621,Magneto And Titanium Man,Paul Mccartney,English,
7577,Magnifica,Vst & Co.,English,
7337,Magnify The Lord,Michael O'shields,English,
6948,Magpakailan Man,Wency Cornejo,English,
15020,Magpakailan Pa Man,Ogie & Regine,Filipino,
7578,Magpakailan Pa Man,J.Brothers,English,
15019,Magpakailanman,Top Suzara,English,
8964,Magsasaya,6 Cycleminds,English,
6673,Magsaya Ng Magsaya,Rainbows,Filipino,
13651,Magtanim Ay Di Biro,Unknown,English,
9076,Magtiwala Ka (Fantastikids),Shamrock,English,
16834,Magulo Buhay Ng Tao,The Youth,Filipino,
15216,Mahaba Ang Gabi,Spongecola,Filipino,
9495,Mahagkan Kang Muli,Aiza Seguerra,Filipino,
1589,Mahal,Sharon Cuneta,Filipino,
7510,Mahal Ginagabi Ka Na Naman,Geraldine,Filipino,
8711,Mahal Hangtud Sa Lubnganan,Visayan Song,Filipino,
4965,Mahal Ka Sa Akin,Tootsie Guevarra,Filipino,
1151,Mahal Kita,Rey Valera,Filipino,
5887,Mahal Kita,Renz Verano,Filipino,
8937,Mahal Kita,Gerald Santos,Filipino,
6674,Mahal Kita Kahit Kailan,Junior,Filipino,
11478,Mahal Kita Kasi,Nicole Hyala,Filipino,
16427,Mahal Kita Pero,Janella Salvador,Filipino,
1590,Mahal Kita Walang Iba,Ogie Alcasid,Filipino,
9877,"Mahal Kita, Mahal Mo Siya...",Sharon Cuneta,Filipino,
16434,Mahal Ko O Mahal Ako,Kz Tandingan,Filipino,
5265,Mahal Mo Ba Ako,J.Magdangal,Filipino,
1251,Mahal Mo Ba Sya,Eva Eugenio,Filipino,
6438,Mahal Mo Ba'y Di Na,Roselle Nava,Filipino,
1378,Mahal Mo Pa Ba Ako,Sharon Cuneta,Filipino,
15824,Mahal Na Mahal Kita,Sam Concepcion,Filipino,
6700,Mahal Na Mahal Kita,Aegis,Filipino,
6754,Mahal Na Mahal Kita,Ransa C.,Filipino,
3212,Mahal Na Mahal Na Mahal Kita,April Boy Regino,Filipino,
8588,Mahal Naman Kita,Marri Nallos,Filipino,
9322,Mahal Pa Rin,Sam Milby,Filipino,
0482,Mahal Pa Rin Kita,Rockstar,Filipino,
5175,Mahal Pa Rin Kita,Lani Misalucha,Filipino,
7511,Mahal Saan Ka Nanggaling...,Imelda Papin,Filipino,
8713,Mahimo Ko Ba,Visayan Song,English,
7405,Mahirap Ang Maging,Andrew E.,Filipino,
1286,Mahiwaga,Ric Manrique,English,
15114,Mahiwaga,Join The Club,English,
17567,Mahiwagang Kamote,FrancisM,English,
8189,Mahiwagang Puso,Karylle,English,
7656,Maibabalik Ko Ba,Josh Santana,English,
16349,Main Chick,66 Kid Ink,English,
7512,Maisip Mo Lang Ako,Von Arroyo,Filipino,
8437,Majika,Kitchie Nadal,Filipino,
15028,Major Tom,Peter Schilling,English,
8330,Makaaasa Ka,Rivermaya,Filipino,
11022,Makapiling Ka,Spongecola,English,
1708,Makapiling Ka Sana,Dingdong Avanzado,English,
1591,Make Believe,Marco Sison,English,
6471,Make It Easy On Me,Steps,English,
11008,Make It Mine,Jason Mraz,English,
7078,Make It Real,The Jets,English,
0581,Make It Right,Lisa Stansfield,English,
3017,Make It With You,Bread,English,
15731,Make Love Stay,Dan Fogelberg,English,
6984,Make Me A Love Song,L.A.Lopez,English,
17066,Make Me An Island,Joe Dolan,English,
9340,Make Me Believe,Aicelle Santos,English,
0888,Make Me Smile,Chicago,English,
0838,Make The World Go,Willie Nelson,English,
15253,Make Up My Heart,Josie Aiello,English,
11484,Make You Feel My Love,Adele,English,
7882,Make You Mine,Nina,Filipino,
16775,Make You Sweat,Keith Sweat,English,
3940,Make Your Own Kind Of Music,Mama Cass,English,
8610,Makes Me Wonder,Maroon 5,English,
17422,Makin' Moves,Darren Espanto,English,
17645,Makin' Plans,Miranda Lambert,English,
0284,Making Love,Roberta Flack,English,
3941,Making Love Out Of Nothing...,Air Supply,English,
8340,Makita Kang Muli,Sugar Free,English,
8438,Makulay Na Buhay,Kitchie Nadal,Filipino,
7338,Makulit,Dj Alvaro,English,
15625,Malaya Ka Na,Armchairs,English,
7675,Malaya Ka Na,Lani Misalucha,English,
15652,Malayang Magmahal,Rivermaya,Filipino,
9623,"Malayo Man, Malapit Din Ako",Bayang Barrios,Filipino,
0481,Malayo Pa Ang Umaga,Rey Valera,Filipino,
16496,Mali,Shadow,English,
1283,Maligayang Pasko,Traditional,English,
7065,Maligayang Pasko,Siakol,Filipino,
13652,Maliit Na Pitsel,Unknown,English,
13653,Maliliit Na Gagamba,Unknown,English,
5266,Maling Akala,Chino Romero,English,
8250,Maling Akala,Brownman Revival,Filipino,
8714,Malipajon Ang Takna,Visayan Song,Filipino,
5992,Malupit Na Pag-Ibig,Victor Wood,English,
15531,Mama,Heintje,English,
4290,Mama,Spice Girls,English,
8417,Mama,Il Divo,English,
9012,Mama,Mantequilla,English,
9503,Mama,Charice Pempengco,English,
8870,Mama Mia,Abba,English,
16446,Mama's,Tim McGraw ft Faith Hill,English,
15413,Mama's Broken Heart,Miranda Lambert,English,
8166,Mama's Girl,Sexbomb,English,
3204,Mama's Pearl,Unknown,English,
16176,Mamahalin,Angeline Quinto,Filipino,
8078,Mamahalin,Ariel Rivera,Filipino,
9624,Mamahalin,Yasmien Kurdi,Filipino,
15333,Mamang Sorbetero,Celeste Legaspi,English,
6260,Mamasyal Sa Pilipinas,Juan Dela Cruz,English,
15411,Mamatay Man Ako,Jam Disciples,Filipino,
8519,Mamaw,Michael V.,English,
5176,Mambo No 5,Lou Bega,English,
15227,Mambobola,Zsa Zsa Padilla,English,
4624,Mame,Play,English,
8188,Mamimiss Kita,Father & Son,English,
11763,Man Down,Rihanna,English,
19744,Man Down,Rihanna,English,
4626,Man I Feel Like A,Unknown,English,
16456,Man In The Box,Alice In Chains Meanwhile Back At,English,
0980,Man In The Mirror,Michael Jackson,English,
16098,Man Of The Year,School Boy Q,English,
16915,Man On A Wire,The Script,English,
9704,Mana-Mana Lang `Yan,Gary Granada,English,
17760,Mananatili,Marlo Mortel & Janella,English,
8358,Mananatili,Freestyle,Filipino,
13527,Manang Biday,Ilocano Folk Song,English,
1648,Manang Biday,Ilocano Folk Song,English,
8715,Manang Nagpitakasan,Ilocano Song,English,
15062,Mandy,Westlife,English,
7217,Mandy,Barry Manilow,English,
5461,Maneater,Hall And Oates,English,
8565,Maneater,Nelly Furtado,English,
8345,Mang Jose,Parokya Ni Edgar,Filipino,
9625,Manhid,Regine Velasquez,Filipino,
15852,Manhid Ka,Vice Ganda,English,
15532,Maniac,Michael Sembello,English,
0837,Manic Monday,Bangles,English,
8079,Manila,Hotdog,Filipino,
9787,Manila,Sandwich,English,
5506,Manila Girl,Put3ska,English,
0322,Maniniwala Ba Ako,Roselle Nava,Filipino,
6261,Maniwala Ka,Aegis,Filipino,
7406,Maniwala Ka Sana,Parokya Ni Edgar,Filipino,
15732,Mano Po Ninong,Tarzan & Jane Mano Po Ninong Mano... 15733 Mabuhay Singers,English,
15106,Manong Guard,Emmanuelle And Yeng,Filipino,
9745,Manunumbalik Lamang,Yasmien Kurdi,English,
9257,Manyakis Blues,Scrambled Eggs,English,
8846,Mapagkunwari,Faith Cuneta,English,
7081,Mapansin,Paolo Santos,English,
16312,Maps,Maroon 5,English,
1219,Mardy,Eddie Peregrina,English,
3536,Margaritaville,Jimmy Buffet,English,
15247,Maria,Jason Fernandez,English,
15339,Maria,General Luna,English,
8847,Maria Flordeluna,Sheryn Regis,English,
8716,Mariang Palad,Sullivans,English,
8717,Marietta,Visayan Song,English,
6439,Marimar,Thalia,English,
9989,Married With Children,Oasis,English,
11491,Marry Me,Train,English,
17539,Marry Me,Jason Derulo,English,
11743,Marry The Night,Lady Gaga,English,
11554,Marry You,Bruno Mars,English,
11807,Marry Your Daughter,Brian Mcknight,English,
2175,Martha,"H,Avendano",English,
11026,Martilyo,Gloc 9 ft Dex of LDS,Filipino,
8480,Martyr Nyebera,Kamikazee,Filipino,
5623,Marupok Na Sumpa,Larry Miranda,English,
16869,Marvin Gaye,Charlie Puth ft Meghan,English,
47016,Marvin Gaye,Charlie Puth ft. Meghan,English,
13518,Mary Had A Little Lamb,Various,English,
1381,Mary Had A Little Lamb,Various,English,
15654,Mary Jane,Aegis,Filipino,
13654,Mary Mary Quite Contrary,Nursery Rhyme,English,
3537,Mary's Boy Child,Harry Belafonte,English,
8879,Mas Gusto Mo S'ya,Andrew E.,English,
5178,Mas Mahal Na Kita Ngayon,Michael V.,Filipino,
5087,Mas Que Nada,Sergio Mendez,English,
6709,Masakit,Hannah Villame,English,
8718,Masapol Ka Di,Visayan Song,English,
8242,Masaya,Bamboo,Filipino,
13655,Masaya Kung Sama Sama,Unknown,English,
6591,Masculados,Masculados,English,
17051,Maselang Bahaghari,Eraserheads,Filipino,
5507,Maskara,Eraserheads,Filipino,
9321,Maskara,Rivermaya,Filipino,
15022,Maskman Opening,Maskman Theme,English,
0351,Massachusetts,Bee Gees,English,
11747,Masterpiece,Atlantic Star,English,
8239,Mata,Mojo Fly,English,
9370,Mata Ng Diyos,Wolfgang,Filipino,
8719,Matag Litok Awiton,Visayan Song,English,
0545,Material Girl,Madonna,English,
8163,Matt Monroe Medley,Matt Monroe,English,
5267,Matud Mo,Visayan,English,
1171,Matud Nila,Visayan Song,English,
15035,Matututuhan Mo Rin,Rocksteddy,Filipino,
8720,Mauna Ka Bago Ako,Milyo Naryo,Filipino,
19698,Mawawala,Ogie Alcasid,Filipino,
6262,Maxwell's Silver,The Beatles,English,
9763,May 1,Archipelago,English,
8516,May B.O. Na Ako,Michael V.,Filipino,
0108,May Bukas Pa,Rico J. Puno,English,
7218,May Bukas Pa,Aegis,Filipino,
0173,May Crush Ako Sa'yo,Cinderella,Filipino,
16989,May Damdamin,Leo Valdez,English,
15945,May Each Day,Andy Williams,English,
1072,May Gusto Ako Sa Iyo,Wendell,Filipino,
7787,May Iba Pa,Aiza Seguerra,Filipino,
9878,May Isa Na Namang Kumagat...,Michael V.,English,
7082,May Kakaibang Kutob,Jason Martines,English,
1073,May Mahal Ka Nang Iba,Pal Villaluz,Filipino,
9705,May Minamahal,Rachel Alejandro,Filipino,
1593,May Pag-Asa Ba,Introvoys,Filipino,
0123,May Pag-Ibig Pa Ba,Bing Rodrigo,English,
11674,May Pag-Ibig Pa Ba,South Border,Filipino,
1243,May Pagtingin,Wendell,English,
8721,May Pulis Sa Ilalim Ng Tulay,Sullivans,Filipino,
6440,May Silangan Pa,Bing Rodrigo,English,
8627,May Tama Rin Ako,Jay-R Siaboc,Filipino,
15115,Maybe,Peabo Bryson & Roberta Flack,English,
7235,Maybe,King,English,
7657,Maybe,Neo Colours,English,
8008,Maybe,Sheryn Regis,English,
0457,Maybe Baby,Buddy Holly,English,
8434,Maybe It's You,Jolina Magdangal,English,
5268,Maybe This Time,Michael Murphy,English,
9784,Maybe This Time,Martin Nievera,Filipino,
3207,Maybe Tomorrow,Jackson 5,English,
9974,Maybe You Should,Kenny Rogers,English,
6492,Mayron Sayo’y Nagmamahal,Kuh Ledesma,Filipino,
3208,Mayroon Pang Pag-Asa,April Boy Regino,English,
8722,Maysa Abukel,Ilocano Song,English,
8723,Maysa Laeng,Ilocano Song,English,
9706,May’ron Pa Ring Pag,Jaya,English,
1899,Mazatlan,Mike Laure,English,
11121,Me & U,Cassie,English,
0194,Me & You & Dog Named Boo,Unknown,English,
7850,Me Agains The Music,Britney Spears,English,
3348,Me And Bobby Mcgee,Janis Joplin,English,
0355,Me And Mrs. Jones,Dr. Dre,English,
16167,Me And My Broken Heart,Rixton,English,
16949,Me And You,Nadine Lustre,Filipino,
16279,Me Feel,Michael Jackson,English,
17120,Me Now,Alice Cooper,English,
11618,Mean,Taylor Swift,English,
17133,Mean It,Kelsea Ballerini,English,
15898,Meet Me Halfway,Kenny Loggins,English,
6755,Meet Me Halfway,Jessa Zaragoza,Filipino,
11727,Megalomaniac,Incubus,English,
4630,Mellow Yellow,Donovan,English,
15807,Melody,Andy Gibb,English,
0352,Melody Fair,Bee Gees,English,
11805,Melt My Heart To Stone,Adele,English,
8225,Melt With You,China Crisis,English,
0446,Memories,Elvis Presley,English,
15071,Memories Of Our Dream,Eddie Peregrina,English,
1635,Memory,Barbra Streisand,English,
6875,Memory,Barry Manilow,English,
3539,Memphis Tenessy,Johnny Rivers,English,
1905,Mentira Mentira,Javier Solis,English,
5180,Mercury Blues,Alan Jackson,English,
11943,Mercy,Kanye West,English,
17076,Mercy,One Republic,English,
9920,Mercy,Duffy,English,
3209,Mercy Mercy Mercy,Marvin Gaye,English,
11568,Meron Akong Ano,Kamikazee,Filipino,
11248,Meron Ba,Kjwan,Filipino,
15473,Meron Ba,Barbie Forteza,English,
5624,Meron Ba?,Nikki Valdez,English,
15899,Meron Ng Iba,Silent Sanctuary Feat. Ashley,Filipino,
13656,Merrily We Roll Along,Unknown,English,
1461,Merry Chistmas To You,Traditional,English,
0048,Merry Christmas,Carpeters,English,
13505,Merry Christmas,Carpeters,English,
1442,Merry Christmas Darling,The Carpenters,English,
13787,Merry Little Christmas,"Kid Songs Head, Shoulders",English,
4632,Merry Xmas Everybody,Unknown,English,
3540,Message In A Bottle,Police,English,
9548,Message In A Bottle,The Dawn,English,
16982,Metalingus,Alter Bridge,English,
7101,Meteor Rain,F4,English,
6080,Metoor Something Strange,Unknown,English,
3958,Mexican Girl,Smokie,English,
6797,Mga Babong,"Tito, Vic & Joey",English,
11986,Mga Kababayan,Francis M,English,
16950,Mga Langaw,Grin Department,English,
8724,Mga Tipik Sa Damgo,Visayan Song,English,
8725,Mibalik Ako,Visayan Song,Filipino,
3959,Michael Row The Boat Ashore,The Kingsmen,English,
2603,Michelle,The Beatles,English,
7059,Michico Latino,Gerri Halliwell,English,
5508,Mickey,Toni Basin,English,
9382,Midinite Special,Jeepney Joyride,English,
2607,Midnight Blue,E.L.O.,English,
0889,Midnight Confession,The Grass Roots,English,
15657,Midnight Girl,Christian Vega,English,
4634,Midnight Hour,Wilson Pickett,English,
2680,Midnight Lady,Chris Norman,English,
16016,Midnight Memories,One Direction,English,
0932,Midnight Rider,Allman Brothers,English,
9317,Migraine,Moonstar 88,Filipino,
17453,Milagro,Jason Dy,English,
5269,Miles Away,Colin Blunston,English,
5993,Miles Away,Basia,English,
9843,Miles Away,Kuh Ledesma,English,
7939,Milk And Toast Honey,Roxette,English,
4635,Millennium,Robbie Williams,English,
9418,Million Miles Away,Nikki Gil,English,
13586,Millstream,Kid Songs,English,
15659,Minahal Kita,Michael Laygo,English,
15660,Minahal Kita,Aegis,Filipino,
5115,Minamahal Kita,Freddie Aguilar,Filipino,
9077,Minamahal Kita,Ogie Alcasid,Filipino,
17755,Minamahal Pa Rin Ako,Daryl Ong,Filipino,
8232,Minamalas,Mojofly,English,
6265,Mind Games,John Lennon,English,
6129,Mindanao,Freddie Aguilar,English,
11332,Mine,Taylor Swift,English,
8784,Mine,Kim Chiu,English,
1074,Minsan,Bert Dominic,English,
11970,Minsan,Callalily,Filipino,
8882,Minsan,Eraserheads,Filipino,
9802,Minsan,Cueshe,Filipino,
1312,Minsan Isang Kahapon,Lea Salonga,English,
1250,Minsan Lamang,Ric Mantique,English,
9311,Minsan Lang,Jay-R Siaboc,English,
9707,Minsan Lang,Martin Nievera Minsan Lang Kitang Iibigin 11748 Regine Velasquez,Filipino,
1303,Minsan Lang Kitang Iibigin,Ariel Rivera,English,
5625,Minsan Minsan,Manilyn Reynes,English,
1505,Minsan Pa,The Flippers,English,
5890,Minsan Pa,Diwata,English,
9078,Minsan Pa,Victor Wood,English,
9848,Minsan Pa,Faith Cuneta,English,
9708,Minsan Sa Isang Panahon,Kuh Ledesma,English,
7513,Minsan-Minsan,Claire,English,
0496,Miracle,Whitney Houston,English,
15412,Miracle,Stylistics,English,
7884,Miracle,Christian Bautista,Filipino,
16825,Miracles,America,English,
5183,Mirror Mirror,M2m,English,
15404,Mirrors,Justine Timberlake,English,
15736,Misa De Gallo,Alpha All Stars,English,
5627,Miserablism,Pet Shop Boys,English,
11350,Misery,Maroon 5,English,
48992,Misery,Maroon 5,English,
9996,Misis Fely Nimfa Ang Pangalan,Itchyworms,Filipino,
9774,Miskol,Kerubin,English,
5626,Miss,Janno Gibbs,English,
7436,Miss Flawless,Angelica Jones,English,
9449,Miss Independent,Ne-yo,English,
7083,Miss Kita Kung,Aiza Seguera,Filipino,
8520,Miss Kita Pag Tuesday,Rj Jimenez,English,
13793,Miss Mary Mack,Nursery Rhyme,English,
13794,Miss Molly Had A Dolly,Nursery Rhyme,English,
1130,Miss Na Miss Kita,Father & Son,English,
5833,Miss Na Miss Na Kita,Lito Camo,English,
16334,Miss Pakipot,Urban Flow,English,
16896,Miss You,M.Y.M.P.,English,
17078,Miss You Like Crazy,Natalie Cole,English,
3211,Miss You Like Crazy,The Moffats,English,
4637,Miss You Much,Unknown,English,
3542,Missing,Everything But Girl,English,
5285,Missing You,Freestyle,Filipino,
6593,Missing You,Diana Ross,English,
6594,Missing You,Backstreet Boys,English,
7458,Missing You,Tina Turner,English,
8418,Missing You,John Waite,English,
15154,Missing You (If I Cry...),Rj Helton,English,
15533,Mission Bells,Matt Nathanson,English,
4638,Missionary Man,Annie Lennox,English,
11391,Mistake,Nickelback,English,
2708,Mister Lonely,Bobby Vinton,English,
0433,Misty,Errol Garler,English,
17647,Misty Blue,Dorothy Moore,English,
5783,Mmm Bop,Hanson,English,
4268,Mmm Mmm Mmm,Crash Test Dummies,English,
16099,Mmm Yeah,Austin Mahone,English,
1771,Mmmm Sarap,Kamikaze,English,
0353,Mockin' Bird Hill,Patty Page,English,
11875,Mocking Bird,Eminem,English,
5270,Modelong Charing,Blak Dyak,English,
5462,Moment By Moment,Yvonne,English,
11716,Moment Of Truth,Fm Static,English,
15477,Moments,One Direction,English,
9079,Moments Of Love,Janno Gibbs & Jennilyn,English,
0006,Mona Lisa,Bob Guzman,English,
3544,Monday Monday,Mamas And Papas,English,
13795,Mondays Child,Kid's Song,English,
17739,Money,Lawson,English,
0233,Money For Nothing,Dire Strait,English,
3018,Money Money Money,Abba,English,
16254,Money On My Mind,Sam Smith,English,
6083,Monica,Unknown,English,
3545,Monkee's,Tv Theme,English,
4230,Monkey,George Michael,English,
8290,Monkey Wrench,Foo Fighters,English,
9299,Monobloc,Pupil,Filipino,
11352,Monsoon,Tokio Hotel,English,
11612,Monster,Paramore,English,
17516,Monster,5Th Harmony,English,
9960,Monster,The Automatics,English,
16214,Monsters,Timeflies ft. Katie Sky,English,
2922,Montego Bay,Bobby Bloom,English,
7984,Mony Mony,Tomy James Shondells,English,
6266,Moon Age Daydream,David Bowie,English,
2604,Moon River,Andy Williams,English,
7940,Moonchild,Iron Maiden,English,
9773,Moondance,Michael Buble,English,
4640,Moondreams,Buddy Holly,English,
15921,Moonlight Bay,Bing & Gary Crosby,English,
0354,Moonlight Flower,Michael Cretu,English,
15946,Moonlight In Vermont,Frank Sinatra,English,
2731,Moonlight Lady,David Bowie,English,
7084,Moonlight Over Paris,Paolo Santos,English,
3547,Moonlight Shadow,Mike Oldfield,English,
6267,Moonlight Swim,Elvis Presley,English,
17057,Moonset,Franco,English,
15695,Moonshine,Bruno Mars,English,
16380,More,Usher,English,
2707,More,Andy Williams,English,
17079,More Than A Feeling,Boston,English,
15072,More Than A Friend,Introvoys,Filipino,
11276,More Than A Memory,Garth Brooks,English,
15780,More Than A Memory,Carly Rae Jepsen,English,
1025,More Than A Woman,Bee Gees,English,
2605,More Than I Can Say,Leo Sayer,English,
15025,More Than This,One Direction,English,
7788,More Than This,Norah Jones,English,
6985,More Than Words,Extreme,English,
0516,More To Lose,Seona Dancing,English,
6595,More Today Than Yesterday,Spiral Staircase,English,
17848,"More, More, More",Andrea True Connection Morning Noon And,English,
17010,Morena,Roxee B.,English,
3549,Mornin',Al Jarreu,English,
0203,Morning After,C. Davis,English,
15296,Morning Girl,The Lettermen,English,
3215,Morning Has Broken,Cat Stevens,English,
8891,Moshi Moshi Chikiyaki,Sexbomb Girls,English,
6271,Most Beautiful Girl,Prince,English,
7334,Most Beautiful Girl,Charlie Rcih,English,
6272,Most Beautiful Girl In The World,Frank Sinatra,English,
3216,Mother Freedom,David Gates,English,
0850,Mother Of Mine,Jimmy Osmond,English,
4642,Mother-In-Law,Ernie K. Doe,English,
15297,Mottaka,Cheese,English,
13622,Mountain,Bilang Isa Hanggang,English,
13684,Mountain,Unknown,English,
11227,Move Along,The All American,English,
11596,Moves Like Jagger,Maroon 5 Feat. Christina,English,
8848,Movie,Spongecola,English,
11238,Moving,Malay,English,
11882,Moving Closer,Never The Strangers,English,
0735,Moving On Up,M. People,English,
4643,Mr Tambourine Man,Unknown,English,
2882,Mr. Bojangles,Sammy Davis Jr.,English,
9951,Mr. Boombastic,Shaggy,English,
8222,Mr. Brightside,The Killers,English,
7885,Mr. Clay,Bamboo,Filipino,
1382,Mr. D.J.,Sharon Cuneta,Filipino,
8868,Mr. Disco,Manilyn Reynes,English,
8039,Mr. Dream Boy,Sheryl Cruz,English,
16255,Mr. Kenkoy,Mike Hanopol,English,
11925,Mr. Know It All,Kelly Clarkson,English,
0178,Mr. Kupido,Sheryl Cruz,English,
17662,Mr. Lonely,Victor Wood,English,
15205,Mr. P.I.G.,Greyhoundz,English,
15377,Mr. Papable,Vhong Navarro,English,
3217,Mr. Pitiful,Unknown,English,
16892,Mr. Right,Kim Chiu,English,
0946,Mr. Sandman,Pat Ballad,English,
11602,Mr. Simple,Super Junior,English,
1297,Mr. Songwriter,Jose Mari Chan,Filipino,
6275,Mr. Speed,Kiss,English,
6850,Mr. Suave,Parokya Ni Edgar,Filipino,
17312,Mr. Sun,Ryan Christopher,English,
0656,Mr. Vain,Sound Tripper,English,
8183,Mr. Wow,Ethel Booba,English,
0056,Mrs. Robinson,Simon & Garfunkle,English,
8305,Ms. Serious,Shamrock,English,
8381,Much Has Been Said,Bamboo,Filipino,
8928,Mukha Ng Pera,The Youth,Filipino,
1107,Mula Noon Hanggang Ngayon,Lea Salonga,English,
1075,Mula Sa Puso,Jude Michaels,English,
1076,Muli,Rodel Naval,English,
11032,Muli,Bamboo,Filipino,
11610,Muli,Ebe Dancel,English,
15298,Muli,Ramon Jacinto,English,
8463,Muli,Gary V./Regine V.,Filipino,
9410,Muli,Janno Gibbs,English,
9553,Muli,Bugoy,Filipino,
5994,Muli Ay Patawarin,Von Arroyo,English,
1467,Muli Mong Mahalin,April Boys,Filipino,
17652,Muling Binuhay Mo,Ciamara Morales,English,
11668,Muling Ibalik,First Cousin,English,
16926,Muling Magmamahal,Angeline Quinto,Filipino,
7632,Muling Mahiram,Anton Diva,English,
0126,Muling Mamahalin,Loui Heredia,Filipino,
6276,Muling Nagmahal Ang Puso,Jude Michaels,Filipino,
1507,Multo Sa Paningin,The Youth,English,
17442,Mundo,Siakol,Filipino,
1383,Muntik Na Kitang,The Company,English,
5834,Muntik Na Kitang,Carol Banawa,English,
1596,Muntik Nang Maabot...,True Faith,Filipino,
9790,Munting Hiling,Willie Revillame,Filipino,
5010,Munting Pangarap,Aegis,Filipino,
16841,Munting Paraiso,Razorback,English,
6950,Murder On The Dance Floor,Sophie Bextor,English,
5628,Music,Madonna,English,
16489,Music & Me,Michael Jackson,English,
0522,Music Box,Mariah Carey,English,
6391,Music Of My Heart,N'sync And Gloria Estefan,English,
8726,Musikang Binisaya,Visayan Song,English,
17014,Musikaw,James Reid ft Pio,Filipino,
0981,Muskrat Love,America,English,
1236,Must Be Heaven,C. Paner,English,
8202,Must Get Out,Maroon 5,English,
0010,Mustang Sally,Wilson Pickett,English,
15808,Mutya Ng Pasig,Conching Rosal,Filipino,
4299,My All,Mariah Carey,English,
6277,My Baby Just Cares For Me,Nina Simone,Filipino,
16314,My BFF Theme Song,"Jillian, Mona and Janno",English,
13796,My Bonnie,Kid's Song,English,
17839,My Boo,Ghost Town Djs,English,
8089,My Boo,Usher Ft. Alicia Keys,English,
0950,My Boyfriend's Back,The Angels,English,
4646,My Brave Face,Paul Mccartney,English,
6278,My Cherie Amour,Stevie Wonder,English,
17646,My Church,Maren Morris,English,
6596,My Confession,Richard Marx,English,
16202,My Destiny (MLFTS),LYN,English,
16203,My Destiny (Tagalog),LYN,English,
3218,My Elusive Dreams,Tom Jones,English,
11978,My Everything,Down To Mars,English,
5335,My Everything,98 Degrees,English,
16411,My Eyes,Blake Shelton,English,
9849,My Eyes Adored You,Sam Milby Feat Toni Gonzaga,English,
1485,My Fair Share,Seals & Crofts,English,
6279,My Fathers Eyes,Eric Clapton,English,
4647,My Fathers Son,Unknown,English,
1008,My Favorite Things,Julie Andrews:,English,
9482,My First Broken Heart,Iya Villana,English,
1347,My First Day Alone,Cascades,English,
1532,My Funny Valentine,Chris Connors,English,
3555,My Generation,The Who,English,
15840,My Girl,Willy Moon,English,
5306,My Girl,Phil Collins,English,
6441,My Girl,The Temptations,English,
8435,My Girl,Sam Milby,English,
3219,"My Girl, My Woman My Friend",Jose Mari Chan,Filipino,
0255,My Happiness,Connie Francis,English,
17460,My Heart,Paramore,English,
19747,My Heart,Lady Antebellum,English,
9859,My Heart Has A Mind...,Christian Bautista,Filipino,
0241,My Heart Will Go On,Celine Dion,English,
16320,My Hero,Paramore,English,
0456,My Hometown,Bruce Springsteen,English,
8351,My Humps,Black Eyed Peas,English,
7688,My Immortal,Evanescence,English,
5995,My Kind Of Girl,Matt Monro,English,
15535,My Kind Of Perfect,David Archuleta,English,
7710,My Labs,Lovely,English,
1026,My Life,Billy Joel,English,
16475,My Life,George Benson ft,English,
9756,My Life Would Suck...,Kelly Clarkson,English,
7715,My Little Clown,Barbie,English,
11262,My Little Girl,Tim Mcgraw,English,
2866,My Love,Paul Mccartney,English,
5184,My Love,Westlife,English,
1618,My Love And Devotion,Perry Como,English,
15947,My Love For You,Johnny Mathis,English,
16060,My Love Is Here,Erik Santos,English,
1608,My Love Will See You Through,Marco Sison,English,
16106,My Nigga,YG ft. Jeezy,English,
4300,My Oh My,Aqua,English,
0897,My Old School,Steely Dan,English,
3553,My Only Love,Unknown,English,
7004,My Own Prison,Creed,English,
8122,My Place,Nelly,English,
5996,My Pledge Of Love,Judy Ann Santos,English,
1509,My Prayer,The Platters,English,
8045,My Prerogative,Britney Spears,English,
7005,My Sacrifice,Creed,English,
0091,My Sharona,The Knacks,Filipino,
4649,My Shining Hour,Unknown,English,
15901,My Side Of Town,Lutricia Mcneal,English,
7407,My Strongest Suit,Spice Girls,English,
17849,My Summertime Love,Juan Carlos Labajo,English,
0386,My Sweet Lady,John Denver,English,
6876,My Sweet Lord,George Harrison,English,
11737,My Tender Bear,Kamikazee,Filipino,
5185,My Uncle John From Jamaica,Vengaboys,English,
5835,My Valentine,Jamie Rivera,English,
17125,My Way,Fetty Wap,English,
2606,My Way,Frank Sinatra,English,
8282,My World,Avril Lavign,English,
7514,My World Keeps Getting...,Neil Sedaka,English,
6281,Mysterious Ways,U2,English,
13730,Na Bata,Nursery Rhyme Santa Claus Is,English,
8981,Na Bitik Sa Otot,Agipo,English,
16100,Na Na,Trey Songz,English,
11377,Na Na Na,My Chemical Romance,English,
1254,Na Sabihin Mo,Eloisa,English,
5271,Naaalala,Rallion Allonzo,English,
9422,Naaalala Ka,Shamrock,English,
0483,Naalala Ka,Rey Valera,Filipino,
8727,Naanad Na Ako,Visayan Song,Filipino,
7580,Nadevelop,Tin Arnaldo,English,
8817,Nag Inusara,Bisrock,English,
7737,Nag-iisa,Rannie Raymundo,English,
7941,Nag-Iisa,Laarni Cuevas,English,
17084,Nag-Iisa Lang,Angeline Quinto,Filipino,
15160,Nag-Iisang Bituin,Angeline Quinto,Filipino,
5059,Nag-Iisang Ikaw,Louie Heredia,Filipino,
17182,Nagbasolak,Ilocano song,English,
15809,Naghihintay,Jacob,English,
8728,Naglibog Ako,Milyo Naryo,Filipino,
8729,Nagmahay Ako,Visayan Song,Filipino,
9909,Nagmamahal Ako Ng Bakla,Dagtang Lason,Filipino,
9029,Nagmamahal Ng Tunay,Piolo Pascual,Filipino,
15231,Nagmamakaawa,Bugoy Drilon,Filipino,
8730,Nagsabong Ken Akyat,Ilocano Song,English,
8731,Nahanaw Ka,Visayan Song,English,
5186,Nahanaw Na Gyud,Pilita Corales,Filipino,
16482,Nahihibang,Join The Club,English,
5187,Nahuli Kita,Jessa Zaragoza,Filipino,
9481,Nahuli Mo Na Ba Ako,Itchyworms,Filipino,
11624,Naiisip Mo Ba,David Dimuzio,English,
0124,Nais Ko,Rodel Naval,English,
7851,Nais Ko,Side A,Filipino,
9512,Nais Ko,Lovi Poe,English,
8732,Naka-Table Na Kita,Milyo Naryo,English,
8010,Nakaka,Masculados,English,
7738,Nakakabaliw Ka Babe,L. Lopes,English,
17864,Nakakainis,Parokya Ni Edgar,Filipino,
16987,Nakakalitong Mga Tao,Datu's Tribe,English,
16952,Nakakamiss Lang Kasi,"Smugglaz, Curse One,",English,
1078,Nakapagtataka,Hadji Alejandro,English,
19709,Nakapagtataka,Sponge Cola,English,
7006,Nakapagtataka,Jim Paredes,English,
8017,Nakapagtataka,Vingo & Jimmy,English,
8541,Nakapagtataka,Spongecola,English,
8030,Nakaraang Pasko,Ariel Rivera,English,
16256,Nakasanayan Ko Na Ba,Carmela Cuneta,Filipino,
5997,Nakaw Na Pag-Ibig,Claire,English,
11404,Naked,Salamin,English,
17540,Naked,Jason Derulo,English,
47017,Naked,Jason Derulo,English,
15541,Nakita Kang Muli,Jonalyn Viray,English,
9804,Nalilimutan Mo Na Ba,Jennylyn Mercado,Filipino,
15769,Nalusaw,Anna Melissa,English,
15694,Name,Boyce Avenue,English,
17122,Name,Goo Goo Dolls,English,
15942,Name Game,Laura Branigan,English,
6705,Namumuro Ka Na,Lukas,English,
1255,Nanabik,Rea Valle,English,
6131,Nananabik Sa'yo,Sharon Cuneta,Filipino,
11006,Nananaginip,Callalily,Filipino,
9746,Nananaginip Ng Gising,Sarah Geronimo,Filipino,
11415,Nandito,General Luna,English,
1384,Nandito Ako,Lea Salonga,Filipino,
4334,Nandito Ako,Ogie Alcasid,Filipino,
15656,Nandito Lang Ako,Michael V.,Filipino,
16014,Nandito Lang Ako,TJ. Monterde,Filipino,
8436,Nandito Lang Ako,Shamrock,Filipino,
7739,Nandito Lang Sa Tabi,Roman F.,English,
15810,Nandiyan Palagi,Regine Velasquez,Filipino,
5463,Nang Dahil Sa Pag-Ibig,Tootsie Guevara,English,
5692,Nang Dahil Sa Pag-Ibig,Anthony Castello,English,
9267,Nang Dahil Sa'yo,Unknown,Filipino,
7740,Nang Iwan Mo,Piolo,English,
4967,Nang Makapiling Ka,Jessa Zaragosa,English,
0303,Nang Minsan Lang,Willy Cruz,English,
5836,Nang Siya'y Mawalay,Rockstar 2,English,
9258,Nangangawit,Sugarfree,Filipino,
8158,Nanggigigil,Hagibis,English,
5188,Nanghihinayang,Jeremiah,English,
15529,"Nanliligaw, Naliligaw",Lloyd Umali and Ima Castro Napakasakit Kuya Eddie 11671 Roel Cortez,English,
9709,Napamahal Ka Na,Jolina Magdanagal,Filipino,
5629,Napapa-Uhh,Glady's & The Boxer W/ K,English,
15536,Napapaluha,Paula Bianca,English,
5114,Napupuyat,Freddie Aguilar,English,
8384,Narda,Kamikazee,Filipino,
17656,Naririto Ako,Willie Revillame,Filipino,
5630,Naririto Ako,Michael Laygo,Filipino,
1811,Narito,Sarah Geronimo,Filipino,
0323,Narito Ako,Ariel Rivera,Filipino,
16207,Narito Ako,Regine Velasquez,Filipino,
1385,Narito Ang Puso Ko,Miguel Vera,Filipino,
7438,Narito Ang Puso Ko,Sarah Geronimo,Filipino,
1813,Narito Ka Lang Pala,Lloyd Umali,English,
7640,Narito Lang Ako,Vina Morales,Filipino,
0602,Narito Na Ang Pasko,Gino Padilla,Filipino,
11057,Nariyan Ka,Juris,English,
15299,Nasa Iyo Na Ang Lahat,Daniel Padilla,Filipino,
17087,Nasa Sa'yo,Rivermaya ft. Gloc9,Filipino,
1239,Nasa'n Ka Na,Alecx,English,
8589,Nasa'n Ka Na,Kyla,English,
15566,Nasaan,Aicelle Santos,English,
15811,Nasaan,Jessa Zaragosa,English,
17015,Nasaan,Lara Maigue,English,
5693,Nasaan Ang Liwanag,Willy Garte,Filipino,
6132,Nasaan Ka,Willie Garte,English,
8449,Nasaan Ka,Pupil,Filipino,
0100,Nasaan Ka Kailangan Kita,April Boy Regino,English,
7886,Nasaan Ka Na,Nyoy Volante,English,
9710,Nasaan Ka Paano Ko,Kuh Ledesma,English,
11859,Nasaktan Man Kita,Louie Heredia,English,
6715,Nasasabik Sa Iyo,Fred Panopio,English,
9711,Nasasaktan,Reuben Laurente,English,
17106,Nasty Freestyle,T-Wayne,Filipino,
8733,Nasursorokan,Ilokano Song,English,
16139,Natataranta,James Reid,Filipino,
8528,Natatawa Ako,Gabriela,Filipino,
8038,Nativity In Black,Black Sabbath,English,
7852,Natural,S Club 7,English,
16381,Naturally,Selena & The Scene,English,
8050,Natutulog Ba Ang Diyos,Gary V.,Filipino,
8080,Natutulog Kong Mundo,Wolfgang,English,
7807,Naughty Girl,Beyonce,English,
9582,Nawawala,6 Cyclemind,English,
11228,Need You Now,Lady Antellebum,English,
2730,Needles And Pins,Smokie Robinson,English,
3556,Neighbors,Australian Tv Soap Song,English,
6442,Neighter One Of Us,Gladys Knight,English,
13798,Nellie The Elephant,Kid's Song Now I Lay Me Down,English,
5734,Nena,Banyuhay,English,
8507,Nene,Mano Mano,English,
6283,Neon Knights,Black Sabbath,English,
15873,Neon Lights,Demi Lovato,English,
11186,Neon Lights (Nebula),Rico Blanco,Filipino,
7321,Nerbyoso,Rivermaya,Filipino,
11153,Neutron Star Collision,Muse,English,
11122,Never Again,Kelly Clarkson,English,
11385,Never Again,Nickleback,English,
15279,Never Be The Same,Christopher Cross,English,
7227,Never Be The Same Again,Mel C.,English,
5891,Never Been To Me,Charlene Duncan,English,
11957,Never Close Our Eyes,Adam Lambert,English,
0892,Never Ending Story,Limahl,English,
6877,Never Ever,All Saints,English,
1079,Never Ever Say Goodbye,Nonoy Zuniga,English,
11135,Never Forget You,Noisettes,English,
9879,Never Give Up,Erik Santos And Christian,English,
4359,Never Gonna Give You Up,Rick Astley,English,
9081,Never Gonna Give You Up,Sergio Mendez,English,
16492,Never Gonna Say Goodbye,Billy Preston !!,English,
5511,Never Had A Dream Come...,Sclub7,English,
15812,Never Let Her Go,David Gates,English,
0665,Never Let Her Slip Away,Andew Gold,English,
16848,Never Mends,Don Williams,English,
15991,Never Mind,Colors,English,
2857,Never My Love,Association,English,
6133,Never Never Never,Linda Ronstadt,English,
3024,Never On Sunday,Patsy Cline,English,
15653,Never Say Goodbye,Martin Nievera,Filipino,
6386,Never Say Goodbye,Bon Jovi,English,
11097,Never Say Never,The Fray,English,
11191,Never Say Never,Justin Bieber Ft. Jaden Smith,English,
6598,Never Surrender,Corey Hart,English,
0292,Never Thought,Dan Hill,English,
4655,Never Will I Marry,Greenwillow,English,
15813,New Age Girl,Dead Eye Dick,English,
16177,New Days,Asher Lane,English,
16355,New Flame,Chris Brown ft. Usher &,English,
1511,New Kid In Town,Eagles,English,
17850,New Romantics,Taylor Swift,English,
11138,New Shoes,Paulo Nutini,English,
9288,New Soul,Yael Naim,English,
17148,New Thang,Redfoo,English,
19751,New Training Songs,Taylor Swift,English,
4657,New World Man,Rush,English,
6134,New Year,Sugarbabes,English,
3220,New Years Day,U2,English,
15804,New York City Nights,Leif Garret,English,
0555,New York Minig Disaster,Bee Gees,English,
2803,New York New York,Frank Sinatra,English,
1599,Next Door To Angel,Neil Sedaka,English,
0105,Next In Line,After Image,English,
11604,Next To You,Chris Brown Ft. Justin Bieber,English,
8993,Ngano Man,Scrambled Eggs,English,
9013,Ngano Man,Missing Filemon,English,
9713,Ngayo'y Naririto,Jay R,English,
1177,Ngayon,Basil Valdez,English,
1267,Ngayon At Kailanman,Unknown,English,
11767,Ngayon Na,Slapshock,English,
9534,"Ngayon, Bukas At Kailanman",Sarah Geronimo,Filipino,
16015,Ngayong Nandito Ka,Divo Bayer,English,
15699,Ngayong Narito Ka,Chiqui Pineda,English,
9712,Ngayong Pasko,Bayani Agbayani,English,
15007,Ngayong Wala Ka Na,Kyla,English,
5837,Ngayong Wala Ka Na,Ara Mina,English,
8800,Ngiti,Ronnie Liang,English,
9465,Ngiti Lang,KC Concepcion,English,
1288,Ngunit Dahil Sa Yo,Unknown,English,
6600,Ni Yao Te Ai,F4,English,
7986,Nice And Slow,Usher,English,
2915,Nice To Be With You,Gallery,English,
11004,Nicki Minaj 21 Guns,Greenday,English,
17226,Night,Jose Mari Chan,Filipino,
1027,Night And Day,Frank Sinatra,English,
6444,Night Fever,Bee Gees,English,
11457,Night Is Young,Nelly Furtado,English,
16212,Night Owls,Slapshock,English,
17711,Night Time,Jane Olivor,English,
0489,Nightbird,Kalapana,English,
16811,Nightingale,Demi Lovato,English,
2859,Nights On Broadway,Bee Gees,English,
2836,Nikita,Elton John,English,
9082,Nilamon Ng Gabi,The Pain Up Girls,Filipino,
5272,Nilunok Kong Lahat,Selina Sevilla,English,
4658,Ninenteen Hundred,Paul Mccartney,English,
17742,No,Meghan Trainor,English,
9349,No Air,Jordin Sparks,English,
1513,No Arms Can Ever Hold You,Chris Norman,English,
15815,No Boundaries,Kris Allen,English,
17277,No Control,One Direction,English,
16779,No Diggity,Blackstreet ft Dr. Dre,English,
8734,No Dua-Dua-Empay,Ilocano Song,English,
16140,No Erase,James Reid & Nadine Lustre,Filipino,
16358,No Flex Zone,Rae Sremmurd,English,
16435,No Girlfriend Since Break,Luigi D' Avola,English,
5775,No Good For Me,The Corrs,English,
15138,No Lie,Chainz Ft Drake,English,
15670,No Limitations,Sam Concepcion,English,
0748,No Limited,2Unlimited,English,
4659,No Matter What,Boyzone,English,
16345,No Mediocre,T.I. Feat.Iggy Azalea,English,
5100,No More,Elvis Presley,English,
5768,No More I Love You's,Annie Lennox,English,
2842,No More Lonely Nights,Paul Mccartney,English,
6288,No More Mr. Nice Guy,Alice Cooper,English,
0085,No More Rhyme,Debbie Gibson,English,
15988,No One,Champ,English,
9242,No One,Alicia Keys,English,
5391,No One Can,Marillion,English,
7118,No One Else Comes Close,Joe,English,
1619,No Other Love,Jo Staford,English,
5998,No Other Love,Victor Wood,English,
16329,No Promises,Shayne Ward,English,
1514,No Rain,Blind Melon,English,
5427,No Reply,The Beatles,English,
16316,No Rewind No Replay,Jose Mari Chan,Filipino,
4284,No Scrubs,TLC,English,
8735,No Siakto To Ti Agayat,Ilocano Song,English,
0733,No Son Of Mine,Genesis,English,
7692,No Such Thing,John Mayer,English,
4661,No Sugar Tonight,Guess Who,English,
9813,No Surprise,Daughtry,English,
6290,No Tell Lover,Chicago,English,
4662,No Time,Guess Who,English,
1080,No Touch,Mike Hanopol,English,
2875,No Woman No Cry,Bob Marley,English,
8450,Nobela,Join The Club,English,
9798,Nobody (English,Wonder Girls,English,
9799,Nobody (Korean,Wonder Girls,English,
2801,Nobody Does It Better,Carly Simon,English,
16302,Nobody Home,Heart,English,
17032,Nobody Love,Tori Kelly,English,
7058,Nobody Wants To Be Lonely,Ricky Martin,English,
5404,Nobody Wins,Elton John,English,
3558,Nobody's Child,Lee Towers,English,
11098,Nobody's Perfect,Hannah Montana,English,
16003,Nobody's Perfect,Jessie J,English,
6291,Nobody's Wife,Amoks,English,
8067,Nobody’s Home,Avril Lavigne,English,
5056,Noche Buena,Marc Sison,English,
7741,Noo'y Pasko Rin,Roselle Nava,English,
9626,Noon At Ngayon,Carol Banawa,English,
0428,Norwegian Wood,Beatles,English,
0103,Nosi Balasi,Sampaguita,English,
6986,Nostalgic Medley,Various Artist,English,
16196,Not A Bad Thing,Justine Timberlake Oceans (Where Feet,English,
11901,Not Afraid,Eminem,English,
48900,Not Afraid,Eminem,English,
6293,Not If You Were The Last...,Dandy Warhols,English,
17130,Not Impressed,Julie Anne San Jose,Filipino,
11041,Not Like The Movies,KC Concepcion,English,
19728,Not Like The Movies,KC Concepcion,English,
11132,Not Myself Tonight,Christina Aguilera,English,
15190,Not Over You,Gavin DeGraw,English,
9844,Note To God,Charice Pempengco,English,
1516,Nothin' At All,Heart,English,
11195,Nothin' On You,B.O.B ft Bruno Mars,English,
11449,Nothing,The Script,English,
6601,Nothing Can Compare,Neil Solter,English,
1029,Nothing Can Stop Us Now,Rick Price,English,
0515,Nothing Compares To You,Sinead O' Connors,English,
5413,Nothing Else Matters,Metallica,English,
8540,Nothing In This World,Paris Hilton,English,
7515,Nothing Really Matters,Madonna,English,
11320,Nothing To Die For,Tim Mcgraw,English,
8869,Nothing To Lose,Michael Learns To Rock,English,
16836,Nothing Without Love,Nate Ruess,English,
0168,Nothing's Gonna Change...,Glenn Medeiros,English,
0891,Nothings Gonna Stop Us Now,Starship,English,
4664,Notorious,Duran Duran,English,
3561,November Rain,Guns & Roses,English,
9508,Novus Is Burning,Wolfgang,English,
15305,Now,Paramore,English,
16467,Now,Matthew Fisher,English,
19718,Now,M.Y.M.P.,English,
9469,Now,M.Y.M.P.,English,
11780,Now And Forever,Air Supply,English,
6294,Now And Forever,Richard Marx,English,
4666,Now I Lay Me Down To Sleep,Traditional,English,
17178,Now I'm Dancing,Callalily,Filipino,
8013,Now That I Have You,Sheryn And Mark,English,
8348,Now That You're Gone,Ella Mae Saison,English,
2952,Nowhere Man,The Beatles,English,
7704,Noypi,Bamboo,Filipino,
7086,Numb,Linkin Park,English,
16755,Number One,Harana,English,
0510,Number Two,Joe,English,
8918,Nursing,Bisrock,English,
13658,Nuts In May,Unknown,English,
17674,Nyebe,Kaye Cal,English,
13556,O Christmas Tree,Traditional Kids Songs,English,
4668,O Christmas Tree,Traditional,English,
13557,O Holy Night,Christmas Song,English,
4670,O Holy Night,Christmas Song,English,
5893,O Kay Sarap Umibig,Rea Valle,English,
1376,O Lumapit Ka,Ella Del Rosario,English,
1662,O Naraniag A Bulan,Ilocano Song,English,
8024,O Pag-Ibig,Vhong Navarro,English,
117,O'riordan,Unknown,English,
11634,O.M.G.,Karylle,English,
3562,Oakie From Muskogee,Merle Haggard,English,
4672,"Oats, Peas, Beans And...",Traditional,English,
6698,Objection,Shakira,English,
6602,Objection Tango,Shakira,English,
0816,Obladi Oblada,Beatles,English,
5308,Oblivious,Kaya,English,
11510,Obsessed,Mariah Carey,English,
7701,Obvious,Westlife,English,
1386,Ocean Deep,Cliff Richard,English,
0730,Ocean Of Love,H. Coleman,English,
16223,Oceans,Hillsong United,English,
2786,Octopus's Garden,The Beatles,English,
1681,Ode To My Family,The Cranberries,English,
1709,Of All The Things,Dennis Lambert,English,
19710,Of Sight,Nikki Gil,English,
8082,Officially Missing You,Tamia,English,
9880,Oh Babe,Jeremiah,English,
4673,Oh Boy!,Buddy Holly,English,
2608,Oh Carol,Neil Sedaka,English,
7289,Oh Come All,Ye Faithful,English,
13530,Oh Come All Ye Faithful,Traditional,English,
1717,Oh Come All Ye Faithful,Traditional,English,
6446,Oh Giliw Ko,Zaldy,English,
8737,Oh Kinabuhi,Visayan Song,English,
0787,Oh Little Town Of Bethlehem,Christmas Song,English,
0196,Oh Lonesome Me,Victor Wood,English,
0291,Oh My Love,John Lennon,English,
3988,Oh Pretty Woman,Roy Orbison,English,
3635,Oh Starry Night,Sailor Moon Us,English,
0894,Oh Susana,Various Artist,English,
13659,Oh Susanna,"Nursery Rhyme Oh, My Darling",English,
2698,Oh! Darling,The Beatles,English,
4674,"Oh, My Darling Clementine",Traditional,English,
15737,Oha Kaya Mo Ba To,Enrique Gil,English,
7340,Oil Of Gladness,Patricia Woleky,English,
9272,Ojo Kaluguran Daka,Kapampangan,English,
15301,Ok Lang Ako,Parokya Ni Edgar,Filipino,
8877,Okat Tokat,Parokya Ni Edgar Ft. Jay,Filipino,
4232,Ol'man River,Frank Sinatra,English,
7516,Old And Wise,Alan Parsons Project,English,
13559,Old Brass Wagon,Traditional,English,
4676,Old Brass Wagon,Traditional,English,
19723,Old Friend,Kyla,English,
9855,Old Friend,Kyla,English,
13660,Old King Cole,Nursery Rhyme,English,
13661,Old Macdonald,Unknown,English,
3992,Old Macdonald,Traditional,English,
13662,Old Mother Hubbard,Old Woman Who,English,
11192,Old Photographs,Jim Capaldi,English,
0803,Old Time Rock And Roll,Bob Seeger,English,
8738,Oldest Man Sa Mundo,Milyo Naryo,English,
6987,Oldies Medley,Various Artist,English,
8739,Olivia,Visayan Song,English,
11179,OMG,Usher Ft Will I Am,English,
7386,On A High,Duncan Shiek,English,
16280,On A Night Like This,Kylie Minogue Only Love Can Hurt,English,
0786,On And On,Stephen Bishop,English,
1549,On Bended Kness,Boys II Men,English,
3007,On Broadway,Ben E. King,English,
17171,On Earth,Belinda Carlisle,English,
17546,On My Mind,Ellie Goulding,English,
47018,On My Mind,Ellie Goulding,English,
17657,On My Own,Miley Cyrus,English,
6296,On My Own,Michael Mcdonald,English,
8777,On Ne S'aimera Plus,Larusso,English,
11566,On The Floor,Jennifer Lopez Ft. Pitbull,English,
17468,On The Outside,Taylor Swift,English,
17458,On The Wings Of Love,Kyla,English,
5013,On The Wings Of Love,Martin Nievera,Filipino,
5839,On This Day,David Pomeranz,English,
0145,On Top Of Spaghetti,Traditional,English,
13508,On Top Of Spaghetti,Traditional,English,
3995,Once Bitten Twice Shy,Great White,English,
8097,Once In A Lifetime,Freestyle,Filipino,
3020,Once In A While,Dinah Shore,English,
0197,One,Three Dog Knight,English,
4233,One,U2,English,
7341,One,Heart Evangelista,English,
9589,One,Cueshe,Filipino,
15685,One And Only,Adelle,English,
16904,One And Only You,Parokya Ni Edgar,Filipino,
6882,"One Body, One Soul",Ella Mae Saison,English,
5894,One By One,Cher,English,
17497,One Call Away,Charlie Puth,English,
47019,One Call Away,Charlie Puth,English,
11512,One Day,Charice,English,
15302,One Day,Angeline Quinto,Filipino,
15948,One Day,Matt Monroe,English,
16956,One Day,Matisyahu,English,
9496,One Day,Yasmien Kurdi,English,
6298,One Day At A Time,Lena Martell,English,
9084,One Day I'll Fly Away,Randy Crawford,English,
9999,One Day In Your Life,Michael Jackson,English,
0666,One Day Soon,Tom Jones,English,
13664,One Finger One Thumb,Nursery Rhymes,English,
17547,One Flight Down,Norah Jones,English,
15791,One Foot,Fun,English,
4678,One For My Baby,Frank Sinatra,English,
17548,One For Sorrow,Steps,English,
11426,One Friend,Dan Seals,English,
15053,One Headlight,The Wallflowers,English,
17118,One Hell Of A Night,Dustin Lynch,English,
17115,One Hell Of An Amen,Brantley Gilbert,English,
7119,One Hello,Randy Crawford,English,
11758,One Hit Combo,Parokya Ni Edgar Feat.,Filipino,
48991,One Hit Combo,Parokya Ni Edgar,Filipino,
15662,One Hundred Ways,Jay R,English,
11456,One In A Million,Neyo,English,
7853,One In A Million,Bosson,English,
5273,One In A Million You,Larry Graham,English,
8422,One Last Breath,Creed,English,
0667,One Last Cry,Brian Mcknight,English,
17185,One Last Memory,Impact,English,
6135,One Last Song,A1,English,
16863,One Last Time,Ariana Grande One Man Can Change,English,
11197,One Less Lonely Girl,Justin Bieber,English,
9823,One Little Kiss,Sarah Geronimo,Filipino,
9030,One Look,Kjwan,Filipino,
6756,One Love,Blue,English,
9293,One Love,Ace Bisa,English,
5405,One Love People Get Ready,Bob Marley,English,
3223,One Man Parade,James Taylor:,English,
0275,One Moment In Time,Whitney Houston,English,
0329,One More Chance,Madonna,English,
5191,One More Chance,Victor Wood,English,
9504,One More Chance,Piolo Pascual,English,
3996,One More Cup Of Coffee,Bob Dylan,English,
15077,One More Night,Maroon 5,English,
2739,One More Night,Phil Collins,English,
7974,One More Time,Real Mccoy,English,
17549,One More Try,Tmmy T,English,
2728,One More Try,George Michael,English,
5895,One More Try,A1,English,
9714,One More Try,Kuh Ledesma,English,
0982,One Night,Elvis Presley,English,
8116,One Night,The Corrs,English,
7887,One Of These Days,Barry Manilow,English,
9850,One Of These Days,Pops Fernandez,English,
0455,One Of These Nights,Henley Frey,English,
0776,One Of These Sounds,Bob And Susan,English,
9236,One Of Those Girls,Avril Lavigne,English,
4354,One Of Us,Joan Osbourne,English,
15998,One on One,Hall and Oats,English,
13665,One Potato,Unknown,English,
1031,One Shining Moment,Diana Ross,English,
9348,One Step At A Time,Jordin Sparks,English,
6676,One Step Closer,Linkin Park,English,
2609,One Summer Night,Jinchulyua,English,
5838,One Sweet Day,Mariah Carey,English,
11754,One Thing,One Direction,English,
11031,One Time,Justin Bieber,English,
3564,One Tin Soldier,The Original Caste,English,
8283,One Two Step,Ciara,English,
15319,One Way Or Another,One Direction,English,
2612,One Way Ticket,Neil Sedaka,English,
13560,"One, Two, Buckle My Shoe",Traditional,English,
4682,"One, Two, Buckle My Shoe",Unknown,English,
7342,Only By Grace,Integrity,English,
15663,Only For You,Six Part Invention,English,
11386,Only Girl,Rihanna,English,
17071,Only God Knows Why,Kid Rock,English,
6136,Only Hope,Mandy Moore,English,
7517,Only I,Dianne Dela Fuente,English,
16017,Only In My Dreams,Debbie Gibson,English,
3225,Only In Your Heart,Unknown,English,
7854,Only Love,Trademark,English,
0324,Only Me And You,Donna Cruz,English,
0699,Only One Road,Celine Dion,English,
0232,Only Remind Me Of You,Rick Price,English,
11914,Only Reminds Me Of,M.Y.M.P.,English,
3998,Only Sixteen,Dr. Hook,English,
6300,Only The Beginning,Chicago,English,
0898,Only The Lonely,Roy Orbison,English,
7693,Only Time,Enya,English,
17852,Only When I Sleep,The Corrs,English,
2670,Only Yesterday,Carpenters,English,
17707,Only You,After Image,English,
2611,Only You,Platters,English,
7267,Oops (I Did It Again),Britney Spears,English,
7343,Oops Aay,Viva Hotbabes,English,
5464,"Oops, Teka Lang",Ara Mina,English,
0896,Open Arms,Journey,English,
0744,Operator,Jim Croce,English,
17675,Opinion Overload,Simple Plan,English,
6301,Opium,Daniel Belanger,English,
8892,Opm Disco Medley,Various Artist,English,
11211,Opposites Attract,Juris,English,
19732,Opposites Attract,Juris,English,
16400,Or Nah,Ty Dolla Sign ft. Wiz Our Love (Don't,English,
11823,Orange,Parokya Ni Edgar,Filipino,
15240,Oras,Mic Llave,English,
3226,Oras Na,Coritha,English,
15539,Orasan Ng Pag-ibig,Larry Miranda,Filipino,
8453,Order Taker,Paokya Ni Edgar And,English,
9319,Ordinary Day,Dolores O'riordan,English,
15647,Ordinary People,John Legend,English,
11755,Ordinary Song,Mark Velasco,English,
0660,Ordinary World,Duran Duran,English,
3999,Original Prankster,Offspring,English,
11756,Original Song,Parokya Ni Edgar,Filipino,
8919,Osified,Bisrock,English,
15672,Other Side Of Love,Sean Paul,English,
16079,Otso Pa,Grin Department,English,
17750,Otso Pa,Grin Department,English,
7000,Otso-Otso,Unknown,English,
6302,Our Day Will Come,Four Seasons,English,
16297,Our House,"Crosby, Stills, Nash & Pag Napagod Na Ang",Filipino,
5755,Our House,Madness,English,
6932,Our Last Song Together,Neil Sedaka,English,
7888,Our Lives,The Calling,English,
16142,Our Song,Jack Jones,English,
17026,Our Song,Taylor Swift,English,
11772,Ours,Taylor Swift,English,
0548,Out Here On My Own,Leslie Gore,English,
13606,Out In The Garden,Kid's Song,English,
11289,Out Last Night,Kenny Chesney,English,
8120,Out Of Control,Hoobastank,English,
15127,Out Of My League,Stephen Speaks,English,
7344,Out Of Reach,Gabrielle,English,
1517,Out Of The Blue,Michael Learns To Rock,English,
17082,Out Of The Blue,Debbie Gibson,English,
17467,Out Of The Woods,Taylor Swift,English,
47020,Out Of The Woods,Taylor Swift,English,
17720,Out Of Touch,Hall & Oates,English,
13630,Out To Play,Unknown,English,
0691,Outside,George Michael,English,
17461,Outsiders,Against The Current,English,
17644,Over,Lindsay Lohan,English,
15816,Over Again,One Direction,English,
2714,Over And Over,Nana Muskouri,English,
9584,Over And Over,Hale,Filipino,
9851,Over And Over,Joey Albert,English,
17536,Over And Over Again,Nathan Skies ft Arianna,English,
13607,Over In The Meadow,Unknown,English,
11099,Over It,Katherine McPhee,English,
11100,Over My Head,The Fray,English,
7855,Over Protected,Britney Spears,English,
15989,Over The Moon,Cher Lloyd,English,
8935,Overdrive,Eraserheads,Filipino,
16958,Overjoyed,Stevie Wonder,English,
8040,Overjoyed,Sharon Cuneta,Filipino,
8306,Overload,Sugababes,English,
0939,Owner Of A Lonely Heart,Yes,English,
6303,Oye Como Va,Santana,English,
1163,P. S. I Love You,Sharon Cuneta,Filipino,
11619,P.A. Roadie Fernandez,Tanya Markova,English,
9718,Pa'no Kaya,Ella Mae Saison,English,
15120,Pa'no Nangyari Yun,Mayonnaise,Filipino,
13719,Paa Tuhod,Nursery Rhyme,English,
15209,Paalam,Silent Sanctuary,Filipino,
9641,Paalam,Faith Cuneta,English,
11866,Paalam Kahapon,Ebe Dancel,English,
1602,Paalam Na,Rachel Alejandro,English,
7742,Paalam Sinta,Nikki Vargas,English,
11401,Paano,Letter Day Story,English,
11643,Paano,Jovit Baldivino,English,
15304,Paano,Gary Valenciano,Filipino,
8580,Paano,Shamrock,English,
9521,Paano,Kris Lawrence,English,
9564,Paano,Manibela,English,
4970,Paano Ang Puso Ko,April Boy,Filipino,
0142,Paano Ba Aaminin,Jessa Zaragosa,English,
17096,Paano Ba Ang Magmahal,Sarah Geronimo,Filipino,
1186,Paano Ba Ang Mangarap,Pilita Corales,Filipino,
1387,Paano Ba Kita Malilimutan,Manilyn Reynes,English,
6137,Paano Kaya,Jessa Zaragosa,English,
9513,Paano Kita Iibigin,Piolo Pascual & Regine,Filipino,
6829,Paano Kita Malilimot,Ric Manrique,English,
5193,Paano Kita Malilimutan,Yolly Samaon,English,
1191,Paano Kita Mapasasalamatan,Kuh Ledesma,English,
16973,Paano Ko Sasabihin,Thor,English,
9642,Paano Maibabalik Ang Kahapon,Jed Madela,Filipino,
7743,Paano Makakasiguro,Lovely Mesina,English,
5194,Paano Na Ang Aking Puso,Renz Verano,Filipino,
11841,Paano Na Ang Puso Ko,Bugoy Drilon,Filipino,
7744,Paano Na Ba,Roxy,English,
9431,Paano Na Kaya,Bugoy,Filipino,
11507,Paasa,All For Patricia,English,
11443,Pack Up,Eliza Doolittle,English,
7745,Padjakero,Jojit Pelaez,English,
7628,Paepek Epek,Joey De Leon,English,
16817,Pag Kasama Ka,Gimme 5,English,
16156,Pag May Time,Xian Lim,English,
7746,Pag Nag-Iisa,Philip Kolin,English,
5311,Pag Nananalo Ang Ginebra,Gary Granada,Filipino,
9627,Pag Tumatagal Lalong...,Decadas,English,
15027,Pag Wala Na Ang Ulan,Jessa Zaragosa,Filipino,
8849,Pag-Alis,Barbie Almabis,English,
11777,Pag-Ibig,Yeng Constantino,Filipino,
17002,Pag-ibig,Aicelle Santos,English,
17193,Pag-ibig,Spongecola,English,
8781,Pag-Ibig,Apo Hiking Society,Filipino,
8148,Pag-Ibig Ko Sana'y Mapansin,Faith Cuneta,English,
0116,Pag-Ibig Ko Sayo'y Di...,Men Oppose,English,
1359,Pag-Ibig Ko'y Iba,Cinderella,English,
8179,Pag-Ibig Ko'y Pansinin,Sexballs,English,
1055,Pag-Ibig Kong Litong,April Boys,English,
17514,Pag-ibig Lang,Gary Granada,English,
0312,Pag-Ibig Mo,April Boy Regino,English,
7790,Pag-Ibig Mo Pala,Aiza Seguerra,Filipino,
16318,Pag-Ibig Na Kaya,Rachelle Ann Go &,English,
15902,Pag-ibig Na Kaya Ito,J Brothers,English,
15542,Pag-ibig Na Nga Ba Ito,Hansom,English,
1492,Pag-Ibig Na Sana,Roselle & Tony,English,
11204,Pag-ibig Na Tunay,Julie Anne San Jose,Filipino,
0130,Pag-Ibig Na Walang Dangal,Eva Eugenio,English,
9715,Pag-Ibig Sa Tag-Araw,Beth Del Rosario,English,
5840,Pag-Utlan,Visayan Song,English,
15735,Pag-Uwi,Martin Nievera,Filipino,
11243,Pagbabalik,Lolita Cabron,English,
9031,Pagbabalik Ng Kwago,Kapatid,Filipino,
9085,Pagbigyan Ang Puso,Karylle & Jerome,Filipino,
8608,Pagbigyan Mo,Big 3 Sullivans,English,
7889,Pagbigyang Muli,Eric Santos,English,
5513,Pagdating Ng Panahon,Aiza Seguerra,Filipino,
8482,Paghahandog,Praise Song,English,
8740,Paghigugma,Visayan Song,English,
6138,Pagkagat Ng Dilim,Didith Reyes,Filipino,
0325,Pagkakataon,Ogie Alcasid,Filipino,
11538,Pagkakataon,Shamrock Feat. Rachelle Ann,English,
15506,Pagkat Mahal Kita,Bugoy Drilon,Filipino,
1802,Pagkat Wala Ka Na,Lloyd Umali,English,
8741,Paglaum,Visayan Song,English,
7424,Paglisan,Color It Red,English,
9346,Paglisan,Jericho Rosales,English,
4971,Pagmamahal,Miles,Filipino,
17040,Pagsilang,Join The Club,English,
1110,Pagsubok,Orient Pearl,English,
16069,Pagsuko,Jireh Lim,Filipino,
8947,Pagsure Oi,Agipo,English,
0109,Pagtawid,After Image,English,
5999,Paikot-Ikot,Randy Santiago,English,
9716,Pain,Martin Nievera,Filipino,
1111,Pain In My Heart,Ella Mae Saison,English,
0013,Paint It Black,Rolling Stones,English,
3228,Paint My Love,Michael Learns To Rock,English,
6883,Paki Sabi Lang,Ivy Violan,English,
8982,Pakikay,Joey De Leon,English,
6677,Pakinggan Mo,Sarah Geronimo,Filipino,
1468,Pakisabi Na Lang,The Company,English,
6701,Pakisabi Na Lang,Aiza Seguerra,Filipino,
7581,Pakita Mo,Vst & Co.,English,
6493,Pakiusap,Donna Cruz,English,
8965,Pakiusap,Acel,English,
6710,Palagay Ko Mahal Kita,Aiza Seguerra,Filipino,
7791,Palaging Luhaan,Unknown,English,
8805,Palagot Sa Kontra,(Phylum)Bis Rock,English,
5465,Palayain Mo Ako,Yamani,Filipino,
6494,Paligaw-Ligaw Tingin,Ashley Imler,English,
16143,Paligoy-Ligoy,Nadine Lustre,Filipino,
2692,Paloma Blanca,George Baker,English,
9086,Pambihira,Francis M.,English,
7564,Pamela Wan,Vhong Navarro,English,
1081,Paminsan-Minsan,Raymond Lauchengco,English,
1271,Pamulinawen,Ilocano Folk Song,English,
13514,Pamulinawen,Ilocano Folk Song,English,
11605,Panaginip,Noel Cabangon,English,
16382,Panaginip,P.O.T.,English,
16800,Panaginip,Alex Gonzaga,English,
8518,Panaginip,Crazy As Pinoys,English,
6306,Panahon,Juan Dela Cruz,English,
5696,Panahon Na Naman,Rivermaya,Filipino,
1048,Panalangin,Apo Hiking Society,Filipino,
8506,Panalangin,Moonstar 88,Filipino,
8160,Panalangin Sa Paglilingkod,Keynotes Chorale,English,
11029,Pananagutan,Bugoy Drilon,Filipino,
15478,Panawagan,Larry Miranda,English,
8332,Pandesal,Viva Hot Men,English,
3230,Pang Habang-Buhay,Jessa Zaragosa,English,
0302,Pangako,The Flippers,Filipino,
11402,Pangako,Cueshe,Filipino,
11790,Pangako,Kindred Garden,Filipino,
15059,Pangako,Valley Of Chrome,Filipino,
15543,Pangako,6 Cyclemind,Filipino,
5196,Pangako,Rey Valera,Filipino,
5635,Pangako,Regine Velasquez,Filipino,
6758,Pangako Ko,Ogie Alcasid,Filipino,
7747,Pangako Ko'y Di,Bing Rodrigo,Filipino,
9717,Pangako Sa'yo,Sharon Cuneta,Filipino,
8999,Pangako Yan,Luke Mejares,Filipino,
1388,Pangandoy,Visayan Song,English,
6603,Pangandoy,Al Comendador,English,
15479,Pangarap,Dingdong Avanzado,English,
5636,Pangarap,Cinderella,English,
8186,Pangarap,Sexbomb,English,
8573,Pangarap,Yeng Constantino,Filipino,
8818,Pangarap,Totoy Bato,English,
6822,Pangarap Ka,Geneva Cruz,English,
8256,Pangarap Ka,Karel Marquez,English,
11520,Pangarap Lang Kita,Parokya Ni Edgar Ft,Filipino,
11244,Pangarap Na Bituin,Sharon Cuneta,Filipino,
6605,Pangarap Na Bituin,Regine Velasquez,Filipino,
15480,Pangarap Na Mahal,Six Part Invention,Filipino,
6141,Panggaon Ko Ikaw,Visayan Song,Filipino,
8742,Pangutana,Visayan Song,English,
16117,Paniwalaan,Brownman Revival,Filipino,
0143,Pano Kaya,Jessa Zaragosa,English,
15664,Pansamantagal,Sitti,English,
15665,Pansamantala,Callalily,Filipino,
8743,Panumpa,Visayan Song,English,
6606,Panunumpa,Carol Banawa,English,
2661,Papa,Paul Anka,English,
8443,Papa Cologne,Parokya Ni Edgar,Filipino,
3569,Papa Don't Preach,Madonna,English,
6953,Papa Ka Ba,Dj Alvaro,English,
0941,Papa's Got A Brand New Bag,James Brown,English,
15465,Papansin,K.A. Antonio,English,
0429,Paper Back Writer,The Beatles,English,
11011,Paper Gangsta,Lady Gaga,English,
11323,Paper Planes,M.I.A.,English,
2613,Paper Roses,Spielman,English,
7890,Papercut,Linkin Park,English,
8920,Papilit,Bisrock,English,
7643,Papromise Promise,April Boys,English,
9514,Para Hindi Ka Mawala,Rico Blanco,Filipino,
7748,Para Lang Sa 'Yo,Edmon Tumana,Filipino,
8948,Para Lang Sa’yo,Aiza Seguerra,Filipino,
17195,Para Sa 'Yo,Juan Karlos Labajo,Filipino,
1082,Para Sa `Yo,Prettier Than Pink,English,
8412,Para Sa Akin,Sitti,English,
8938,Para Sa Akin Ay Ikaw,Willie Revillame,Filipino,
3231,Para Sa Masa,Eraser Heads,English,
8392,Para Sa'yo,Manny Pacquiao,Filipino,
9088,Para Sa'yo,Parokya Ni Edgar,Filipino,
16440,Para-Paraan,Nadine Lustre,Filipino,
16012,Paraan,Mayonaise,English,
11706,Paradise,Coldplay,English,
0899,Paradise City,Guns N' Roses,English,
8181,Paraiso,Smokey Mountain,English,
11229,Paralyzer,Finger Eleven,English,
16138,Parang,Mayonnaise,English,
1805,Parang Ayoko Na Yata,Parokya Ni Edgar,Filipino,
1389,Parang Baliw,Sharon Cuneta,Filipino,
7749,Parang Boomerang,Blazing Star,English,
11042,Parang Si Ely Buendia,Soapdish,English,
17214,Parang Wala Lang,Tippy Dos Santos,English,
4685,Paranoid,Black Sabbath,English,
4686,Pardon Me Sir,Joe Cocker,English,
1390,Pare Ko,Eraserheads,Filipino,
16436,Pare Mahal Mo Raw Ako,Michael Pangilinan,Filipino,
9747,Paris,Chicosci,English,
11854,Part Of Me,Katy Perry,English,
0525,Part Of Your Wold,Little Mermaid,English,
8201,Part Time Lover,Stevie Wonder,English,
0234,Parting Time,Rockstar,English,
11824,Party Rock Anthem,LMFAO,English,
13806,Paru-Parong Bukid,Mabuhay Singers,English,
15740,Paru-Parong Bukid,Mabuhay Singers,English,
15666,Pasakalye,Zia Quizon,English,
19711,Pasan,Callalily,Filipino,
8625,Pasan,Callalily,Filipino,
15101,Pasasalamat,Callalily,Filipino,
8094,Pasaway,J. Brothers,English,
9343,Pasaway,Cambio,English,
8744,Pasayawa Ko Day,Milyonaryo,English,
5015,Pasayloa Kon Ugaling,Visayan,English,
5197,Pasayloa Ug Hikalimti,Visayan Song,English,
17333,Pasensya Ka Na,Silent Sanctuary,Filipino,
5900,Pasensya Na,Mike Hanopol,English,
8629,Pasensya Na,Cueshe,Filipino,
7052,Pasko Ang Araw Ng Pag-Ibig,Siakol,Filipino,
17269,Pasko Ang Damdamin,Freddie Aguilar,Filipino,
1464,Pasko Na Naman,Janet Basco,English,
0604,Pasko Na Sinta Ko,Gary Valenciano,Filipino,
1083,Pasko Na Wala Ka Pa,R. Cortez,English,
9719,"Pasko Na, Pasko Na",Noel Cabangon,English,
15741,Pasko Ng Madla,Mabuhay Singers,Filipino,
8929,Pasko Ng Mahirap,Sandugo,Filipino,
8930,Pasko Para Sa Lahat,Allstar,English,
6988,Pasko Sa Puso Ko,Jeremiah,English,
15742,Pasko'y Laganap,Mabuhay Singers,English,
17648,Passenger,One Republic,English,
6607,Passenger Seat,Stephen Speaks,English,
8023,Past Christmas,Nelson Del Castillo,English,
9032,Pasubali,Spongecola,English,
0327,Pasulyap-Sulyap,Geleen Guevarra,English,
8121,Pasumpa Sumpa,Milyo Naryo,English,
13720,Pat A Cake Pat A Cake,Nursery Rhyme,English,
9447,Pataasan Ng WeeWee,Itchyworms,Filipino,
7750,Patawad Baby,Ariel Rivera,English,
6496,Patawarin Mo,Rockstar 2,English,
17729,Patay Na Si Uto,"Nyoy Volante Perhaps, Perhaps,",English,
8994,Patcha,Mocha,English,
6989,Patience,Guns & Roses,English,
9959,Patience,Take That,English,
11503,Patuloy Ang Pangarap,Angeline Quinto,Filipino,
9748,Patuloy Pa Rin,Yasmien Kurdi,Filipino,
11529,Patunayan,Silent Sanctuary,Filipino,
9426,Patunayan Mo,Sheryn Regis,English,
5842,Paulit-Ulit,April Boys,English,
7891,Paulit-Ulit,Danica Sotto,English,
16198,Pause,Kjwan,Filipino,
17013,Pautang Ina,Manang Damo,English,
11632,Pawiin,B.B.S. Feat Kian Cipriano,English,
16906,Payaso,Razorback,English,
9364,Payong (Umbrella),Tagalog,English,
15021,Payphone,Maroon 5 Ft,English,
11965,Peace Man,Bamboo,Filipino,
6308,Peace Of Mind,Boston,English,
11471,Peacock,Katy Perry,English,
4689,Peanut Butter,Traditional,English,
13519,Pearly Shells,Various Artists,English,
1391,Pearly Shells,Various Artists,English,
13721,Peas Porridge Hot,Nursery Rhymes,English,
3570,Peg,Steely Dan,English,
4690,Peggy Sue,Buddy Holly,English,
5735,Pekeng Dalaga,Porkchop,English,
6000,Peksman,Siakol,Filipino,
16144,Pelikula,BOB,English,
9259,Peng Yu,Kim Chiu Ft. Mymp,English,
9409,Penge Naman Ako Niyan,Itcyworms,Filipino,
7892,Penny And Me,Hanson,English,
2953,Penny Lane,The Beatles,English,
3572,Penny Royal Tea,Nirvana,English,
13722,Penpen De Sarapen,Nursery Rhyme Peter Peter,English,
11284,People Are Crazy,Billy Currington,English,
0514,People Are Strange,Doors,English,
0778,People In Neighbor,Bob,English,
15526,People Like Us,Kelly Clarkson,English,
6001,Pepito Pepito,Various Artist,English,
11519,Pera Pera,Sandwich,English,
15164,Perfect,Pink,English,
17329,Perfect,One Direction,English,
3232,Perfect,True Faith,Filipino,
4692,Perfect,Alanis Morissette,English,
47021,Perfect,One Direction,English,
7088,Perfect,Simple Plan,English,
16205,Perfect Combination,Stacy Lattisaw &,English,
6608,Perfect Moment,Martin Mccutchheon,English,
11459,Perfect Nightmare,Shontelle,English,
15095,Perfect Two (Acoustic),Auburn,English,
9014,Perfect World,Toni Gonzaga,English,
17206,Perfectly Imperfect,Sarah Geronimo,Filipino,
3030,Perfidia,Julio Iglesias,English,
16270,Performance Of My Life,Shirley Bassey,English,
15985,Perfume,Britney Spears,English,
17658,Perhaps,Cake,English,
0900,Perhaps Love,John Denver,English,
9515,Permanent Monday,Jordin Sparks,English,
17216,Perpekto,Dong Abay,English,
1392,Pers Lab,Hot Dog,English,
5312,Philippines Geography,Yoyoy Villame,English,
16181,Phoenix,Frank Sinatra,English,
11073,Photograph,Nickelback,English,
11428,Photograph,Ariel Rivera,English,
16839,Photograph,Ed Sheeran,English,
9776,Photograph,Paolo Santos,English,
6474,Photographs And Memories,Jim Croce,English,
7971,Physical,Olivia Newton John,English,
8931,Piano In The Dark,Brenda Russel,English,
0849,Piano Man,Billy Joel,English,
4697,Picasso's Last Words,Paul Mccartney,English,
7659,Picha Pie,Parokya Ni Edgar,Filipino,
15420,Pick Your Poison,Sponge Cola,English,
16766,Pickin Wild Flowers,Keith Anderson,English,
15697,Picture,Carly Rae Jepsen,English,
17448,Picture Mo Inday,Grin Department,English,
4282,Picture Of You,Boyzone,English,
11051,Picture Picture,Tanya Markova,English,
11298,Picture To Burn,Taylor Swift,English,
5428,Pictured Life,Scorpions,English,
17653,Piece By Piece,Kelly Clarkson,English,
19701,Pieces Of Me,Ashly Simpson,English,
8002,Pieces Of Me,Ashly Simpson,English,
15436,Piitan,Willy Garte,English,
17659,Piliin Mo Ang Pilipinas,Angeline Quinto,Filipino,
17473,Pilipinas,Quest,English,
17580,Pillowtalk,Zayn,English,
47001,Pillowtalk,Zayn,English,
16344,Pills N Potions,Nicki Minaj,English,
15389,Pilot Of The Airwaves,Charlie Dore,English,
16901,Pinaikot-Ikot,Mitoy Yonting,English,
8144,Pinakamagandang Lalaki,Janno Gibbs Pinakamagandang Tanawin 15922 Brownman Revival,Filipino,
15922,Pinakamagandang Tanawin,Brownman Revival,Filipino,
15306,Pinakamamahal,Willie Revillame,Filipino,
16323,Pinakamamahal,Maricris Garcia,Filipino,
6609,Pinakamamahal,Louie Heredia,Filipino,
7412,Pinakamamahal,Aiza Seguerra,Filipino,
3233,Pinakamamahal Kita,April Boy Regino,Filipino,
17550,Pinasmile,Daniel Padilla &,Filipino,
0947,Pinball Wizard,Elton John,English,
6678,Pink,Aerosmith,English,
7792,Pink Palaka,Andrew E.,English,
15845,Pinky Swear,Blue Boy Bites Back,English,
8995,Pinoti,Mantequilla,English,
5112,Pinoy,Freddie Aguilar,English,
8237,Pinoy Ako,Orange And Lemons,Filipino,
8056,Pinoy Folk Medley,Various Artist,English,
8850,Pintig Ng Puso,Yasmien Kurdi,Filipino,
8550,Pintura,Kjwan,Filipino,
6309,Piper,Abba,English,
15357,Pipit Puso,Larry Miranda,English,
1270,Pira-Pirasong Alaala,Rey Valera,Filipino,
7425,Pito-Pito,Willie Revillame,Filipino,
13724,Pitong Araw,Nursery Rhyme,English,
9381,Pitong Araw,Hale,Filipino,
5313,Pitong Gatang,Fred Panopio,English,
5198,Pizza Pie,Parokya Ni Edgar,Filipino,
6310,Planet Caravan,Black Sabbath,English,
15646,Plastic Roses,Jessica Sanchez,English,
6708,Play,Jennifer Lopez,English,
3576,Play That Funky Music,Wild Cherries,English,
9488,Played,Sarah Geronimo,Filipino,
47002,Player,Tinashe ft. Chris Brown,English,
2917,Playground In My Mind,Ray Conniff,English,
4337,Please Be Careful With My Heart,Jose Mari Chan,Filipino,
0270,Please Be Good To Me,Menudo,English,
15481,Please Don't Be Scared,Barry Manilow,English,
3396,Please Don't Go,Kc And Sunshine,English,
11460,Please Don't Let Me Go,Olly Murs,English,
9758,Please Don’t Leave Me,Pink,English,
4013,Please Forgive Me,Bryan Adams,English,
17462,Please Love Me Now,Eddie Peregrina,English,
3550,Please Mr. Postman,Carpenters,English,
9479,Please Naman,Cueshe,Filipino,
0430,Please Please Me,Beatles,English,
9869,"Please, Don't Touch My Birdie",Parokya Ni Edgar,Filipino,
8086,Plush,S.T.P.,English,
9015,Pobre,Mantequilla,English,
1235,Pobreng Alindahaw,Melinda Veloso,English,
15370,Poetic Justice,Kendrick Lamar ft. Drake,English,
8103,Points Of View,Joey Albert,English,
11431,Poison,Nicole Scherzinger,English,
11888,Poison,Alice Cooper,English,
9653,Poker Face,Lady Gaga,English,
13726,Polly Put The Kettle On,Nursery Rhymes,English,
13608,Polly Wolly Doodle,Nursery Rhyme,English,
15401,Pom Poms,Jonas Brothers,English,
16021,Pompeii,Bastille,English,
0750,Poor Boy,Elvis Presley,English,
6312,Poor Little Fool,Ricky Nelson,English,
0901,Poor Man's Moody,B.J. Harvest,English,
6521,Pop,N'Sync,English,
13549,Pop Goes The Weasel,Various,English,
4018,Pop Goes The Weasel,Various,English,
15144,Pop That,French Montana,English,
11283,Poppin My Collar,Three 6 Mafia,English,
15474,Popular Song,Mika ft. Ariana Grande,English,
679,Popularized By:,Unknown,English,
11496,Porque,Maldita,English,
11498,Porque (Full Tagalog),Maldita,English,
16488,Porta,Mayonnaise,English,
1631,Portrait Of My Love,Matt Monroe,English,
8408,Posible,Rivermaya,Filipino,
5314,Postcards From Heaven,Lighthouse Family,English,
1112,Pothograph,Ariel Rivera,English,
15085,Pound The Alarm,Nicki Minaj,English,
16748,Pour Some Sugar On Me,Def Leppard,English,
6314,Power Of Love,Huey Lewis,English,
9881,Power Of The Dream,Toni Gonzaga,English,
7413,Power Of Two,Aiza Seguerra,Filipino,
15522,Power Trip,J. Cole ft Miguel,English,
4703,Praise You Father,Gospel,English,
16872,Praning,Datus Tribe,English,
9401,Praning,Sino Sikat,English,
11477,Pray,Justine Bieber,English,
16867,Pray To God,Calvin Harris ft Haim,English,
4234,Praying For Time,George Michael,English,
3235,Presence Of The Lord,Eric Clapton,English,
16276,Pressure,Youngblood Hawke,English,
16257,Pretend,Nat King Cole,English,
7582,Pretend That I Don't Love You,Cookie Chua,English,
6610,Pretty Baby,Vanessa Carlton,English,
5200,Pretty Boy,M2M,English,
6881,Pretty Fly,Offspring,English,
15527,Pretty Girl Rock,Keri Hilson,English,
11801,Pretty Girls,Iyaz Ft. Travie Mccoy,English,
16924,Pretty Girls,"Britney Spears, Iggy",English,
6142,Pretty Little Baby,Sexbomb Girls,English,
3577,Pretty Paper,Roy Orbison,English,
8424,Pretty Vegas,Inxs,English,
11287,Pretty Wings,Maxwell,English,
3236,Pretty Woman,Roy Orbison,English,
11541,Price Tag,Jessie J Ft B.O.B,English,
4235,Pride,U2,English,
9911,Prince Charming,Adam And The Ants,English,
1272,Princesa,Apo,English,
9310,Princesa,Itchyworms,Filipino,
11704,Princess Of China,Coldplay Ft. Rihanna,English,
15820,Princess Of Disguise,Rivermaya,Filipino,
15821,Prinsesa,VFort,English,
5638,Prinsesa,The Teeth,English,
8544,Prinsipal,Visayan Song,English,
0903,Private Dancer,Tina Turner,English,
15518,Private Eyes,Hall And Oates,English,
3237,Private Number,Isaac Hayes,English,
8851,Probinsyana,Bamboo,Filipino,
16229,Problem,Ariana Grande ft,English,
5111,Problema,Freddie Aguilar,English,
11553,Problemang Puso,Jude Michael,English,
9295,Procastinator,Sandwich,English,
6143,Project,Juan Dela Cruz,English,
16781,Prom,Sugarfree,Filipino,
11282,Prom Queen,Lil Wayne,English,
15561,Promise,Yeng Constantino,Filipino,
0619,Promise Me,Beverly Craven,English,
6144,Promise Me,J. Brothers,English,
15667,Promise Of Love,Martin Nievera,Filipino,
1032,Promises,Basia,English,
15676,Promises,Cranberries,English,
2614,Proud Mary,Creedence C. Revival,English,
17770,Puedepende,Edray Teodoro,English,
13540,Puff The Magic Dragon,Peter Paul & Mary,English,
3578,Puff The Magic Dragon,Peter Paul & Mary,English,
3579,Pulling Teeth,Green Day,English,
16373,Pulses,Karmin,English,
15483,Pulubi,Freddie Aguilar,English,
16487,Pumapag-ibig,Marion Aunor,English,
0110,Pumapatak Ang Ulan,Apo Hiking Society,Filipino,
11314,Pump It,Black Eyed Peas,English,
1573,Pump Up The Jam,Technotronic,English,
13723,Pumpkin Eater,Nursery Rhymes,English,
1394,Punch And Judy,Cascades,English,
4236,Punky Reggae Party,Bob Marley,English,
2809,Puppy Love,Paul Anka,English,
15601,Puro Laro,Kz Tandingan,English,
3580,Purple Haze,Jimi Hendrix,English,
0904,Purple Rain,Prince,English,
17318,Purpose,Justin Bieber,English,
5315,Push,Matchbox 20,English,
11306,Push It To The Limit,High School Musical 2,English,
8284,Push The Button,Sugababes,English,
9423,Puso,Spongecola,English,
16239,Puso Mo,Erik Santos,English,
17343,Pusok,Jessa Lopez,English,
11641,Pusong Bato,Aimee Torres,English,
11028,Pusong Ligaw,Jericho Rosales,English,
15421,Pusong Lito,Myrus,English,
7811,Pusong Nalulungkot,Sagisag,English,
5843,Pusong Salawahan,Mystica,English,
13609,Pussycat Pussycat,Nursery Rhyme,English,
0562,Pussywillows Cattails,Kenny Rankin,English,
11299,Put A Girl In It,Brooks And Dunn,English,
4706,Put It Off Until Tomorrow,Dolly Parton,English,
4707,Put It There,Paul Mccartney,English,
3581,Put Your Hand In Hand,Anne Murray,English,
0479,Put Your Head On My Shoulder,Paul Anka,English,
16360,Put Your Hearts Up,Ariana Grande,English,
8425,Put Your Records On,Corrine Baely Rae,English,
11037,Putik,Sandwich,English,
16261,Puwang Sa Puso,Juris,English,
16266,Puyat,RJay Ty ft. Ron Henley,English,
15237,Pwede Ako,Gracenote Feat Kean Cipriano,Filipino,
15602,Pwede Ba,Midnight Meetings,English,
17140,Pwede Ba,3logy,English,
7584,Pwede Ba,Vst And Co.,English,
8442,Pwede Ba,Soapdish,English,
7583,Pwede Ba Malaman Mo,Lito Camo,English,
17007,Pwede Nang Mangarap,Lyca Gairanod,English,
8559,Pwet Mo'y Ang Laki,Joey De Leon,Filipino,
11023,Pyramid,Charice ft Sean Kingston,English,
11143,Pyromania,Cascada,English,
6544,Qing Fei Di Yi,F4,English,
16478,Qrush On You,Jay-R Elmo Magalona,English,
1636,"Quando, Quando,",Engelbert Humperdinck,English,
8287,"Quando, Quando,",Michael Buble' And Nelly,English,
5515,Queen Of Hollywood,The Corrs,English,
6707,Queen Of My Heart,Westlife,English,
15903,Queen Paranoia,Slapshock,English,
7460,Question Of Faith,Lighthouse Family,English,
11690,Questions,Bamboo,Filipino,
19695,Quit Playing Games,Backstreet Boys,English,
4352,Quit Playing Games With My...,Backstreet Boys,English,
6449,Quizas,Oswaldo Farres,English,
17108,R.I.C.O.,Meek Mill ft Drake,English,
15091,Radio,Amber Davis,English,
5516,Radio,The Corrs,English,
0572,Radio Ga Ga,Queen,English,
15193,Radioactive,Imagine Dragons,English,
16260,Raging Fire,Phillips Phillips,English,
8745,Ragsak,Ilocano Song,English,
0096,Rain,Donna Cruz,English,
8598,Rain,Jose Feliciano,English,
2617,Rain And Tears,Aphrodite’s Child,English,
13766,Rain On The Green Grass,Nursery Rhyme,English,
11819,Rain Over Me,Pitbull Ft. Marc Anthony,English,
13767,Rain Rain Go Away,Nursery Rhymes,English,
7707,Rainbow,South Border,Filipino,
9505,Rainbow Colored Skies,Freestyle,Filipino,
0779,Rainbow Connection,Dana Vallery,English,
2616,Raindrops Keep Falling On...,Bj Thomas,English,
6316,Raining In My Heart,Leo Slayer,English,
1714,Rainy Days And,Carpenters,English,
9369,Rakenrol,Marcus Highway,English,
15896,Rakista,Join The Club,English,
3583,Rape Me,Nirvana,English,
0907,Raspberry Beret,Prince,English,
16081,Rather Be,Clean Bandit,English,
7125,Ratratin,Masculados,English,
4708,Rave On,Buddy Holly,English,
7519,Ray Of Light,Madonna,English,
3584,Reach,Gloria Estefan,English,
9563,Reach For The Sky,Sarah Geronimo,Filipino,
0454,Reach Out I'll Be There,Gloria Gaynor,English,
0174,Reachin' Out,Gary Valenciano,Filipino,
2722,Reaching Out,Bee Gees,English,
17430,Read All About It,Emeli Sande,English,
16263,Ready Ka Na Ba?,Kito Romualdez,English,
16356,Ready Set Roll,Chase Rice Ready To Take A,English,
6885,Ready To Run,Dixie Chicks,English,
1603,Ready To Take..,Barry Manilow,English,
16206,Real,Plumb,English,
9749,Real Girl,Mutya Buena,English,
3585,Real Love,Jodi Wayne,English,
4710,Real Real Real,Jesus Jones,English,
2615,Reality,Richard Sanderson,English,
16395,Really Don't Care,Demi Lovato ft Cher Lloyd,English,
17537,Reaper,Sia,English,
16772,Reason,Glen Medeiros Love Always Finds,English,
17135,Reason To Believe,Lobo,English,
8607,Reasons,Earth Wind And Fire,English,
0931,Rebel Yell,Billy Joel,English,
9033,Rebound,Silent Sanctuary,Filipino,
15323,Receive,Alanis Morissette,English,
15854,Red,Taylor Swift,English,
11205,Red Heaven,General Luna,English,
16171,Red Lights,Tiesto,English,
16782,Red Red Wine,UB40,English,
3588,Red Rubber Ball,The Seekers,English,
16805,Redemption Song,Bob Marley,English,
0908,Reelin' In The Years,Steely Dan,English,
5316,Reflection,Christina Aguilera,English,
4038,Reflections Of My Life,Marmalade,English,
1396,Refrain,Jose Mari Chan,Filipino,
11595,Regal,Spongecola,English,
8966,Reggae Fever,Brownman Revival,Filipino,
6990,Reggae Medley,Various Artist,English,
0661,Regrets,Fra Lippo Lippi,English,
9238,Rehab,Amy Winehouse,English,
13727,Reindeer,Nursery Rhymes,English,
7913,Relax,Frankie Goes,English,
11163,Release Me,Agnes,English,
2887,Release Me,Wilson & Philips,English,
5095,Release Me,Engelbert Humperdink,English,
17281,Remedy,Adele,English,
7662,Remember I Love You,Vic Zhou,English,
15067,Remember M,Da Pulis,English,
0313,Remember Me,Renz Verano,English,
3240,Remember Me This Way,Jordan Hill,English,
15429,Remember When,The Platters,English,
17786,Remember When,Alan Jackson,English,
15484,Remember You're Mine,Pat Boone,English,
11551,Remenis,Rivermaya,Filipino,
9016,Reminiscing,Little River Band,English,
17340,Renegades,Ambassador,English,
8000,Renz Verano Medley,Renz Verano,English,
11074,Replay,Iyaz,English,
11417,Reset,Charice,English,
3241,Respect Yourself,Isaac Hayes,English,
17769,Rest Your Love,The Vamps,English,
15307,Rest Your Love On Me,Bee Gees,English,
5845,Return To Innocence,Enigma,English,
1684,Return To Sender,Elvis Presley,English,
7049,Reunited,Peaches And Herbs,English,
3590,Revolution,The Beatles,English,
11133,Rewind,Paolo Nutini,English,
15281,Rewind,Craig David,English,
16163,Rewind,Rascal Flatts,English,
6991,Rey Valera Medley,Rey Valera,Filipino,
4045,Rhiannon,Fleetwood Mac,English,
2913,Rhinestone Cowboy,Glenn Campbell,English,
1397,Rhythm Of The Rain,Cascades,English,
16846,Rich Folks Hoax,Sixto Rodriguez,English,
8535,Rich Girl,Gwen Stefani,English,
16463,Rico Mambo,Breakfast Club,English,
11315,Ride,Martina Mcbride,English,
0569,Ride Like The Wind,Christopher Cross,English,
15163,Ride Wit Me,Nelly Ft St. Lunatics,English,
3592,Riders On The Storm,Doors,English,
15583,Ridin Solo,Jason Derulo,English,
3242,Ridin' On A Railroad,James Taylor,English,
13768,Rig A Jig Jig,Nursery Rhyme,English,
17046,Right Before Your Eyes,America,English,
17553,Right Hand,Drake,English,
1604,Right Here,S.W.V.,English,
2677,Right Here Waiting,Richard Marx,English,
9523,"Right Here, Right Now",High School Musical 3,English,
15212,Right Next To Me,Whistle,English,
9648,Right Now Na Na,Akon,Filipino,
11822,Right There,Nicole Sherzinger ft 50,English,
3594,Right Time,The Corrs,English,
16194,Right Where You Belong,Julie Anne San Jose,Filipino,
3593,Rikki Don't Loose That Number,Steely Dan,English,
13561,Ring Around The Rosy,Traditional,English,
4713,Ring Around The Rosy,Traditional,English,
16458,Ring My Bell,Anita Ward,English,
17823,Ring Ring,ABBA,English,
11272,Ring The Alarm,Beyonce',English,
5546,Rio,Duran Duran,English,
1033,Rip It Up,Elvis Presley,English,
16351,Riptide,Vans Joy,English,
15280,Rise And Fall,Craig David ft. Sting,English,
16794,Risk It All,The Vamps,English,
16452,River Bank,Brad Paisley,English,
17650,River Lea,Adele,English,
4714,River Of Dreams,Unknown,English,
11319,River Of Love,George Strait,English,
0906,Rivers Of Babylon,Bonnie M.,English,
7942,Road Trippin',Red Hot Chili Peppers,English,
6319,Roadhouse Blues,The Doors,English,
17121,Roads,Lawson,English,
15648,Roar,Katy Perry,English,
9472,Rocaholic,Rochelle Pangilinan,English,
4715,Rock 'N Me,Steve Miller,English,
1605,Rock Around The Clock,Bill Haley,Filipino,
1298,Rock Baby Rock,Vst & Co.,English,
6886,Rock DJ,Robbie Williams,English,
16784,Rock Lobster,The B-52's,English,
6320,Rock Me,Abba,English,
4716,Rock Me My Baby,Buddy Holly,English,
15626,Rock N Roll,Avril Lavigne,English,
9506,Rock N Rolling,Willie Revillame,Filipino,
4717,Rock Show,Paul Mccartney,English,
8569,Rock Steady,All Saints,English,
11336,Rock That Body,Black Eyed Peas,English,
4718,Rock The Boat,Hues Corporation,English,
0683,Rock With You,Michael Jackson,English,
13769,"Rock-A-Bye, Baby",Rockin' Around The,English,
3596,Rocket Man,Elton John,English,
11513,Rocketeer,Far East Movement,English,
0601,Rockin' Around The Christmas...,Christmas Song,English,
9987,Rockstar,Nickelback,English,
16404,Roller Coaster,Luke Bryan,English,
4722,Roller Coaster,B*Witched,English,
11509,Rolling In The Deep,Adele,English,
0199,Romeo And Juliet,Dire Strait,English,
15552,Ronan,Taylor Swift,English,
6322,Ronnie,Four Seasons,English,
3599,Roof Garden,Al Jarreau,English,
16961,Room 21,Hinder,English,
6323,Room With A View,Tony Carey,English,
17191,Roots,Imagine Dragons,English,
4976,Rosalinda,Thalia,English,
1450,Rosanna,Toto,English,
15904,Rosas Pandan,Pilita Corales,Filipino,
110,Rose,Unknown,English,
3601,Rose Garden,Lynn Anderson,English,
6887,Rosemary Blue,Neil Sedaka,English,
17054,Rosemary Goes,Edison Lighthouse Love Makes Things,English,
17556,Roses,The Chainsmoker,English,
13528,Roses Are Red,Bobby Vinton Round And Round,English,
1653,Roses Are Red,Bobby Vinton,English,
6679,Roses Are Red,Aqua,English,
6324,Round And Round,Perry Como,English,
8603,Round And Round,Spandau Ballet,English,
13732,Round The Mountain,Nursery Rhymes,English,
1398,Row Row Row Your,Unknown,English,
13520,Row Row Row Your Boat,Unknown,English,
0001,Roxanne,Police,English,
15730,Royals,Lorde,English,
0780,Rubber Duckie,Ernie,English,
13511,Rubber Duckie,Ernie Rudolf The Red Nose,English,
9931,Ruby,Kaiser Chiefs,English,
15823,Ruby Jean & Billie Lee,Seals & Crofts,English,
6326,Ruby Tuesday,Rolling Stones,English,
3602,"Ruby, Don't Take Your",Elvis Prestley,English,
16311,Rude,Magic,English,
11548,Rude Boy,Rihanna,English,
1456,Rudolph The Red Nose Raindeer,Various,English,
9384,Rule No. 1 (Wag Kang Aamin),Overtone,English,
4723,Rumor Has It,Reba Mcentire,English,
17149,Rumors,Jake Miller,English,
17372,Rumors,Lindsay Lohan,English,
11958,Rumour Has It,Adele,English,
15201,Run,Kitchie Nadal,Filipino,
17048,Run Away With Me,Carly Rae Jepsen,English,
11124,Run Devil Run,Girls Generation,English,
15743,Run For The Roses,Dan Fogelberg,English,
6328,Run For Your Life,The Beatles,English,
6888,Run Samson Run,Neil Sedaka,English,
11623,Run The World (Girls),Beyonce,English,
0551,Run To Me,Bee Gees,English,
0507,Run To You,Whitney Houston,English,
11488,Run To You,Regine Velasquez,Filipino,
2893,Runaway,Del Shannon,English,
4370,Runaway,The Corrs,English,
6327,Runaway,Bon Jovi,English,
9232,Runaway,Avril Lavigne,English,
15243,Runaway Baby,Bruno Mars,English,
3603,Runaway Train,Soul Asylum,English,
17651,Runnin' Away,Ang Tunay Na Amo Running With The,Filipino,
17557,Runnin'(Lose It All),Naughty Boy ft Beyonce,English,
4725,Rush,Paula Abdul,English,
4054,Russian,Sting,English,
16146,Russian Radio,Red Flag,English,
11017,Russian Roulette,Rihanna,English,
3591,Ryhtm Of The Night,Corona,English,
11521,S & M,Rihanna,English,
11269,S.O.S.,Jonas Brothers,English,
2675,S.O.S.,Abba,English,
6009,Sa 'Yo Lamang,Joey Albert,Filipino,
9885,Sa 'Yo Lang (Paint My Love),Renz Verano,Filipino,
9750,Sa Akin Lang Sana,Yasmien Kurdi,English,
1041,Sa Aking Daigdig,Sharon Cuneta,Filipino,
9365,Sa Aking Mundo (Dyesebel OST),Julie Ann San Jose,Filipino,
6611,Sa Aking Pag-Iisa,Regine Velasquez,Filipino,
17776,Sa Aking Pagpikit,Midnight Meetings,English,
8483,Sa Aking Panaginip,Jennylyn Mercado,English,
1113,Sa Aking Puso,Ariel Rivera,English,
9720,Sa Aking Tabi,Jaya,English,
8927,Sa Araw Ng Pasko,Allstar,Filipino,
6612,Sa Atin Lang,Angelika,English,
15036,Sa Bawat Paghinga,Sabrina,English,
1220,Sa Bawat Sandali,Victor Wood,English,
8746,Sa Cuyang Pagrumdon,Bicolano Song,English,
6834,Sa Diyos Lamang,Sampaguita,English,
16420,Sa Gitna Ng Ulan,"Curse One, Smugglaz,",Filipino,
1185,Sa Hirap At Ginhawa,Sharon Cuneta,Filipino,
17016,Sa Ibang Mundo,Nadine Lustre and,Filipino,
17464,Sa Isang Awit,Lyca Gairanod,English,
16147,Sa Isang Bote Ng Alak,Siakol,Filipino,
15166,Sa Isang Sulyap Mo,1:43,English,
6811,Sa Isip Ko,Agot Isidro,English,
7439,Sa Iyo,Sarah Geronimo,Filipino,
15744,Sa Kabukiran,Sylvia La Torre,English,
7126,Sa Kandungan Mo,Carol Banawa,English,
6823,Sa Kanya,Ogie Alcasid,Filipino,
9882,Sa Kuko Ng Agila,Freddie Aguilar,Filipino,
5517,Sa Langit,Moonstar 88,Filipino,
5848,Sa Langit Maghihintay,Larry Miranda,English,
5318,Sa Langit Wala Ng Beer,Big Time,Filipino,
15801,Sa Laot Ng Karagatan,Larry Miranda,Filipino,
8747,Sa Lapyahan,Visayan Song,English,
8748,Sa Lungsod Sa Buenavista,Visayan Song,English,
6004,Sa Mata Makikita,Roel Cortez,English,
6475,Sa May Bintana,James Coronel,English,
16083,Sa Panaginip,Rocksteddy,Filipino,
8749,Sa Pangandoy Lang,Visayan Song,English,
6005,Sa Pangarap,Vina Morales,Filipino,
15745,Sa Paskong Darating,Mabuhay Singers,English,
17254,Sa Paskong Darating,Freddie Aguilar,English,
7751,Sa Paskong Ito,Ariel Rivera,English,
16084,Sa Piling Ko,Mark Alain,English,
1295,Sa Piling Mo,Mabuhay Singers,English,
16911,Sa Piling Mo,Silent Sanctuary Saan Darating Ang,Filipino,
7893,Sa Piling Mo,Regine Velasquez,Filipino,
6006,Sa Puso Ko,Ogie Alcasid,Filipino,
6498,Sa Puso Ko,Rachel Alejandro,English,
7894,Sa Puso Ko,Vina Morales,Filipino,
11515,Sa Silid,Slex,English,
6830,Sa Sulyap Mo,Ric Manrique,English,
7127,Sa Tamang Panahon,Rommel G.,English,
7752,Sa Tuwina,Sheila Mae,English,
13564,Sa Ugoy Ng Duyan,Jeremiah,Filipino,
5641,Sa Ugoy Ng Duyan,Jeremiah,Filipino,
8751,Sa Una Ug Karon,Visayan Song,English,
8750,Sa Unang Pagtan-Aw Kog Sine,Max Surban,English,
9355,Sa Wakas (Tuesday Sequel),Rj Jimenez,English,
9628,Sa Yahweh Ang Sayaw,Gary Valenciano,Filipino,
15606,Sa Yakap Mo,Willie Revillame,Filipino,
7641,Sa Yong Paglisan,Elaine Lee,English,
5920,Sa ‘Yo Lamang,Joey Albert,English,
16327,Sa'yo,Silent Sanctuary,Filipino,
0176,Sa'yo Lamang,Joey Albert,Filipino,
15607,Sa'yo Na Lang Ako,Karylle,Filipino,
6681,Sa'yo Pa Rin,Alex M.,Filipino,
8752,Saad Sa Gugma,Visayan Song,English,
1189,Saan Ako Nagkamali,Unknown,Filipino,
5117,Saan Ka Man Naroroon,Ric Manrique,English,
7089,Saan Ka Na Kaya Ngayon,Anna Feigi,English,
5697,Saan Na Bang Barkada,Apo Hiking,Filipino,
7753,Saan Na Nga Ba,Devine,English,
16424,Sabado,Eraserheads,Filipino,
5847,Sabado Nights,Rizal Underground,English,
9260,Sabaw,Scrambled Eggs,English,
16953,Sabay,Never The Strangers,English,
9585,Sabay-Sabay Tayo,Marian Rivera,English,
15037,Sabi Ko Na Nga Ba,Sheryl Cruz,Filipino,
5518,Sabi Mo,Wise Guys,English,
5737,Sabi Mo Ako Lamang,Men Oppose,Filipino,
9883,Sabi Mo Sa Akin Binata Ka,Mae Rivera,English,
6613,Sabi Na Nga Ba,Tootsie Guevarra,English,
7663,Sabi Ng Kanta,Aiza,Filipino,
5206,Sabi Ng Puso Ko,April Boy,Filipino,
15322,Sabi Nila,Agaw Agimat,English,
19714,Sabihin,Zelle,English,
8854,Sabihin,Zelle,English,
7754,Sabihin Man Nilang Baliw Ako,Laarni Mendoza,Filipino,
15423,Sabihin Mo Lagi,Men Oppose,English,
8439,Sabihin Mo Na,Tops Suzara,Filipino,
9400,Sabihin Mo Na,Yeng Constantino,Filipino,
15407,Sabihin Mo Naman,Kris Lawrence,English,
5739,Sabik,Imelda Papin,English,
6146,Sabik Na Sabik,Razzamanazz,English,
6806,Sabik Na Sabik,Gee Girls,English,
8753,Sabong Ng Manok,Big 3 Sullivans,Filipino,
2832,Sacrifice,Elton John,English,
8288,Sacrifice,Tatu,English,
7938,Sad But True,Metallica,English,
2676,Sad Movies,Lennon Sisters,English,
17446,Saddest Word),Celine Dion,English,
11843,Safe And Sound,Taylor Swift,English,
16112,Safe And Sound,Capital Cities,English,
8754,Saging Ug Kapayas Ni Lola,Visayan Song,English,
9296,Sagot Kita,6 Cycle Mind,English,
7755,Sagutin Mo Na Ko,Willie Revillame,Filipino,
0054,Said I Love You But I,Michael Bolton,English,
11654,Sailing,Christopher Cross,English,
2619,Sailing,Rod Stewart,English,
13728,Sailing Sailing,Nursery Rhyme,English,
6329,Sailor Moon Theme,Unknown,English,
17058,Saint Or Sinner,Hale,Filipino,
7780,Sakaling Mahalin Mo,Rannie Raymundo,Filipino,
9215,Sakayan Ng Jeep,Nikki Gil,Filipino,
1245,Saksit Ti Langit,Anselmo Pelayre,English,
8968,Sala,Pupil,Filipino,
0485,Salamat,The Dawn,English,
19712,Salamat,Yeng Constantino,Filipino,
8626,Salamat,Yeng Constantino,Filipino,
16209,Salamat Po,Parokya Ni Edgar,Filipino,
4978,Salamat Sa Iyo,April Boy Regino,English,
15466,Salamin,Kilos,English,
4057,Salawahan,Ric Rodrigo,English,
11911,Salawikain,Spaceflower Show with Mcoy,English,
7585,Salawikain,Apo Hiking Society,Filipino,
9017,Salawikain,Mcoy Of Orange &,English,
16486,Salbabida,Kyla,English,
8755,Salimu-Ang Sa Hubog,Visayan Song,Filipino,
9991,Salita,Angulo,English,
17128,Salitang Mahal Kita,Orlando Sol,Filipino,
4726,Sally G.,Paul Mccartney,English,
13729,Sally Go Round The Sun,Nursery Rhymes Sampung Malulusog,English,
4727,Salome,Latino,English,
15608,Saludo,Quest,English,
9412,Saludo,6 Cycle Minds,English,
6682,Salvation,Cranberries,English,
8621,Sama Na,Chilities,English,
8756,Sama Sa Usa Ka Damgo,Visayan Song,English,
11209,Sama-Sama,Letterday Story,English,
15424,Sama-sama,Rocksteddy,Filipino,
16211,Sama-Sama,Silent Sanctuary,Filipino,
15703,Same Auld Lang Syne,Dan Fogelberg,English,
11285,Same Girl,R Kelly Ft Usher,English,
8199,Same Ground,Kitchie Nadal,Filipino,
15530,Same Love,Macklemore X Ryan Lewis ft,English,
15817,Same Mistakes,One Direction,English,
6848,Same Old Brand New,A1,English,
17273,Same Old Love,Selena Gomez,English,
47003,Same Old Love,Selena Gomez,English,
1086,Sampaguita,Traditonal,English,
16820,Sampayan,Grin Department,English,
16325,Sampip,Parokya Ni Edgar,Filipino,
2620,San Francisco,Gleen Camble,English,
16495,San Man Patungo,Parokya Ni Edgar,Filipino,
15125,Sana,Florante,Filipino,
16909,Sana,Sarah Geronimo Sana Bukas Pa Ang,Filipino,
5207,Sana,Ibang Bersyon,English,
6007,Sana,Kuh Ledesma,English,
6614,Sana,Ogie Alcasid,Filipino,
8484,Sana,Shamrock,English,
8562,Sana,Gagong Rapper,English,
9297,Sana,La Famille Dembele,English,
1168,Sana Ay Ikaw Na Nga,Zsa Zsa Padilla,Filipino,
3244,Sana Ay Ikaw Na Nga,Basil Valdez,Filipino,
1087,Sana Ay Mahalin Mo Rin Ako,April Boy,Filipino,
0586,Sana Ay Malaman Mo,Ric Segreto,English,
6683,Sana Ay Nandito Ka,Regine Velasquez,Filipino,
6504,Sana Bukas Mahal Mo Na Ako,Ogie Alcasid,Filipino,
1313,Sana Dalawa Ang Puso Ko,Bodjie’s Law,Filipino,
9524,Sana Di Lang Puro Sana,Aiza Seguerra,Filipino,
15254,Sana Di Na Lang,Dello,English,
7129,Sana Do,Andrew E.,English,
5919,Sana Ikaw,Piolo Pascual,Filipino,
1400,Sana Kahit Minsan,Ariel Rivera,English,
9721,Sana Lagi,Jasmine Trias,English,
7782,Sana Magbalik,Mannie Mesina,English,
7387,Sana Magbuhat Ng Una,Jessa Zaragosa,Filipino,
7131,Sana Mama,Masculados,English,
9643,Sana Man Lang,Roselle Nava,English,
9861,Sana Na Lang,Blue Ketchup,English,
1287,Sana Naman,Tricia,English,
8585,Sana Naman,Civil Eyes,English,
9090,Sana Naman,Session Road,Filipino,
15671,Sana Nga,Regine Velasquez,Filipino,
15126,Sana Ngayong Pasko,Ariel Rivera,English,
1226,Sana Pag-Ibig,Rico J. Puno,English,
11766,Sana'y Ako Na Lang,Six Part Invention,Filipino,
5208,Sana'y Di Ko Na Nakita,Carol Banawa,Filipino,
9884,Sana'y Dinggin Mo,Mark Bautista,English,
6849,Sana'y Dumating Ka Na,Vina Morales,Filipino,
15571,Sana'y Ibigin Mo,Bugoy Drilon,Filipino,
6833,Sana'y Malaman Mo,Rica Peralejo,English,
9852,Sana'y Malaman Mo,OJ Mariano,English,
15402,Sana'y Pagbigyan,Juan Rhyme Brothers,English,
6706,Sana'y Sabihin Mo,Vina Morales,Filipino,
17759,Sana'y Tumibok Muli,Klarisse De Guzman,English,
1606,Sana'y Wala Nang Wakas,Sharon Cuneta,Filipino,
15980,Sana2x,Angeline Quinto,Filipino,
1133,Sana’y Maulit Muli,Gary V.,Filipino,
8908,Sanctuary,Callalily,Filipino,
8355,Sandalan,6 Cycle Minds,English,
11983,Sandali Lang,Emmanuelle,English,
19722,Sandali Na Lang,Hale,Filipino,
9789,Sandali Na Lang,Hale,Filipino,
11539,Sandata,Shamrock,English,
15065,Sandata,Wolfgang,English,
15610,Sandata,Yeng Constantino,Filipino,
4238,Sandman,America,English,
16085,Sandra,Barry Manilow,English,
5320,Sandy,Carpenters,English,
0955,Santa Claus Is Coming To Town,Christmas Song,English,
0527,Santa Fe,Bon Jovi,English,
15314,Santeria,Sublime,English,
15310,Sapagkat Ikaw Ay Akin,Ric Manrique Jr.,Filipino,
5741,Sapagkat Kami Ay Tao Lamang,Ric Manrique,English,
6008,Sapagkat Mahal Kita,Larry Miranda,Filipino,
9091,Sapat Na Ang Minsan,Jennilyn Mercado,Filipino,
9565,Sapata Ta Ed Buwan,"Andrew Paulino, Jr.",Filipino,
16032,Sara,Starship,English,
3606,Sara,Steve Nicks,English,
13805,Saranggola Ni Pepe,Celeste Legaspi,English,
15372,Saranggola Ni Pepe,Celeste Legaspi,English,
9722,Saranggola Sa Ulan,Gary Granada,English,
11609,Sari-Saring Kwento,Champ Lui Pio Feat. Noel,English,
11973,Sasabihin,Christian Bautista With,Filipino,
9723,Sasakay Sa Pangarap,Yeng Constantino,Filipino,
7706,Sasakyan Kita,K & The Boxers,English,
13646,Sat Upon A Tree,Nrusery Rhyme,English,
3607,Satisfaction,Tom Jones,English,
4059,Saturday Night,Bay City Rollers,English,
9971,Saturday Night,Whigfield,English,
5547,Save A Pray,Duran Duran,English,
15949,Save Me,Remy Zero,English,
15168,Save Me A Dream,Paul Williams,English,
2779,Save The Best For Last,Venessa Williams,English,
2864,Save The Last Dance,De Franco Family,English,
8216,Save The Last Dance,Michael Buble,English,
7944,Save Tonight,Eagle Eye Cherry,English,
15170,Save You,Simple Plan,English,
15486,Save Your Kisses For,Brotherhood Of Man,English,
11230,Savin' Me,Nickelback,English,
2741,Saving All My Love For You,Whitney Houston,English,
17517,Sax,Fleur East,English,
11231,Say,John Mayer,English,
5851,Say A Little Prayer,Diana King,English,
15910,Say Goodbye,Barbie Almalbis,English,
11798,Say Hello To Goodbye,Shontelle,English,
15905,Say It,Voices Of Theory,English,
16025,Say It Isn't So,Gareth Gates,English,
11101,Say It Right,Nelly Furtado,English,
5778,Say My Name,Destiny's Child,English,
15918,Say Something,A Great Big World,English,
8093,Say That You Love Me,Regine Velasquez,Filipino,
8224,Say That You Love Me,Martin Nievera,Filipino,
9092,Say That You Love Me,Christian Bautista,Filipino,
9810,Say That You Love Me,Kyla Feat. Jay,English,
4730,Say What You Want,Unknown,English,
9525,Say You Do,The Bloomfields,English,
16895,Say You Love Me,M.Y.M.P.,English,
2715,Say You Say Me,Lionel Richie,English,
2657,Say You Will,David Liang,English,
3608,Say You'll Be There,Spice Girls,English,
8378,Say You'll Never Go,Neo Colours,English,
15326,Say You're Just A Friend,Austin Mahone ft Flo Rida,English,
16051,Sayang,Claire Dela Fuente,English,
1782,Sayang,Parokya Ni Edgar,Filipino,
8969,Sayang,Moonstar 88,Filipino,
9216,Sayang,Stonefree,English,
9261,Sayang,Rivermaya,Filipino,
8473,Sayang Ang Lahat,True Faith,Filipino,
1088,Sayang Na Sayang,Manilyn Reynes,English,
6500,Sayang Na Sayang,Aegis,Filipino,
11187,Sayang Sayang,Aljur Abrenica,English,
15605,Sayaw,Rico Blanco,Filipino,
8996,Sayaw Darling,Willie Revillame,Filipino,
8405,Sayaw Ng Puso,Yvette & Michael Cruz,Filipino,
8757,Sayri Ako,Visayan Song,Filipino,
17476,Scar Tissue,Red Hot Chili Pepper,English,
0066,Scarborough Fair,Simon & Garfunkle,English,
15311,Scared To Death,KZ Tandingan,English,
15952,Scarlet Ribbons,Harry Belafonte,English,
3306,School,Supertramp,English,
4732,School's Out,Alice Cooper,English,
3005,Schoolboy Q,Unknown,English,
11642,Science And Faith,The Script,English,
9924,Scooby Snacks,Fun Loving Criminals,English,
8214,Scooter Boy,Mojo Fly,English,
7672,Scratch Mo Baby,Marc Logan,English,
15058,Scream,Usher,English,
15225,Scream & Shout,Will I Am ft. Britney Spears,English,
48999,Scream & Shout,Will I Am ft. Britney Spears,English,
0910,Sea Of Heartbreak,Poco,English,
17275,Sea Of Love,The Honeydripper,English,
2622,Sealed With A Kiss,Letterman,English,
6615,Season Of Fireworks,F4,English,
8895,Season Of Smile,Itchyworms,Filipino,
16845,Seasons,Olly Murs,English,
16501,Seasons In The Sun,Terry Jacks,English,
2726,Seasons In The Sun,Westlife,English,
11326,Second Chance,Shinedown_,English,
1607,Secret,Madonna,English,
17081,Secret,OMD,English,
1621,Secret Love,George Michael,English,
17544,Secret Love Song,Little Mix ft. Jason Derulo,English,
47004,Secret Love Song,Little Mix ft. Jason Derulo,English,
15213,Secret Smile,William Katt,English,
16490,Secret Valentine,We The Kings,English,
11142,Secrets,One Republic,English,
16377,Secrets,Mary Lambert,English,
11620,See No More,Joe Jonas,English,
13731,See Saw Margery Daw,Nursery Rhymes She'll Be Coming,English,
16881,See You,Hale,Filipino,
16858,See You Again,Wiz Khalifa ft Charlie Puth,English,
17663,See You Again(Piano),Charlie Putt,English,
1554,See You Later Alligator,Bill Haley,Filipino,
15704,Seeing You Again,Dan Fogelberg,English,
7054,Seek And Destroy,Metallica,English,
16268,SeenZoned,Yeng Constantino,Filipino,
15613,Segundo,Yael Yuzon,English,
8901,Seksi Seksi,Kamikazee,Filipino,
15850,Selene 6.23,Shinee,English,
2697,Self Control,Laura Branigan,English,
15795,Selfie Song,Davey Langit,English,
1455,Selfish,The Other Two,English,
17475,Selfish Girls,Jake Miller,English,
5785,Selling The Drama,Live,English,
1780,Selos,Rico J. Puno,English,
9451,Selos,Sandwich,English,
15549,Selosa,Sicarius,English,
7883,Selosa,Andrea,English,
15711,Sembreak,Eraserheads,Filipino,
16331,Semi Charmed Life,Third Eye Blind,English,
17457,Send In The Clowns,Judy Collins,English,
5429,Send Me An Angel,Scorpions,English,
0293,Send Me Your Pillow,Jolina Magdangal,English,
8543,Senior Citizen,Visayan Song,English,
1978,Sentencia,Javier Solis,English,
8970,Senti,Yano,English,
9596,Senti,Moonstar 88,Filipino,
4735,Sentimental Journey,Doris Day,English,
6450,Sentimental Lady,Bob Welch,English,
8307,Separate Lives,Phil Collins And Cindy Lauper,English,
8419,Separate Ways,Journey,English,
16788,Separated,Usher,English,
3245,September,"Eart, Wind & Fire",English,
0663,September Morn',Neil Diamond,English,
6331,September Song,Kurt Weil,English,
3609,Sergeant Pepper's Lonely...,Beatles,English,
1703,Sesame Street,Joe Raposo,English,
11765,Set Fire To The Rain,Adele,English,
0579,Set You Free,Side A Band,Filipino,
16150,Settle Down,The 1975,English,
6616,Settling,Tara Mclean,English,
2623,Seven Daffodils,The Brothers Four,English,
4980,Sex Bomb,Tom Jones,English,
16197,Sex On Fire,Kings Of Leon,English,
4239,Sexual Healing,Marvin Gaye,English,
6718,Sexy,French Affair,English,
11820,Sexy And I Know It,Lmfao,English,
48997,Sexy and I Know It,LMFAO,English,
11139,Sexy Bitch,David Guetta Ft Akon,Filipino,
2898,Sexy Eyes,Dr Hook,English,
11078,Sexy Love,Ne-Yo,English,
7945,Sexy Lover,Modern Talking,English,
7100,Sexy Music,Nolans,English,
8243,Sexy Naughty Bitchy,Tata Young,English,
0242,Sha La La,Dreamhouse,English,
7988,Sha La La La La,Venga Boys,English,
16414,Shadow,Austin Mahone,English,
7586,Shadow In Your Light,Gospel Song,English,
9314,Shadow Of The Day,Linkin' Park,English,
16444,Shake It Off,Taylor Swift,English,
8293,Shake It Off,Mariah Carey,English,
15509,Shake It Up,Cars,English,
15825,Shake Yer Head,Eraserheads,Filipino,
6520,Shake Your Booty,Kc & The Sunshine Band,English,
15906,Shake Your Groove,Peaches & Herbs,English,
4342,Shakespear In Love,Layla Kalif,English,
11363,Shame,Robbie Williams And Gary,English,
11375,Shampain,Marina And The Diamonds,English,
5644,Shape Of My Heart,Backstreet Boys,English,
5780,Sharing The Night Together,Dr. Hook,English,
3611,Shattered Dreams,Johnny Hates Jazz,English,
11267,Shawty Is A 10,The Dream,English,
16086,She,Jack Jones,English,
4736,She,Kiss,English,
11828,She Ain't You,Chris Brown,English,
5519,She Bangs,Ricky Martin,English,
6010,She Believes In Me,Kenny Rogers,English,
0911,She Bop,Cyndi Lauper,English,
2984,She Called Me Baby,Charlie Rich,English,
8489,She Could Be,Christian Bautista,Filipino,
16040,She Looks So Perfect,5 Seconds Of Summer,English,
3612,She Loves You,The Beatles,English,
16778,She Makes Me Feel,Matthew Fischer,English,
6452,She Makes Me Feel Brand New,Matthew Fisher,English,
11355,She Said,Plan B,English,
11327,She Says,Howie Day,English,
15953,She Wears My Ring,Ray Price,English,
7895,She Will Be Loved,Maroon 5,English,
6332,She Works So Hard For..,Donna Summer,English,
17089,She'll Be Breaking Hearts,Zac Poor She's Not Cryin',English,
0434,She's A Lady,Richard Sanderson,English,
3317,She's Always A Woman,Billy Joel,English,
0912,She's Gone,Black Sabbath,English,
5702,She's Gone,Steel Heart,English,
11168,She's Got Me Dancing,Tommy Sparks,English,
3446,She's Got The Power,Sailormoon US,English,
3614,She's Leaving Home,The Beatles,English,
3246,She's Like The Wind,Patrick Swayze,English,
0044,She's Out Of My Life,Michael Jackson,English,
4737,She's So Young,Pursuit Of Happiness,English,
4738,She's Taken A Shine,Unknown,English,
15312,She's The One,Taylor Jones,English,
6684,She's The One,Robbie Willams,English,
4241,She's Waiting,Eric Clapton,English,
11410,Shembot,Eat Bulaga,English,
0726,Shine,Collective Soul,English,
17023,Shine,The Skies Of America,English,
17150,Shine,Years & Years,English,
8132,Shine,Regine Velasquez,Filipino,
9958,Shine,Take That,English,
11462,Shine A Light,McFly ft Taio Cruz,English,
4242,Shining Star,Ewf,English,
9947,Shiny Happy People,R.E.M.,English,
3247,Ships,Barry Manilow,English,
16993,Shirley,Eraserheads,Filipino,
8157,Shiver,Natalie Imbruglia,English,
16785,Shoop,Salt N Pepa,English,
15207,Shooting Star,Owl City,English,
7229,Shooting Star,F4 (Yellow),English,
16829,Shots,Imagine Dragons,English,
3615,Should I Stay Or Should I Go,The Clash,English,
17029,Should Know,The Beatles,English,
17219,Should've Been Us,Tori Kelly,English,
1583,Shouldn't Have To..,Fra Lippo Lippi,English,
0664,Shout,Tears For Fears,English,
16964,Shout,Ross Copperman,English,
5902,Shout For Joy,Gary V.,Filipino,
16102,Show Me,Kid Ink,English,
1242,Show Me A Smile,Apo,English,
15260,Show Me The Way To..,Scott Grimes,English,
7461,Show Me Your Love,F4(Ken),English,
17851,Show You,Shawn Mendes,English,
16340,Shower,Becky G,English,
1035,Shower Me With Your,Surface,English,
9093,Shut Up,Black Eyed Peas,English,
16965,Shut Up And Dance,Walk The Moon,English,
47005,Shut Up And Dance,Walk The Moon,English,
1401,Shy Girl,Cascades,English,
8534,Shy Guy,Diana King,English,
8182,Si Manloloko,Ai Ai Delas Alas,English,
8007,Si Misis,Bayani Agbayanio,English,
8758,Si Neneng,Milyo Naryo,English,
6889,Si Tatang,Florante,Filipino,
11966,Side Show,Blue Magic,English,
5113,Sigarilyo,Freddie 3aguilar,English,
17019,Sigarilyo Ni Pepe,Re-Animator,English,
9363,Sigaw,Slapshock,English,
1090,Sigaw Ng Puso,Father And Sons,Filipino,
8143,Sige,6 Cycle Minds,English,
7806,Sige Bangon Na,Mark Nicolas,English,
15031,Sige Lang,Quest,English,
11249,Sige Sayaw,Pop Girls,English,
4740,Sight For Sore Eyes,M People,English,
11627,Siguro,Yeng Constantino,Filipino,
19741,Siguro,Yeng Constantino,Filipino,
8406,Sikat Ang Pinoy,"Toni G., Sam M.",Filipino,
6333,Sikat Na Si Pedro,Phil. Violators,English,
8949,Sikwati,Agipo,English,
17538,Silakbo,Miles Experience,English,
4741,Silent Lucidity,Queensryche,English,
13535,Silent Night,Christmas Song,English,
2687,Silent Night,Christmas Song,English,
4742,Silly Love Songs,Paul Mccartney,English,
9792,Silong Na,Willie Revillame,Filipino,
8759,Siloy,Visayan Song,English,
13533,Silver Bells,Christmas Song,English,
2663,Silver Bells,Christmas Song,English,
3248,Silvertoes,Parokya Ni Edgar,Filipino,
15746,Simbang Gabi,Mabuhay Singers,English,
5016,Simple Lang,Mystica,English,
9764,Simple Lang,Ariel Rivera,English,
7793,Simpleng Tao,Gloc 9,Filipino,
16421,Simpleng Tulad Mo,Daniel Padilla,Filipino,
5854,Simply Amazing,Martin Nievera,Filipino,
6012,Simply Jessie,Rex Smith,English,
6334,Simply The Best,Tina Turner,English,
15747,Simula Ng Pasko,Mabuhay Singers,Filipino,
11013,Simulan Mo Na,Pedicab,Filipino,
19726,Simulan Mo Na,Pedicab,Filipino,
9886,Simulan Mo Sa Isang Pangarap,Bugoy Drilon,Filipino,
11185,Simulan Na Natin,Kenyo Ft HI-C,Filipino,
6013,Sinabmarin,Andrew E,English,
0314,Sinaktan Mo Ang Puso Ko,Michael V.,Filipino,
0502,Sinasamba Kita,Rey Valera,Filipino,
3249,Sinayang Mo,Bing Rodrigo,English,
1337,Since I Don't Have You,Gun 'N Roses,English,
3619,Since I've Been Loving You,Led Zeppelin,English,
8308,Since You've Been Gone,Kelly Clarkson,English,
9094,Sincerely,Victor Wood,English,
16237,Sing,Ed Sheeran,English,
17335,Sing,Parokya Ni Edgar & Rico,Filipino,
2621,Sing,The Carpenters,English,
3250,Sing A Song,Earth Wind And Fire,English,
13734,Sing A Song Of Sixpence,Nursery Rhymes,English,
17158,Sing For You,Tracy Chapman,English,
5322,Sing Me Your Song Again...,Jose Mari Chan,Filipino,
13733,Sing Robin,Nursery Rhyme,English,
11849,Sing This Song,Somedaydream,English,
7347,Singkit,Dj Alvaro,English,
9537,Single Ladies,Beyonce,English,
9386,Single Nanay,Bolingling,English,
15748,Sinisinta Kita,Mabuhay Singers,English,
16028,Sino Ako,Aegis,Filipino,
9887,Sino Ang Baliw,Basil Valdez,Filipino,
5211,Sino Ba,Donna Cruz,English,
9566,Sino Ba Naman Ako,Mau Marcelo,Filipino,
11492,Sino Nga Ba Sya,Sarah Geronimo,Filipino,
5017,Sino Pa,Renz Verano,English,
5576,Sino Sa Aming Dalawa,Von Arroyo,English,
11830,Sinong Mag-aakala,Sitti,English,
8117,Sinong Magsasabi,Masculados,English,
5018,Sinta,Aegis,Filipino,
8819,Sinta Kong Japayuki,Totoy Bato,English,
5856,Sinungaling,Rea Valle,English,
9468,Sinungaling,Mayonaise,English,
5905,"Sinusuyo, Niyayakap",Manilyn Reynes,English,
0928,Sir Duke,Stevie Wonder,English,
11951,Sirena,Gloc-9 Feat. Ebe Dancel,Filipino,
48990,Sirena,Gloc 9 ft. Ebe Dancel !!,Filipino,
9526,Sisikat Din Ako,Sarah Geronimo,Filipino,
5466,Sisirin Mo,Diwata,English,
3252,Sister Golden Hair,America,English,
6336,Sisters Of The Moon,Fleetwood Mac,English,
2980,Sit Down,Buffalo Springfield,English,
9927,Sit Down (Next To Me),James,English,
13735,Sitsiritsit Alibangbang,Nursery Rhyme,English,
9941,Sitting On The Dock Of The Bay,Otis Redding,English,
13736,Six Little Ducks,Unknown,English,
11264,Size Matters,Joe Nichols,English,
6617,Sk8ter Boi,Avril Lavigne,English,
15042,Skin,Grin Department,English,
7132,Skin,Madonna,English,
11518,Skinny Genes,Eliza Doolittle,English,
13526,Skip To My Lou,Children's Song,English,
1523,Skip To My Lou,Children's Song,English,
8785,Sky,Cueshe,Filipino,
15090,Skyfall,Adele,English,
0349,Skyline Pigeon,Elton John,English,
11710,Skyscraper,Demi Lovato,English,
3621,Sledge Hammer,Peter Gabriel,English,
9402,Sleep,Rivermaya,Filipino,
15248,Sleep All Day,Jason Mraz,English,
1611,Sleeping Child,Mltr,English,
4745,Sleeping In My Car,Roxette,English,
16170,Sleeping With A Friend,Neon Trees,English,
11715,Sleeping With You,Firehouse,English,
3622,Sleigh Ride,Various Artist,English,
15749,Slide,Boyce Avenue,English,
6384,Slipping Through My Fingers,Abba,English,
17052,Slo Mo,Eraserheads,Filipino,
0913,Sloop John B,Beach Boys,English,
17575,Slow Down Time,Us The Duo,English,
16175,Slow Me Down,Sarah Evans,English,
17107,Slow Motion,Trey Songz,English,
9407,Smack That,Akon ft Eminem,Filipino,
9957,Small Blue Thing,Suzanne Vega,English,
11689,Smile,Avril Lavigne,English,
1410,Smile,Tony Bennet,English,
15955,Smile,Nat King Cole,English,
16087,Smile,Uncle Kracker,English,
9936,Smile,Lily Allen,English,
0914,Smile Again,Newton Family,English,
16208,Smile At Me,Rocksteddy,Filipino,
6501,Smile Like Monalisa,All-4-One,English,
17766,Smiling,Hi Rez,English,
7967,Smoke,Natalie Imbruglia,English,
17353,Smoke Break,Carrie Underwood,English,
2725,Smoke Gets In Your,The Platters,English,
0752,Smoke On The Water,Deep Purple,English,
5809,Smooth,Santana,English,
2835,Smooth Criminal,Michael Jackson,English,
7976,Smooth Operator,Sade,English,
9785,So Be It,Hilera,English,
9233,So Blue,Sino Sikat,English,
15827,So Close,Jon Mclaughlin,English,
5430,So Emotional,Whitney Houston,English,
0350,So Far Away,Carole King,English,
8971,So Far Away,Bamboo,Filipino,
16365,So Far So Great,Demi Lovato So Much In Love With,English,
8361,So Good,Al Jarreu,English,
9888,So Heartbroken,Sarah Geronimo,Filipino,
6147,So It's You,Raymond Lauchengco,English,
3626,So Loney,Police,English,
6891,So Many Questions,Side A,Filipino,
1666,So Much In Love,Foj,English,
0755,So Natural,Lisa Stansfield,English,
9034,So Perfect,M.Y.M.P.,English,
6453,So Sad,Everly Brothers,English,
8468,So Sick,Ne-Yo,English,
19696,So Slow,Freestyle,Filipino,
5906,So Slow,Freestyle,Filipino,
11102,So Small,Carrie Underwood,English,
9440,So What,Pink,English,
7804,So Yesterday,Hillary Duff,English,
4314,So Young,The Corrs,English,
13771,Soap And Towel,Kid's Song Supercalifragilistic,English,
7011,Softly,Apo Hiking Society,Filipino,
9551,Softly Saying Sorry,Ariel Rivera,English,
15141,Solamente Un Vez,Trio Los Panchos,English,
17865,Solb,Siakol,Filipino,
15710,Soldier In The Rain,England Dan John Ford,English,
2780,Soldier Of Fortune,Deep Purple,English,
5857,Soledad,Westlife,English,
2994,Solitaire,Carpenters,English,
0212,Solitary Man,Neil Diamond,English,
11591,Solo,Iyaz,English,
3627,Some Are Diamonds,John Denver,English,
15956,Some Enchanted,Perry Como,English,
0519,Some Good Things Never Last,Barry Manilow,English,
0045,Some Guys Have All The Luck,Rod Stewart,English,
0272,Some People,Fra Lippo Lippi,English,
5275,Somebody,Depeche Mode,English,
1702,Somebody Come Play,Joe Raposo,English,
5647,Somebody For Someone,The Corrs,English,
11865,Somebody That I Used To Know,Goyte,English,
11189,Somebody To Love,Justin Bieber Ft Usher,English,
16286,Somebody To You,The Vamps ft Demi Lovato,English,
8309,Somebody Told Me,The Killers,English,
0774,Someday,Mariah Carey,English,
15828,Someday,David Gates,English,
5467,Someday,Sugar Ray,English,
8371,Someday,Michael Learns To Rock,English,
8592,Someday,Nina,Filipino,
9217,Someday,Barbie Almalbis,English,
6517,Someday We'll Know,Mandy Moore,English,
1038,Somekind Of Friend,Barry Manilow,English,
15375,Someone,The Rembrandts,English,
11682,Someone Like You,Adele,English,
15151,Someone Like You,Eric Clapton,English,
0257,Someone That I Used To Love,Natalie Cole,English,
1418,Someone's Waiting..,The Rescuers,English,
0582,Someones Rockin',Natalie Cole,English,
11463,Something 'Bout Love,David Archuleta,English,
4747,Something About The..,Elton John,English,
0725,Something About You,Level 42,English,
16398,Something Bad,Miranda Lambert Something's Got A,English,
17793,Something Better,Audien ft. Lady,English,
0754,Something Got Me Started,Simply Red,English,
4243,Something In The Way...,James Taylor,English,
9644,Something In Your Eyes,Claire Dela Fuente &,English,
0587,Something To Say,Harem Scarem,English,
16743,Something's Gotta Give,All Time Low,English,
4287,Sometimes,Britney Spears,English,
8400,Sometimes A Fantasy,Billy Joel,English,
0472,Sometimes Love Just...,Patty Smith,English,
0621,Sometimes When We Touch,Dan Hill,English,
8123,Sometimes You Can Make It..,U2,English,
16362,Somewhere,Barbra Streisand,English,
1559,Somewhere Down The Road,Unknown,English,
6618,Somewhere I Belong,Linkin Park,English,
8236,Somewhere In My Past,Divo,English,
1000,Somewhere In The Night,Barry Manilow,English,
0538,Somewhere In Time,Verni Varga,English,
15958,Somewhere My Love,Andy Williams,English,
6238,Somewhere My Love,Ray Conniff Somewhere Only We Know 16029 Keane,English,
0620,Somewhere Out There,Linda Ronstadt,English,
3253,Somewhere Over The Rainbow,Judy Garland,English,
3629,Son Of A Son Of A..,Jimmy Buffet,English,
8760,Sonata,Visayan Song,English,
17377,Song 2,Blur,English,
17160,Song About A Girl,Eric Paslay,English,
15044,Song For A Rainy Day,Marc Velasco,English,
16849,Song For Someone,U2,English,
11537,Song For The Suspect,Franco,English,
15276,Song For You,Chicago,English,
8797,Song For You,Chad Peralta,English,
8855,Song For You,Session Road,Filipino,
16438,Song On A Broken String,Nicole Asensio,English,
6338,Song On The Sand,La Cage Aux Folles,English,
1039,Song Sung Blue,Neil Diamond,English,
3315,Song Title,Rolling Stones,English,
17824,Song Title Code Popularized By: 7 Years,Lukas Graham,English,
2872,Sooner Or Later,The Grass Roots,English,
6956,Sooper Baby Luv,Sooper Babes,English,
16030,Sorpresa,Alon Band,English,
11274,Sorry,Buckcherry,English,
17370,Sorry,Justin Bieber,English,
47006,Sorry,Justin Bieber,English,
5648,Sorry,Aiza Seguerra,Filipino,
8254,Sorry,Cueshe',Filipino,
8289,Sorry,Madonna,English,
11997,Sorry Mahal,J Brothers,Filipino,
6814,Sorry Na,Parokya Ni Edgar,Filipino,
7588,Sorry Na Lang,Aubrey Miles,English,
1183,Sorry Na Puwede Ba,Sharon Cuneta,Filipino,
7795,Sorry Seems To Be,Blue Feat. Elton John,English,
6619,Sorry Song,Brian Mcknight,English,
5033,SOS,Abba,English,
11103,SOS (Rescue Me),Rihanna,English,
3254,Soul Man,Isaac Hayes,English,
16740,Sound Of A Gun,Audioslave,English,
3630,Sound Of Silence,Simon & Garfunkle,English,
9899,Sound Of The Underground,Girls Aloud,English,
1999,Soup,Unknown,English,
6339,South Of Border,Mariah Carey,English,
6340,Southern Cross,Bing Crosby,English,
16967,Southern Girl,Tim McGraw,English,
15588,Space,Banda Ni Kleggy Ft Kian,English,
11607,Space Bound,Eminem,English,
4751,Space Cowboy,Steve Miller Band,English,
6620,Spageti Song,Sexbomb Girls,English,
15214,Spain,Al Jarreau,English,
17004,Spanish Eddie,Laura Branigan,English,
3023,Spanish Eyes,Al Martino,English,
2904,Spanish Harlem,Ben E.King,English,
16936,Sparks,Hilary Duff,English,
11458,Sparks Fly,Taylor Swift,English,
11479,Speak Now,Taylor Swift,English,
19739,Speak Now,Taylor Swift,English,
3256,Speak Softly Love,Andy Williams,English,
6621,Special Girl,J. Brothers,English,
0098,Special Memory,Odette Quesada,English,
9645,Special Memory,Iwi Laurel,English,
13754,Speckled Frogs,Nursery Rhyme,English,
16968,Speechless,City Boy,English,
8109,Speechless,Thomas Mason,English,
9980,Speed Of Sound,Coldplay,English,
3631,Spending My Time,Roxette,English,
4310,Spice Up Your Life,Spce Girls,English,
0556,Spicks And Specks,The Bee Gees,English,
15575,Spinning,Christopher Cross,English,
6016,Spinning Around,Kylie Minogue,English,
3632,Spinning Wheel,Blood Sweat,English,
8036,Splendor And Majesty,Don Moen,English,
11245,Spoliarium,Imago,Filipino,
3257,Spoliarium,Eraseheads,English,
4752,Spooky,Classics IV,English,
0164,Spring Summer Winter And Fall,Aphrodite's Child,English,
106,Springsteen,Unknown,English,
11934,Springsteen,Eric Church,English,
0023,St. Elmos Fire,John Parr,English,
13744,St. Ives,Kid Songs,English,
4753,St. Louis Blues,Traditional,English,
7679,Stacy's Mom,Fountain Of Waine,English,
1678,Stairway To Heaven,Led Zeppelin,English,
7805,Stan,Eminem,English,
11318,Stand,Rascal Flatts,English,
9910,Stand And Deliver,Adam And The Ants,English,
16204,Stand By Me,Oasis,English,
2629,Stand By Me,John Lennon,English,
7905,Stand By Me,Ben E.King,English,
2630,Stand By Your Man,Tammy Wynette,English,
11365,Stand Up For Love,Destiny's Child,English,
9890,Standing At The Edge...,Blessed Union Of Souls,English,
15251,Standing In The Dark,Lawson,English,
0575,Standing Right Next To Me,Celine Dion,English,
1788,Star,Bryan Adams,English,
1404,Stardust,Billy Wayward,English,
11768,Stargazer,Sponge Cola,English,
11193,Starlight Express,Take Me To The,English,
6343,Starman,David Bowie,English,
0505,Stars,Simply Red,English,
8493,Stars,Callalily,Filipino,
8500,Stars Are Blind,Paris Hilton,English,
11930,Starships,Nikki Minaj,English,
4272,Start Me Up,The Rolling Stones,English,
9323,Start Of Something New,High School Musical,English,
4095,Starting Over,John Lennon,English,
15255,Starting Over Again,Natalie Cole,English,
11996,State Of The Nation,Industry,English,
15590,Statue,Lil Eddie,English,
0158,Stay,Shakespear's Sister,English,
15308,Stay,Rihanna ft. Mikky Ekko,English,
17854,Stay,Daryl Ong,English,
7697,Stay,Carol Banawa,English,
8259,Stay,Cueshe',Filipino,
0598,Stay (I Missed You),Liza Loeb,English,
6344,Stay Another Day,East 176,English,
17665,Stay Beautiful,Taylor Swift,English,
16343,Stay High,Tove Lo ft. Hippie,English,
16790,Stay Stay Stay,Taylor Swift,English,
15916,Stay The Night,Zedd,English,
4279,Stay The Same,Joey Mcintyre,English,
0757,Stay With Me,Martin Nieverra,English,
16210,Stay With Me,Sam Smith,English,
9724,Stay With Me,Nina,Filipino,
0756,Stayin' Alive,Bee Gees,English,
9461,Steady Lang Tayo,Itchyworms,Filipino,
3258,Steam Roller (Blues),James Taylor,English,
2935,Steamy Windows,Tina Turner,English,
0608,Steep,Lauren Christy,English,
4754,Stella By Starlight,Tony Bennett,English,
17127,Stellar,Incubus,English,
2958,Step By Step,New Kids On The Block,English,
1789,"Step No, Step Yes",Vst & Co.,English,
16282,Stereo,Gym Class Heroes ft,English,
11134,Stereo Love,E Maya & V Jigulina,English,
11895,Stiches And Burns,Fra Lippo Lippi,English,
15674,Stick Around,Azure,English,
8376,Stick Wit U,Pussy Cat Dolls,English,
9976,Stigmatized,The Calling,English,
15632,Still,Brian Mcknight,English,
3259,Still,Lionel Richie,English,
9095,Still A Friend Of Mine,Incognito,English,
6346,Still Got The Blues,Gary Moore,English,
17025,Still In Love With You,Manilyn Reynes,English,
15419,Still Into You,Paramore,English,
0915,Still Loving You,Scorpions,English,
17022,Stitches,Shawn Mendes,English,
47007,Stitches,Shawn Mendes,English,
17143,Stockholm Syndrome,One Direction,English,
15818,Stole My Heart,One Direction,English,
15750,Stolen,Boyce Avenue,English,
16927,Stolen,Dashboard Confessional,English,
16357,Stolen Dance,Milky Chance,English,
17728,Stone Cold,Demi Lovato,English,
11797,Stoned,Wiz Khalifa,English,
4757,Stoney End,Barbara Streisand,English,
11739,Stonger (What Doesn't Kill You),Kelly Clarkson,English,
6348,Stop,Erasure,English,
9435,Stop And Stare,One Republic,English,
15830,Stop Stop,Gracenote,English,
6350,Stop Stop Stop,The Hollies,English,
6349,Stop! In The Name Of Love,Supremes,English,
7665,"Stop, Think",Aliya Parcs,English,
0358,Stormy Monday,Allman Brothers,English,
15857,Story Of My Life,One Direction,English,
0276,Straight From The Heart,Bryan Adams,English,
3636,Straight Up,Paula Abdul,English,
17560,Strange Clouds,B.o.B ft Lil Wayne,English,
3637,Strange Currencies,R.E.M.,English,
8104,Strange Love,M.O.D.,English,
1524,Stranger,Billy Joel,English,
15487,Stranger,Secondhand Serenade,English,
17681,Stranger In Moscow,Michael Jackson,English,
0530,Stranger In Paradise,Tony Bennet,English,
1698,Strangers Again,Cinema,English,
2631,Strangers In The Night,Frank Sinatra,English,
3006,Strawberry Fields,The Beatles,English,
17574,Stressed Out,Twenty One Pilots,English,
17320,Strip It Down,Luke Bryan,English,
7136,Strong,Robbie Williams,English,
0172,Strong Enough,Sherril Crow,English,
6390,Stronger,Britney Spears,English,
16986,Stuck,Darren Espanto,English,
5468,Stuck In A Moment,U2,English,
2828,Stuck On You,Lionel Richie,English,
16449,Studio,Schoolboy Q (Ft BJ The,English,
16850,Stuff Toy,Grin Department,English,
2653,Stumblin' In,Suzi Cuatro,English,
0477,Stupid Cupid,Connie Francis,English,
3639,Stupid Girl,Garbage,English,
8423,Stupid Girls,Pink,English,
6503,Stupid Ka Rin,Sex Bomb Girls,English,
5871,Stupid Love,Salbakutah,English,
15551,Stupify,Disturbed,English,
16385,Stuttering,Jessica Sanchez,English,
16853,Style,Taylor Swift,English,
8761,Sublinam Toy Puso,Ilocano Song,English,
6387,Suburbia,Pet Shop Boys,English,
8762,Sud-Onga Kon Kita,Visayan Song,English,
0983,Suddenly,"D. Ross, P. Bryson",English,
15073,Suddenly,Billy Ocean,English,
17561,Suddenly,Soraya,English,
11104,Suddenly I See,KT Tunstall,English,
15176,Suddenly It's Magic,Vesta Williams,English,
9279,Sugal Ng Kapalaran,Rivermaya,Filipino,
17562,Sugar,Robin Schulz ft Francesco,English,
0916,Sugar Sugar,Archies,English,
11877,"Sugar, We're Fallin'",Fall Out Boy,English,
9392,Sugat Sa Puso,Miss Ganda,English,
8441,Sugod,Sandwich,English,
15405,Suit And Tie,Justin Timberlake,English,
3027,Sukiyaki,Pm Dawn,English,
6499,Suko Na Ang Puso Ko,Pops Fernandez,Filipino,
5744,Sulat,Renz Verano,English,
8083,Sulat,Moonstar 88,Filipino,
100,Sullivan,Proof,English,
143,Sullivan,Unknown,English,
0002,Sultan's Of Swings,Dire Straits,English,
9805,Sulyap,Manibela,English,
5521,Sumasarap Ang Gising,True Faith,Filipino,
8972,Sumayaw Ka,Gloc 9,Filipino,
5649,Sumayaw Sumunod,Boyfriends,English,
9096,Sumayaw Sumunod,Sexbomb Girls,English,
9262,Sumigaw,Rivermaya,Filipino,
16088,Sumisigaw,Orient Pearl,English,
16221,Summer,Calvin Harris,English,
7978,Summer Breeze,Seals & Crofts,English,
9646,Summer Day,Barbie Almalbis,English,
17376,Summer Girls,LFO,English,
0356,Summer Holiday,B Welch,English,
3640,Summer In The City,Joe Cocker,English,
11079,Summer Love,Justin Timberlake,English,
1036,Summer Nights,Olivia Newton John,English,
6892,Summer Of 69,Bryan Adams,English,
15041,Summer Paradise,Simple Plan ft. Sean Paul,English,
9356,Summer Song,Silent Sanctuary,Filipino,
7896,Summer Sunshine,The Corrs,English,
9324,Summer Wind,Michael Buble,English,
7061,Summer's Son,Texas,English,
2632,Summertime,G.Gershwin &,English,
5213,Sumpa Ko Sa 'Yo,Renz Verano,Filipino,
4244,Sunday Bloody Sunday,U2,English,
9097,Sunday Driving,Rivermaya,Filipino,
4099,Sunday Morning,Johnny Cash,English,
8131,Sunday Morning,Maroon 5,English,
4100,Sunday Sunrise,Brenda Lee,English,
8618,Sundo,Imago,Filipino,
9360,Sundown,Hale,Filipino,
15814,Sunlight,Nina,Filipino,
4101,Sunny,Boney M,English,
7897,Sunod Sa Galaw,Jaboom Twins,English,
11378,Sunrise,Norah Jones,English,
8336,Sunshine,Bamboo,Filipino,
16409,Sunshine & Whiskey,Frankie Ballard,English,
15192,Sunshine And City,Greyson Chance,English,
16791,Sunshine Babies,Justine Moore,English,
0387,Sunshine On My Shoulder,John Denver,English,
5650,Suntok Sa Buwan,Eraserheads,Filipino,
8141,Suntok Sa Buwan,Session Road,Filipino,
9325,Supahpapalicious,Vhong Navarro,English,
11615,Super Bass,Nicki Minaj,English,
9527,Super Nova,Rocksteddy,Filipino,
7091,Super Papa,Ai Ai De Las Alas,English,
9498,Super Pinoy,Jolina Magdangal,English,
8572,Superhero,Rocksteady,English,
16443,Superheroes,The Script,English,
9445,Superhuman,Chris Brown ft. Keri Hilson,English,
5651,Superman,Five For Fighting,English,
8466,Superproxy2k6,Francism,English,
11770,Superstar,Brenan Ft. Thai,English,
2673,Superstar,Carpenters,English,
8004,Superstar,Jamelia,English,
9326,Superstar,Rj Jimenez,English,
9509,Superstar,Cueshe,Filipino,
1403,Superstar Ng Buhay,Cinderella,Filipino,
3643,Superstitious,Stevie Wonder,English,
5859,Superwoman,Karyn White,English,
9444,Superwoman,Alicia Keys,English,
2634,Surfin' U.S.A,Beach Boys,English,
8983,Suroy Suroy,Missing Filemon,English,
5779,Survivor,Destiny's Child,English,
2792,Suspicious Mind,Elvis Presley,English,
6351,Sussudio,Phil Collins,English,
7440,Susubukan Kong Muli,Jessa Zaragosa,English,
19719,Susundan,Callalily,Filipino,
9358,Susundan,Callalily,Filipino,
8298,Suteki Da Ne,Ffx Theme,English,
3645,Suzanne,Leonard Cohen,English,
0357,Suzie Q,Ccr,English,
8337,Swak Na Swak,Masculados,English,
4766,Swanee,Traditional,English,
16022,Sway,Pussycat Dolls,English,
7801,Sway,Bic Runga,English,
8566,Sway,Michael Buble,English,
4341,Swear It Again,Westlife,English,
16884,Sweat,Inner Circle,English,
16104,Sweater Weather,The Neighbourhood,English,
8240,Sweet,South Border,Filipino,
15217,Sweet Baby,Stanley Clarke And George,English,
2855,Sweet Baby James,James Taylor,English,
2752,Sweet Caroline,Neil Diamond,English,
5907,Sweet Child O' Mine,Guns N' Roses,English,
11423,Sweet Dreams,Air Supply,English,
16386,Sweet Dreams,Jessica Sanchez,English,
3646,Sweet Dreams,Eurythmics,English,
4767,Sweet Dreams,Patsy Cline,English,
3647,Sweet Freedom,Michael Mcdonald,English,
6893,Sweet Grace,Marc Velasco,English,
3648,Sweet Home Alabama,Lynard Skynard,English,
4245,Sweet Little 16,Chuck Berry,English,
1674,Sweet Little You,Neil Sedaka,English,
5767,Sweet Love,Anita Baker,English,
17563,Sweet Lovin,Sigala ftr Bryn,English,
15045,Sweet Painted Lady,Elton John,English,
3263,Sweet River,Lionel Richie,English,
15210,Sweet Soul Reveu,Pizzicato Five,English,
6017,Sweet Surrender,Bread,English,
11325,Sweet Thing,Keith Urban,English,
16500,Sweeter Than Fiction,Taylor Swift,English,
8159,Sweetest Goodbye,Maroon 5,English,
15675,Swept Away,Christopher Cross,English,
9275,Swept Away,Dianne Elise,English,
11669,Swimming Beach,Parokya Ni Edgar,Filipino,
7589,Swing It Baby,Vst & Co.,English,
7092,Swing Swing,All American Rejects,English,
16944,Swiss Boy,Lou Sern,English,
6836,Sya Ba Ang Dahilan,Jessa Zaragosa,Filipino,
9403,Sya Na Nga Kaya,(Dyesebel OST),English,
15064,Syempre,Willie Revillame,Filipino,
11802,Syllables,Eminem,English,
2397,Sylvia,Los Muecas,English,
0388,Sympathy,Rarebird,English,
4771,Symphony Of,Megadeth,English,
16271,Synesthesia,Mayonnaise,English,
16996,Syota Ng Bayan,Grin Department,Filipino,
3264,Syotang Pa-Class,Apo Hiking Society,Filipino,
17669,T-Shirt,Thomas Rhett,English,
1413,T.L. Ako Sa ‘Yo,Cinderella,Filipino,
8763,Ta Napudno Nga Ayat,Ilocano Song,English,
9327,Ta-Kubets,Michael V.,English,
11035,Taas Noo,Amber Davis ft Gloc 9,Filipino,
8997,Tabachingching,Sexbomb Girls,English,
8820,Tabang,Bisrock,English,
9775,Tabi,Paraluman feat Kean,English,
16115,Tabing Ilog,Barbie's Cradle,English,
17862,Tabo,Grin Department,English,
8856,Tadhana,Moonstar 88,Filipino,
11203,Tadhana (Ilumina),Up Dharma Down,English,
8764,Tag Nagsaway A Pintas,Ilocano Song,English,
3265,Tag-Araw,After Image,English,
5860,"Tag-Araw, Tag-Ulan",Irene Coloso,English,
0622,Tag-Ulan,After Image,English,
8984,Tagay,Bisrock,English,
15785,Tagay Mo To,D-Coy,English,
11829,Tagpuan,Kamikazee,Filipino,
9478,Tagumpay,Chivas Malunda,English,
16792,Tahanan,Evette Pabalan,English,
8821,Tahong Ni Karla,Bisrock,English,
9539,Takaw Tingin,Iya Villania,English,
17732,Takbo,The Youth,English,
0758,Take A Bow,Madonna,English,
9354,Take A Bow,Rihanna,English,
0261,Take A Chance,Abba,English,
15373,Take A Chance,Luigi 'D Avola,English,
16776,Take A Chance,Marion Aunor,English,
11864,Take Care,Drake ft. Rihanna,English,
6018,Take Good Care Of Her,Victor Wood,English,
2847,Take Good Care Of My Baby,Bobby Vee,English,
4773,Take It Away,Paul Mccartney,English,
3650,Take It On The Run,Reo Speedwagon,English,
9300,Take It Or Leave It,Yasmien Kurdi,English,
1527,Take It To The Limit,Eagles,English,
11744,Take Me Away,Lifehouse,English,
17512,Take Me Home,Jess Glynne,English,
6954,Take Me Home,Sophie Bextor,English,
0403,Take Me Home Country Roads,John Denver,English,
15751,Take Me I'll Follow,Bobby Caldwell,English,
15046,Take Me Now,Bread,English,
6148,Take Me Out Of The,Gary Valenciano,Filipino,
4774,Take Me Out To..,Traditional,English,
9316,Take Me There,Miguel Escueta,English,
7898,Take Me To Your Heart,Michael Learns To Rock,English,
16962,Take Me Up,Scotch,English,
9441,"Take Me, I’ll Follow",Toni Gonzaga,English,
2797,Take My Breath Away,Berlin,English,
7698,Take My Breath Away,Emma Bunton,English,
8553,Take My Hand,Callalily,Filipino,
0359,Take On Me,A-Ha,English,
3305,Take The Long Way Home,Supertramp,English,
4775,Take The Money And Run,Steve Miller,English,
0990,Take The Train,Billy Strayhorn,English,
3651,Take This Job And Shove It,Jane Halley,English,
5653,Take This Love,Sergio Mendez,English,
9280,Take You There,Sean Kingston,English,
16851,Take Your Time,Sam Hunt,English,
4776,Take Your Time,Buddy Holly,English,
8107,Taking Over Me,Evanescence,English,
16149,Takip Silim,Glock9 ft Regine,Filipino,
11334,Takipsilim,Kc Concepcion,English,
15831,Takipsilim,Mabuhay Singers,English,
8857,Takipsilim,Callalily,Filipino,
1155,Takot Akong Umibig,Unknown,Filipino,
19715,Talaga Naman,M.Y.M.P.,English,
8875,Talaga Naman,M.Y.M.P.,English,
15719,Talk Dirty,Jason Derulo,English,
4777,Talking In Your Sleep,Unknown,English,
17758,Tama Lang,Jolina Magdangal,English,
5655,Tama Na,Freddie Aguilar,English,
8765,Tama Na Day,Milyo Naryo,English,
11626,Tamalee,Hijo,English,
8311,Tamang In Love,Jennylyn Mercado,English,
15619,Tamang Panahon,Wynn Andrada,English,
11501,Tambay,Spongecola,English,
19740,Tambay,Spongecola,English,
5276,Tameme,Jolina Magdangal,English,
15587,Tamis,Kamikazee,Filipino,
1146,Tamis Ng Unang Halik,Tina Paner,Filipino,
0984,Tammy,Evan & Livingston,English,
17250,Tandaan Mo To,Erik Santos ft Gloc9,Filipino,
7810,Tanggap Ko,Nyoy Volante,English,
6019,Tanging Ikaw,Marc Velasco,Filipino,
8822,Tanging Ikaw,Shamrock,Filipino,
9100,Tanging Ikaw,Renz Verano,Filipino,
9528,Tanging Ikaw,Ogie Alcasid,Filipino,
5745,Tanging Ikaw Lamang,Melody,Filipino,
7903,Tanging Ina Nyo,Ai Ai Delas Alas,English,
9751,Tanging Kasama,Christian Bautista,Filipino,
0093,Tanging Mahal,Regine Velasquez,Filipino,
6894,Tanging Yaman,Carol Banawa,English,
15379,Tanong,Young JV,English,
11511,Tanong Lang,Ajka,English,
16899,Tanong Mo Sa Bituin,Maris Racal,English,
1188,Tanong Ng Puso,Ben Torres,Filipino,
7016,Tao (Unplugged),Aegis,Filipino,
15070,Tao Lang,Looney Ft. Quest,English,
9889,Tao Lang Ako,Yeng Constantino,Filipino,
17093,Tao Po,The Youth,English,
5658,Tarzan And Barok,Yoyoy Villame,English,
7354,Tatlong Araw,Parokya Ni Edgar,Filipino,
15336,Tatlong Beinte Singko,Dingdong Avanzado,English,
13773,Tatlong Bibe,Unknown,English,
8579,Tatsulok,Bamboo,Filipino,
8101,Tattoed On My Mind,D'Sound,English,
9347,Tattoo,Jordin Sparks,English,
8985,Tawa,Bisrock,English,
15950,Tayo,Sarah Geronimo,Filipino,
13775,Tayo Ay Mag Exercise,Kid's Songs,English,
13774,Tayo Ay Magsipilyo,Kid's Songs,English,
16948,Tayo Na Lang Dalawa,Mayonnaise,English,
9725,Tayo Pa Ring Dalawa,Ariel Rivera,English,
7137,Tayo'y Magsayawan,Vst & Co.,English,
15315,Tayo'y Mga Pinoy,Heber Bartolome,English,
7017,Tayo'y Mga Pinoy,Aegis,Filipino,
0076,Tayong Dalawa,Rey Valera,Filipino,
8973,Tayong Dalawa,Aicelle Santos,English,
9726,Tayong Dalawa,Regine Velasquez,Filipino,
9779,Tayong Dalawa,Gary Valenciano,Filipino,
15752,Tayong Dalawa Pa Rin,April Boys,Filipino,
11149,Te Amo,Rihanna,English,
6623,Te Amo,F4,English,
11696,Teach Me How To Dougie,Cali Swag District,English,
9824,Teacher's Pet,Pupil,Filipino,
16010,Team,Lorde,English,
4778,Tear Down These Walls,Unknown,English,
16975,Tear in my Heart,Twenty One Pilots,English,
17754,Teardrops Falls,Blaque,English,
5805,Tearin' Up My Heart,N Sync,English,
8498,Tears,X-Japan,English,
2640,Tears In Heaven,Eric Clapton,English,
4779,Tears Of A Clown,Smokey Robinson,English,
0759,Tears On My Pillow,The Imperials,English,
0453,Teddy Bear,Elvis Presley,English,
7948,Teenage Dirtbag,Wheateus,English,
11452,Teenage Dream,Katy Perry,English,
5277,Teenage Senyorita,Victor Wood,English,
8778,Teenagers,My Chemical Romance,English,
11346,Teeth,Lady Gaga,English,
9419,Teka,Paraluman,English,
11054,Telephone,Lady Gaga & Beyonce,English,
5278,Telephone,Sheena Easton,English,
2870,Telephone Line,Elo,English,
16089,Telepono,Sugarfree,Filipino,
9102,Tell Her About It,Billy Joel,English,
5109,Tell Him,C.Dion & B.Streisand,English,
6625,Tell Him,The Exciters,English,
2671,Tell Laura I Love Her,Ray Peterson,English,
15492,Tell Mama,Savoy Brown,English,
0540,Tell Me,Side A,Filipino,
16969,Tell Me,Joey Albert Tell Me That You,English,
0957,Tell Me That You Love Me,Anne Murray,English,
9544,Tell Me That You Love Me,Regine Velasquez,Filipino,
0580,Tell Me Where It Hurts,Kati Trocolli,English,
2954,Tell Me Why,The Beatles,English,
15047,Tell Me You Love Me,Nikki Bacolod,English,
1526,Tell Me Your Name,Jose Mari Chan,Filipino,
9994,Tell Me Your Name,Christian Bautista,Filipino,
13562,Ten Little Indians,Various,English,
11354,Ten Out Of Ten,Paulo Nutini,English,
16988,Ten To Eight,David Castle,English,
1646,Tender Is The Night,Tony Bennett,English,
0684,Tenderly,Various Artist,English,
2637,Tennessee Waltz,Patti Page,English,
17339,Tennessee Whiskey,Chris Stapleton,English,
16285,Tennis Court,Lorde That's Just The Way,English,
9103,Tensyonado,Soapdish,English,
3655,Tequilla Sunrise,Eagles,English,
1995,Teresa,Los Yaquis,English,
8427,Terminal,Rrupert Holmes,English,
11630,Terrified,Katharine Mcphee,English,
7388,Thank God I Found You,Mariah Carey,English,
5522,Thank You,Dido,English,
6687,Thank You,Alanis Morissette,English,
1294,Thank You For Loving,Janet Basco,English,
8863,Thank You For Loving,Bon Jovi,English,
0263,Thank You For The,Abba,English,
17227,Thank You For The Love,ABS-CBN Christmas That's The Way,English,
1116,Thank You Love,Jose Mari Chan,Filipino,
0985,Thanks To You,Tyler Collins,English,
4785,That Day Is Done,Paul Mccartney,English,
15620,That Girl,Young Jv,English,
6895,That Old Black Magic,Frank Sinatra,English,
15439,That Power,Will.I.Am ft. Justin Bieber,English,
11564,That Should Be Me,Justin Bieber Ft Rascal Flats,English,
3670,That Thing You Do,The Wonders,English,
3656,That'll Be The Day,Linda Ronstadt,English,
17767,That's How I'm Feelin',Ciara ft Missy Elliott,English,
17877,That's How You Know,Nico & Vinz ft. Kid Ink &,English,
3267,That's Life,Frank Sinatra,English,
5469,That's Me,Abba,English,
6626,That's The Way (I Like It),Backstreet Boys,English,
3657,That's The Way I Like It,Kc And The...,English,
17683,That's The Way It Is,Celine Dion,English,
6149,That's The Way It Is,Celine Dion,English,
0654,That's The Way Love Goes,Janet Jackson,English,
11162,That's What You Get,Paramore,English,
2862,That's Why They,Call It Blues,English,
0958,That's Why You Go,Mltr,English,
7462,That’s When I Love You,Aslyn,English,
15631,The A Team,Boyce Avenue,English,
0720,The Actor,Michael Learns To Rock,English,
6150,The Air That I Breathe,Simply Red,English,
13776,The Animal Fair,Nursery Rhymes The Bear Went Over,English,
7357,The Apl Song,Blackeyed Peas,English,
15832,The Art Of Letting Go,Mikaila,English,
8859,The Ballad Of,Hale,Filipino,
3652,The Beat Goes On,Sonny & Cher,English,
3660,The Best,Tna Turner,English,
5373,The Best Of Love,Michael Bolton,English,
15220,The Best Of Me,Olivia Newton David Foster,English,
7907,The Best Of Me,Bryan Adams,English,
4110,The Best Of Times,Styx,English,
8165,The Bible,Yoyoy Villame,English,
7949,The Big Love,Roxette,English,
13778,The Big Ship Sails,Nursery Rhymes,English,
16125,The Bobo Song,Gloc 9 ft Loonie,Filipino,
0918,The Boxer,Simon & Garfunkel,English,
9762,The Boy Does Nothing,Alesha Dixon,English,
4788,The Boy Is Mine,Brandy And Monica,English,
3350,The Brady Bunch,Candle Box,English,
5524,The Call,Backstreet Boys,English,
3367,The Captain Of Her Heart,Double,English,
2982,The Ceremony,Wynette & Jones,English,
3376,The Chauffuer,Duran Duran,English,
7950,The Cheap Seats,Alabama,English,
6628,The Cheeky Song,Cheeky Girls,English,
1441,The Christmas Song,Christmas Song,English,
13761,The Christmas Tree,Kid Songs Here We Go Round,English,
0798,The Closer I Get To You,R. Flack,English,
5864,The Color Of The Night,Lauren Christy,English,
4789,The Colour Of My Love,Unknown,English,
16847,The Crown,Slapshock ft. Apl de ap,English,
7520,The Day We Caught The Train,Ocean Colour Scene,English,
8209,The Day You Said Goodnight,Hale,Filipino,
3392,The Devil Went Down...,Charlie Daniels Band,English,
17463,The Diamantina Drover,Redgum,English,
1671,The Diary,Neil Sedaka,English,
11714,The Distance,Evan And Jaron,English,
6190,The Distance Between,Fra Lippo Lippi,English,
15187,The Dolphin's Cry,Live,English,
7521,"The Earth, Sun, Rain",Color Me Badd,English,
2624,The End,Earl Grant,English,
15490,The Existence,Shuffled,English,
13666,The Farmer In The Dell,Nursery Rhymes,English,
9442,The Fight Is Over,Urbandub,Filipino,
0018,The First Noel,Christmas Song,English,
13501,The First Noel,Christmas Song,English,
0162,The First Time Ever I...,Roberta Flack,English,
0534,The First Time I Loved Forever,Beauty And The Beast,English,
17324,The Fix,Nelly ft Jeremih,English,
15961,The Flame,Cheap Trick,English,
11367,The Flood,Take That,English,
15842,The Fox,Ylvis,English,
15222,The Freshmen,Verve Pipe,English,
16484,The Gambler,Kenny Rogers,English,
4791,The Gang That Sang...,Unknown,English,
13770,The Garden,Nursery Rhyme,English,
15178,The Ghost In You,Psychedelic Furs,English,
7463,The Ghost Of You,Michael Learns To Rock,English,
5215,The Gift,Jim Brickman,English,
0558,The Gift Of Love,Bette Midler,English,
3439,The Girl Is Mine,Michael Jackson,English,
11232,The Great Escape,Boys Like Girls,English,
4792,The Great Pretender,The Platters,English,
9613,The Greatest Day,Kitchie Nadal feat Barbie,Filipino,
7844,The Greatest Love Affair,Martin Nievera,Filipino,
3026,The Greatest Love Of All,Whitney Houston,English,
2572,The Green Green Grass...,Tom Jones,English,
2733,The Green Leaves Of Summer,Brothers Four,English,
13799,The Happy Wanderer,Nursery Rhymes,English,
17030,The Harder I Try,Free Movement,English,
3460,The Headline News,Weird Al,English,
0934,The Heart Of Rock And Roll,Huey Lewis,English,
5375,The Heat Is On,Glen Frey,English,
17287,The Hills,The Weeknd,English,
6022,The Hurt,Kalapana,English,
1701,The Icicle Melts,The Cranberries,English,
0047,The Impossible Dream,Andy Williams,English,
4793,The Joker,Steve Miller,English,
4120,The Kid Is Hot Tonite,Lover Boy,English,
4121,The Knife,Rockwell,English,
5035,The Lady In Red,Chris De Burgh,English,
3509,The Lady Is A Tramp,Frank Sinatra,English,
5376,The Lady Is A Vamp,Spice Girls,English,
1371,The Last Leaf,The Cascades,English,
4794,The Last Thing On My Mind,Venga Boys,English,
15908,The Last Time,Taylor Swift ft Gary Lightbody,English,
9371,The Last Time,Richard Poon,English,
2711,The Last Waltz,Englebert Humperdinck,English,
11516,The Lazy Song,Bruno Mars,English,
0840,The Letter,Box Tops,English,
3516,The Lion Sleeps Tonight,The Token,English,
2706,The Locomotion,Little Eva,English,
0761,The Logical Song,Supertramp,English,
2951,The Long And Winding Road,The Beatles,English,
6247,The Long Run,Eagles,English,
5470,The Longest Time,Billy Joel,English,
4795,The Look,Unknown,English,
7522,The Look Of Love,Michelle Branch Feat Santana,English,
3523,The Lord's Prayer,Unknown,English,
8057,The Love Boat,Jack Jones,English,
15050,The Love I Found In You,Jim Brickman,English,
3269,The Love You Save,F. Peren,English,
7523,The Love You Want,Unknown,English,
16970,The Lucky One,Taylor Swift,English,
16160,The Man,Aloe Blacc,English,
11774,The Man Who Can't Be Moved,The Script,English,
7437,The Memory Of Him,Denise Laurel,English,
7116,The Memory Remains,Metallica,English,
0836,The Midnight Special,CCR,English,
0260,The Minute Your Gone,Harry Ventura,English,
1506,The Moment Of Truth,Survivor,English,
15931,The Monster,Eminem ft. Rihanna,English,
13550,The More We Get Together,Alice Hooksen,English,
4124,The More We Get Together,Alice Hooksen,English,
0614,The More You Ignore Me,Morrissey,English,
1594,The More You Live,Flock Of Seagulls,English,
8108,The Most Beautiful Girl...,Charlie Rich,English,
4797,The Most Happy Fella,Play,English,
6273,The Most Happy Fella,Frank Loesser,English,
11979,The Motto,Drake ft. Lil Wayne,English,
13777,The Mountain,Nursery Rhyme,English,
13551,The Mulberry Bush,Various,English,
13792,The Mulberry Bush,Kid Songs,English,
4125,The Mulberry Bush,Various,English,
1637,The Music Played,Matt Monroe,English,
4246,The Name Of The Game,Abba,English,
1638,The Nearness Of You,Sheena Easton,English,
8223,The Next Best Superstar,Mel C.,English,
16990,The Next Episode,Dr. Dre ft. Snoop Doog,English,
0694,The Next Time I Fall,Eter Cetera,English,
3557,The Night Before,The Beatles,English,
6285,The Night Has A Thousand...,Gary Lewis,English,
16954,The Night Is Still Young,Nicki Minaj,English,
4799,The Old Gray Mare,Various,English,
5325,The Old Songs,David Pomeranz,English,
3663,The One,Elton John,English,
5326,The One I Love,Mike Mcklellan,English,
8372,The One I Love,Rem,English,
11738,The One That Got Away,Katy Perry,English,
11685,The One That You Love,Air Supply,English,
4801,The One That You Love,Graham Russell,English,
9404,The One Who Won My Heart,Christian Bautista,Filipino,
17768,The One You Love,Glenn Frey,English,
2784,The One You Love,Glen Frey,English,
11333,The Only Exception,Paramore,English,
16504,The Only One,Thor Dulay,English,
5471,The Only One,Chicago,English,
7524,The Only Thing That,Bryan Adams,English,
15523,The Other Side,Jason Derulo,English,
15963,The Party's Over,Johnny Mathis,English,
11838,The Past,Jed Madela,English,
6759,The Past,Ray Parker,English,
3573,The Phantom Of The Opera,Charles Hart,English,
15455,The Phoenix,Fall Out Boy,English,
5378,The Power Of Goodbye,Madonna,English,
17134,The Power Of Love,Laura Brannigan,English,
2845,The Power Of Love,Celine Dion,English,
15128,The Prayer,Celine Dion And Andrea Bocelli,English,
15233,The Promise,When In Rome,English,
6024,The Promise,Martin Nievera,Filipino,
6760,The Promise,Plus One,English,
9984,The Promise,Girls Aloud,English,
4802,The Promise Of A New Day,Peter Lord,English,
3383,The Promise You Made,Cock Robin,English,
13800,The Queen Of Hearts,Kid's Song The Twelve Days Of,English,
13710,The Railroad,Nursery Rhyme,English,
4803,The Reason,Celine Dion,English,
7867,The Reason,Hoobastank,English,
0488,The Reason Why,John Farnham,English,
4039,The Reflex,Duran Duran,English,
8998,The Remedy,Jason Mraz,English,
5660,The Right One,Aiza Seguerra,Filipino,
6761,The Right Time,The Corrs,English,
3665,The River,Bruce,English,
0734,The River Of Dreams,Billy Joel,English,
0204,The River Of No Return,N. Villanueva,English,
9940,The Riverboat Song,Ocean Colour Scene,English,
0360,The Rose,Bette Midler,English,
4129,The Saddest Thing,Melanie Safka,English,
16338,The Saltwater Room,Owl City,English,
6896,The Scientist,Cold Play,English,
6799,The Search Is Over,Survivor,English,
9421,The Search Is Over,Rachelle Ann Go,English,
9752,The Search Is Over,Jed Madela,English,
2963,The Shadow Of Your Smile,Brenda Lee,English,
7525,The Shoop Shoop Song,Whitney Houston,English,
11161,The Show,Lenka,English,
8084,The Show,South Border,Filipino,
3616,The Show Must Go On,Queen,English,
0228,The Sign,Ace Of Base,English,
13697,The Sky,Nursery Rhymes,English,
16506,The Smashing Pumpkins 2 On,Tinashe ft,English,
7464,The Song Of My Soul,Carol Banawa,English,
3271,The Soul Cages,Sting,English,
2628,The Sound Of Silence,Simon & Garfunkel,English,
16873,The Space Between,Dave Matthews,English,
4807,The Star-Spangled Banner,Francis Scott Key,English,
4132,The Stranger,Billy Joel,English,
8606,The Sweet Escape,Swen Stefani,English,
0281,The Sweetest Days,Vanessa Williams,English,
7985,The Sweetest Thing,U2,English,
4133,The Temple Of The King,Rainbow,English,
15338,The Tender Trap,Frank Sinatra,English,
3671,The Thin Ice,Pink Floyd,English,
15964,The Things We Did,Frank Sinatra,English,
6800,The Things We Never,A1,English,
6627,The Tide Is High,Atomic Kitten,English,
7526,The Tide Is High,Blodie,English,
11464,The Time (Dirty Bit),Black Eyed Peas,English,
4810,The Turn Of A Friendly Card,Alan Persons Project,English,
16091,The Twelfth Of Never,Johnny Mathis,English,
4811,The Twelve Days Of Christmas,Unknown,English,
8217,The Unforgiven,Metallica,English,
15172,The Very Thought Of,Nat King Cole,English,
7860,The Voice Within,Christina Aguilera,English,
16152,The Walls Of The World,Katie Melua,English,
3689,The Wanderer,Dion,English,
15384,The Way,Ariana Grande ft. Mac Miller,English,
11339,The Way I Am,Eminem,English,
6897,The Way I Feel,Air Supply,English,
3668,The Way It Is,Bruce Hornsby,English,
1686,The Way It Used To Be,Englebert Humperdink,English,
17641,The Way We Used To Be,Eric Carmen,English,
2638,The Way We Were,Babra Streisand,English,
7861,The Way You Look At,Christian Bautista,Filipino,
3272,The Way You Look Tonight,Frank Sinatra,English,
16764,The Way You Love Me,Karyn White,English,
6025,The Way You Make Me Feel,Ronan Keating,English,
4814,The Ways To Love A,Billy Sherrill,English,
0205,The Wedding,Julie Rogers,English,
13801,The Wheels On The Bus,Nursery Rhyme There Was A,English,
3710,The Wind Cries Mary,Jimmy Hendrix,English,
2785,The Winner Takes It All,Abba,English,
15997,The Wire,Haim,English,
0770,The Woman In My Life,The Commodores,English,
3718,The Wonder Of You,Elvis Presley,English,
5659,The Wonderful Sound,Tom Jones,English,
4816,The Word,The Beatles,English,
16808,The Words,Christina Perri,English,
11316,The World,Brad Paisley,English,
17042,The World,Big Sean Ft. Kanye West,English,
3722,The Year Of The Cat,Al Steward,English,
7411,The Yes Yes Show,Parokya Ni Edgar,Filipino,
2782,The Young Ones,Cliff Richard,English,
7674,The Zephyr Song,Red Hot Chili Peppers,English,
15054,Theme For A Dream,Cliff Richard,English,
1632,Theme For A Dream,Cliff Richard,English,
4817,Theme From New York...,Frank Sinatra,English,
15069,There Ain't No Way,Lobo,English,
4820,There Goes My Baby,Unknown,English,
0700,There Goes My Everything,Engelbert Humperdinck,English,
15965,There Goes My Heart,Johnny Mathis,English,
4821,There Is A Mountain,Donovan Leitch,English,
15837,There Is No Tomorrow,Trouble Maker,English,
7018,There Must Be An Angel,Eurythmics,English,
4320,There She Goes,Sixpence None The Richer,English,
4822,There Will Never Be Another,Andy Williams,English,
17456,There You Go Again,Joey Albert,English,
8304,There You'll Be,Faith Hill,English,
9583,There You'll Be,Nina,Filipino,
4823,There'll Be Sad Songs,Unknown,English,
3013,There's A Kind Of Hush,Herman's Hermit,English,
5052,There's A Reason,Cascades,English,
3390,These Are The Days Of...,Queen,English,
3666,These Boots Are Made...,Nancy Sinatra,English,
8335,These Days,Bamboo,Filipino,
1696,These Dreams,Heart,English,
4824,These Eyes,Guess Who,English,
11275,These Hard Times,Matchbox Twenty,English,
6318,They Call The Wind Mariah,Kingston Trio,English,
16158,They Don't Know,Rico Love,English,
15819,They Don't Know About Us,One Direction,English,
16916,Think About You,Jolina Magdangal,English,
6898,Think I'm In Love,Paul Anka,English,
8019,Think Of Laura,Christopher Cross,English,
3672,Think Of Me,Charles Heart,English,
3673,Think Of You,Whigfield,English,
4827,Think Twice,Celine Dion,English,
11063,Thinking Of You,Katy Perry,English,
16238,Thinking Out Loud,Ed Sheeran,English,
6899,This Ain't A Love Song,Bon Jovi,English,
11288,"This Aint A Scene, Its...",Fall Out Boy,English,
6353,This Boy,The Beatles,English,
4828,This Could Be The Night,Paul Dean,English,
7527,This Girl Has Turned...,MARY Macgregor,English,
6630,This Guy's In Love,Parokya Ni Edgar,Filipino,
5806,This I Promise You,N Sync,English,
16374,This Is How We Do,Katy Perry,English,
16161,This Is How We Roll,Florida Georgia Line,English,
11012,This Is It,Michael Jackson,English,
9654,This Is Me,Demi Lovato,English,
17469,This Is My Life,Shirley Bassey,English,
4137,This Is My Night,Chaka Khan,English,
15431,This Is My Now,Jordin Sparks,English,
5661,This Is My Song,Engelbert Humperdinck,English,
6027,This Is Our Song,Code Red,English,
7837,This Is The Moment,Erik Santos,English,
4829,This Is The Right Time,Lisa Stansfield,English,
11405,This Kind Of Silence,Typecast,English,
15449,This Kiss,Carly Rae Jepsen,English,
7311,This Kiss,Faith Hill,English,
0361,This Little Bird,Marianne Faithfull,English,
13803,This Little Light Of Mine,Nursery Rhymes,English,
13804,This Little Piggy,Kid's Song,English,
7857,This Love,Maroon 5,English,
15966,This Love Of Mine,Frank Sinatra,English,
2639,This Masquerade,Leon Russell,English,
13509,This Old Man,Traditional,English,
16461,This One's For You,Barry Manilow,English,
4248,This One's For You,Barry Manilow,English,
5865,This Time,Freestyle,Filipino,
7528,This Time I Know Is Forever,Howard Houston,English,
8502,This Time I'll Be Sweeter,Angela Boffil,English,
0693,This Time It's Forever,Errol Brown,English,
5803,This Used To Be My...,Madonna,English,
8858,Thnks Fr Th Mmrs,Fall Out Boy,English,
2721,Those Were The Days,Mary Hopkins,English,
11915,Though The Fire,Nina,Filipino,
17565,Thought Of You,Justin Bieber,English,
1314,Three Blind Mice,Traditional,English,
13515,Three Blind Mice,Traditional,English,
7919,Three Coins In A Fountain,Frank Sinatra,English,
9934,Three Lions,Lightning Seeds,English,
3275,Three Little Birds,Bob Marley,English,
13667,Three Little Kittens,Nursery Rhyme,English,
13563,Three Little Pigs,Traditional,English,
4831,Three Little Pigs,Traditional,English,
6801,Three Ring Circus,Blue Magic,English,
0379,Three Times A Lady,Lionel Richie,English,
15805,Thrift Shop,Macklemore & Ryan Lewis ft,English,
7048,Thriller,Michael Jackson,English,
5384,Through It All,Andre Crouch,English,
8876,Through The Barricades,Spandau Ballet,English,
6900,Through The Rain,Mariah Carey,English,
1712,Through The Years,Kenny Rogers,English,
16457,Throw It All Away),Andy Gibb,English,
11311,Throw Some DS,Rich Boy,English,
0721,Thru The Fire,Chaka Khan,English,
5774,Thumbthumping,Chumbawamba,English,
5761,Thy Word,A.Smith,English,
1266,Ti Ayat Ti'maysa,Ilocano Folk Song,English,
13513,Ti Ayat Ti'maysa,Ilocano Folk Song,English,
6631,Ti Li Shi Chyen,F4,English,
17498,Tibok,Cholo and Shane,English,
15835,Tibok Ng Puso,Willy Garte,Filipino,
3659,Ticket To Ride,The Beatles,English,
11301,Ticks,Brad Paisley,English,
17067,Tidal Wave,Julie Anne San Jose Tied Together With,Filipino,
0007,Tie A Yellow Ribbon...,Tony Orlando,English,
5379,Tien Mee Mee,Chinese Traditional,English,
4833,Tiger Feet,Chapman,English,
11175,Tik-Tok,Keisha,English,
9587,Tikman,Sugarfree,Filipino,
11533,Tila,General Luna,English,
6955,Tila,Lani Misalucha,English,
0363,Till,Tom Jones,English,
0588,Till Death Do Us Part,White Lion,English,
11886,Till I Collapse,Eminem,English,
16048,Till I Die,Chris Brown ft Big Sean & Wiz,English,
7858,Till I Found You,Freestyle,Filipino,
11676,Till I Hear It From You,Gin Blossoms,English,
6856,Till I Loved You,Barbara Streisand,English,
1679,Till I Met You,Joey Albert,English,
0746,Till My Heartaches End,Ella Mae Saison,English,
11562,Till The World Ends,Britney Spears,English,
15967,Till Then My Love,Matt Monroe,English,
6632,Till There Was You,Piolo Pascual,English,
7055,Till There Was You,The Beatles,English,
0028,Till They Take My Heart Away,Claire Marlow,English,
16020,Timber,Pitbull ft Kesha,English,
1528,Time,Alan Parsons Project,English,
0723,Time & Chance,Color Me Badd,English,
11783,Time After Time,Cindy Lauper,English,
15968,Time After Time,Frank Sinatra,English,
16459,Time Alone With You,Bad English,English,
6354,Time And Motion,Rush,English,
9818,Time And Tide,Basia,English,
6355,Time For Me To Fly,Reo Speedwagon,English,
8798,Time In,Yeng Constantino,Filipino,
0404,Time In A Bottle,Jim Croce,English,
11406,Time Machine,Nyoy Volante,English,
9454,Time Of My Life,David Cook,English,
16905,Time Of Our Lives,Pitbull ft. Ne Yo,English,
0452,Time Of The Season,Zombies,English,
16856,Time Space Warp,Balahibumpo oza,English,
4834,Time Stand Still,Rush,English,
9857,Time To Say Goodbye,Nina,Filipino,
3674,Time Warp,Artist,English,
7094,Time Will Reveal,El Debarge,English,
0960,Times Of Your Life,Paul Anka,English,
11844,Tinamaan Ako,Anne Curtis,Filipino,
19745,Tinamaan Ako,Anne Curtis,Filipino,
8934,Tindahan Ni Aling Nena,Eraserheads,Filipino,
1215,Tingin,Timmy Cruz,English,
5216,Tingnan Mo Ang Ginawa Mo,Fourmula,Filipino,
5747,Tingnan Mo Naman Ako,Jolina Magdangal,Filipino,
15555,Tinig,Pathway,English,
9218,Tinig,Join The Club,English,
6505,Tinig Ko'y Pakinggan Mo,Idan Cortez,English,
7859,Tinitiis Ko,Noel Cabangon,English,
1328,Tiny Bubbles,Various Artists,English,
11804,Tired,Adele,English,
11885,Tired Of Being Sorry,Enrique Iglesias,English,
13668,Tiririt Ng Maya,Unknown,Filipino,
7756,Tita Nanay,Virgie Miranda,English,
11936,Titanium,David Guetta ft Sia,English,
8138,Titigas Lalambot,Masculados,English,
17373,Title,Meghan Trainor,English,
11789,Titser's Enemy No. 1,Juan Dela Cruz Band,English,
2744,To All The Girls I've Loved...,Julio Iglesias,English,
1682,To Be With You,Mr. Big,English,
3279,To Know You Is To Love You,Bobby Vinton,English,
17157,To Love Again,Dingdong Avanzado,English,
6802,To Love Again,Sharon Cuneta,Filipino,
15969,To Love And Be Loved,Jack Jones,English,
16215,To Love Somebody,Michael Bolton,English,
2829,To Love Somebody,Bee Gees & Michael Bolton,English,
6634,To Love You More,Celine Dion,English,
13669,"To Market, To Market",Kid's Song,English,
11863,To Reach You,Anja Aguilar,English,
6029,To Reach You,Regine Velaquez,Filipino,
3014,To Sir With Love,Lulu,English,
13657,To Sleep,Nursery Rhymes,English,
15879,To Survive,Franco,English,
5419,To The Moon And Back,Savage Garden,English,
16387,To The Sky,Owl City,English,
7666,To Where You Are,Josh Groban,English,
0207,To You,Leslie Chung,English,
2641,Today,Jimmy Rogers,English,
15909,Today I Started Lovin'...,Willie Nelson,English,
11434,Today I'll See The Sun,Frencheska Farr,English,
11694,Today My Life Begins,Bruno Mars,English,
16445,Today Was A Fairytale,Taylor Swift,English,
1996,Todo Todo Todo,Daniela Romo,English,
19730,Together,Sarah Geronimo,Filipino,
7800,Together,Glay,English,
8292,Together,Avril Lavign,English,
2932,Together Again,Buck Owens,English,
4377,Together Again,Janet Jackson,English,
5280,Together Again,Eddie Peregrina,English,
4835,Together Forever,Rick Astley,English,
6356,Together In Electric Dreams,Human League,English,
8452,Toll Gate,Hale,Filipino,
7965,Tom Dooley,Kingston Trio,English,
8986,Tomboy,Bisrock,English,
16337,Tomorrow,SOKO,English,
8011,Tong Song,Sexbomb Girls,English,
13670,Tong Tong Pakitong Kitong,Unknown,English,
15063,Tonight,Westlife,English,
15352,Tonight,Jessica Sanchez,English,
15756,Tonight,JayR & Mica Javier,English,
16406,Tonight,Cole Swindell,English,
17069,Tonight,Ken Laszlo Tonight Looks,English,
3280,Tonight,Alex E.,English,
6688,Tonight,Rod Stewart,English,
9903,Tonight,FM Static,English,
0364,Tonight I Celebrate My Love,Peabo Bryson &,English,
5019,Tonight I Climbed The Wall,Alan Jackson,English,
15615,Tonight I Give In,Jinky Vidal,English,
11080,Tonight I Wanna Cry,Keith Urban,English,
15133,Too Close,Alex Clare,English,
8200,Too Crazy,South Border,Filipino,
6636,Too Late Too Soon,John Secada,English,
4333,Too Many Walls,Cathy Dennis,English,
1683,Too Much,Elvis Presley,English,
4356,Too Much,Spice Girls,English,
2743,Too Much Heaven,Bee Gees,English,
0568,Too Much Love Will Kill You,Brian May,English,
15174,Too Young,Jack Wagner,English,
2642,Too Young,Dony Osmond,English,
2686,Top Of The World,Carpenters,English,
5526,Torete,Moonstar 88,Filipino,
2294,Tormento,Javier Solis,English,
3281,Torn,Natalie Imbruglia,English,
2825,Torn Between Two Lovers,Mary Macgregor,English,
16155,Torpe,Barbie's Cradle,English,
16432,Torpe,Kris Lawrence,English,
9557,Torpe,Kontagious,English,
11202,Torpedo,Eraserheads,Filipino,
9265,Torpedo,Gloc.9 feat. JP Cuison of Kiko,Filipino,
11036,Torres,Mayonnaise,English,
2237,Total,Jos`E Maria G'omez Meza,English,
3410,Total Eclipse Of The Heart,Bonnie Tyler,English,
8009,Totoy Bibo,Vhong Navarro,English,
15432,Touch And Go,Rupert Holmes,English,
2665,Touch By Touch,Joy,English,
1713,Touch Me In The,Diana Ross,English,
9352,Touch My Body,Mariah Carey,English,
9793,Touch My Hand,David Archuletta,English,
11719,Touch The Sky,Franco,English,
11252,Tough,Craig Morgan,English,
7667,Toxic,Britney Spears,English,
8766,Toy Karayo,Ilocano Song,English,
1412,Toyang,Eraserheads,Filipino,
4836,Traces,Johnny Mathis,English,
8174,Trackin',Joe Crawford,English,
17033,Traffic Na Naman,Erectus,English,
4837,Tragedy,Bee Gees,English,
6992,Tragedy,Steps,English,
17252,Trap Queen,Fetty Wap,English,
3282,Travelin' Band,Ccr,English,
6357,Travelin' Man,Ricky Nelson,English,
15075,Traysikel,April Boys,English,
15447,Treasure,Bruno Mars,English,
2975,Treat Her Like A Lady,Cornelio Bros &,English,
16041,Trespassing,Adam Lambert,English,
17097,Triangulo,"Thyro Alfaro, Yumi",English,
5536,Trip,Parokya Ni Edgar,Filipino,
8455,Trip,6 Cycle Mind,English,
15836,Trip Lang,Shehyee ft. Sam Pinto,English,
5663,Trip Mo Ba?,Freshmen,English,
15316,Trip To Jerusalem,Eraserheads,Filipino,
17573,Trippin,Eric Benet,English,
4839,Triste,Tom Jobim,English,
11546,Tropa,Siakol,Filipino,
16828,Trouble,Iggy Azalea ft Jennifer,English,
11348,Trouble Is A Friend,Lenka,English,
15366,Troublemaker,Olly Murs ft. Flo Rida,English,
6359,Truckin',Grateful Dead,English,
0764,True,Spandau Ballet,English,
8115,True,Ryan Cabrera,English,
4840,True Colors,Phil Collins,English,
15540,True Love,Pink,English,
8169,True Love,All About Eve,English,
0262,True Love Ways,Buddy Hollie,English,
11500,True Romance,Regine Velasquez,Filipino,
0247,Truly,Lionel Richie,English,
4355,Truly Madly Deeply,Savage Garden,English,
16454,Trumpets,Jason Derulo,English,
4841,Trust In Me,Francesca Beghe,English,
8458,Truth,Bamboo,Filipino,
15208,Try,Pink,English,
16296,Try,Colbie Caillat,English,
3675,Try A Little Kindness,Glen Campbell,English,
3654,Try A Little Tenderness,Kiss,English,
8170,Try Again,Aaliyah,English,
2709,Try To Remember,Andy Williams,English,
0961,Trying To Get The..,Barry Manilow,English,
8090,Tsaka Na Lang,Parokya Ni Edgar,Filipino,
16797,Tsinelas Sa Putikan,Glock 9 ft Marc Abaya,Filipino,
15497,Tsismosa,Kley,English,
9388,Tsobols-25,Greenpeace,English,
4843,Tug Of War,Paul Mccartney,English,
1794,Tugon Sa King Dasal,Lyod Umali,English,
16854,Tugtugan Na,The Teeth,English,
11246,Tukso,Eva Eugenio,English,
17762,Tulad Mo,TJ Monterde,English,
8622,Tulak Ng Bibig,Julianne,Filipino,
0531,Tulak Ng Bibig Kabig Ng...,Cinderella,Filipino,
1414,Tulak Ng Bibig Kabig Ng...,Jolina Magdangal,Filipino,
9647,Tuldok,Asin,English,
8594,Tuliro,Spongecola,English,
9002,Tulo Seven Hundred,Kabobo,English,
8386,Tulog Na,Sugarfree,Filipino,
6518,Tulog Na Baby,Sex Bomb Girls,English,
11862,Tuloy,"Sarah Geronimo,",Filipino,
0495,Tuloy Pa Rin,Randy Santiago,Filipino,
8380,Tuloy Pa Rin,Neo Colours,Filipino,
9018,Tuloy Pa Rin,Spongecola,Filipino,
8333,Tuloy Pa Rin Ang Awit,Jolina Magdangal,Filipino,
9753,Tumatakbo,Mojofly,English,
1293,Tumibok Kasi,Rachel Alejandro,English,
7138,Tunay,Miles,English,
8767,Tunay,Visayan Song,English,
0114,Tunay Na Ligaya,Ariel Rvera,English,
5020,Tunay Na Mahal,Lani Misalucha,Filipino,
6030,Tunay Na Pag-Ibig,April Boys,English,
5867,Tunay Na Tunay,Traditional,English,
6763,Tunay Na Tunay,Tootsie Guevarra,English,
17204,Tupad Na Ang Pangarap,Camille Santos,Filipino,
4844,Turkey In The Straw,Traditional,English,
8130,Turn,Mojo Fly,English,
16481,Turn Back The Clock,Johnny Hates Jazz,English,
17270,Turn Back Time,Slapshock,English,
4291,Turn Back Time,Aqua,English,
15224,Turn It Well,Up Dharma Down,English,
11867,Turn Me On,David Guetta ft Nicki Minaj,English,
6360,Turn On The Night,Kiss,English,
6361,Turn The Page,Bob Seeger,English,
15278,Turn Up The Music,Chris Brown,English,
0209,"Turn, Turn, Turn",The Byrds,English,
0986,Turning Japanese,The Vapors,English,
9439,Turning My Safety Off,Sino Sikat,English,
15564,Turning Tables,Adele,English,
0451,Tutti Frutti,Little Richard,English,
5868,Tutulungan Kita,Imelda Papin,English,
5281,Tuwing Umuulan,Regine Velasquez,Filipino,
1194,Tuyo Nang Damdamin,Apo,English,
8907,Tuyo Nang Damdamin,Silent Sanctuary,Filipino,
6362,Twelfth Of Century,Johnny Mathis,English,
3676,Twenty-One,Cranberries,English,
16923,Twerk It Like Miley,Brandon Beal,English,
9727,Twice Broken,Jessa Zaragoza,Filipino,
1415,Twilight Time,A. Dunu/ The Platters,English,
8338,Twin Hearts,Sarah Geronimo,Filipino,
13521,Twinkle Little Star,Various Way Up High In An,English,
1416,Twinkle Little Star,Various,English,
4145,Twist And Shout,The Beatles,English,
4845,Twist Of Fate,Stephen A. Kipner,English,
17873,Twisted,Keith Sweat,English,
15275,Two Black Cadillacs,Carrie Underwood,English,
17855,Two Four,Gracenote,English,
11152,Two Is Better Than One,Boys Like Girls Ft Taylor Swift,English,
8508,Two Less Lonely People...,Air Supply,English,
3678,Two Out Of Three Ain't Bad,Meatloaf,English,
3301,Two Princess,Spin Doctors,English,
0701,Two Steps Behind,Def Leppard,English,
15425,Two Steps Behind,Six Part Invention,English,
9923,Two Tribes,Frankie Goes To Hollywood,English,
9105,Ty 4 Ur Luv,Dimsum,English,
8768,Type Na Type Kita,Ilocano Song,English,
11081,U & Ur Hand,Pink,English,
16077,U Can't Touch This,MC Hammer,English,
7533,Ubos Na Ang Pasensya,Ogie N' Salbakutah,Filipino,
17666,UGH!,The 1975,English,
47008,UGH!,The 1975,English,
11598,Ugly,2ne1,English,
8303,Ugly,Sugababes,English,
8769,Uha,Visayan Song,English,
1094,Uhaw,Eva Eugenio,English,
7139,Uhhya Uhhya,Masculados,English,
8522,Ulam,Michael V.,English,
3751,Ulan,Rivermaya,Filipino,
8350,Ulan,Cueshe,Filipino,
11178,Ulap,Hale,Filipino,
9019,Ulaw-Ulaw,Assembly Language,English,
9020,Ulingling,Sexbomb Girls,English,
16080,Ulitin,P.O.T.,English,
17123,Uma Thurman,Fall Out Boy,English,
8398,Umaambisyon,Yasmien Kurdi,English,
6033,"Umaaraw, Umuulan",Rivermaya,Filipino,
16328,Umaasa,Ken Alfonso,English,
8552,Umaasa,6 Cycle Mind,English,
8939,Umaasa Lang Sa ‘Yo,Six Part Invention,English,
1796,Umaasa Pa Rin,Lloyd Umali,Filipino,
17212,Umaga,Raymond Lauchengco,English,
15175,Umagang Kay Ganda,Bamboo,Filipino,
19750,Umagang Kay Ganda,Bamboo,Filipino,
3285,Umasa Ka,April Boy Regino,English,
16908,Umay,Rye Sarmiento,English,
11361,Umbrella,The Baseballs,English,
8779,Umbrella,Rihanna Ft. Jayzee,English,
8893,Umibig Muli,Janno Gibbs,English,
1097,Umiibig Ako,John Melo,Filipino,
1233,Umiibig Ka Pala Sa Akin,Cristina Paner,English,
7645,Umiibig Na,Ann Jomeo,English,
1096,Umiibig Nga Ba Ang..,Boysboyz,Filipino,
16465,Umiiiyak Ang Puso,Bugoy Drilon,Filipino,
0095,Umiiyak Ang Puso,Aprl Boy Regino,Filipino,
15351,Umpisa,Jensen Gomez,English,
15757,Un-Love You,Kz Tandingan,English,
9490,Una Kang Naging Akin,Ram Chavez,English,
16771,Una't Huling Mamahalin,Louie Heredia,Filipino,
1165,Unang Halik,Anthony Castello,Filipino,
5328,Unang Pag-Ibig,Yolly Samson,English,
8974,Unang Pasko,Wille Revillame,English,
11030,Unang Tikim,Kamikazee,Filipino,
15838,Unat Huling Pag-ibig,Willie Garte,Filipino,
15634,Unbelievable,Craig David,English,
7047,Unbreak My Heart,Toni Braxton,English,
6519,Unbreakable,Westlife,English,
2826,Unchain My Heart,Joe Cocker,English,
2643,Unchained Melody,Ringhteous Brothers,English,
15848,Unconditionally,Katy Perry,English,
17874,Uncover,Zara Larsson,English,
3681,Under Pressure,Queen,English,
9278,Under Repair,Imago,Filipino,
3658,Under The Boardwalk,Bette Midler,English,
3682,Under The Bridge,Red Hot Chili Pepper,English,
3680,Under The Sea,Sebastian,English,
17543,Under The Sun,Lawson,English,
2926,Under Your Spell Again,Buck Owens,English,
120,Underground,Unknown,English,
4849,Underground,Colin Hay,English,
15616,Underneath It All,No Doubt,English,
6637,Underneath Your Clothes,Shakira,English,
8469,Unfaithful,Rhianna,English,
0449,Unforgettable,Natalie Cole,English,
5748,Uninvited,Alanis Morissette,English,
4850,Union Of The Snake,Bates,English,
17217,Unlimited And Free,Daniel Padilla,Filipino,
8987,Unsa Ning Tamaa,Jimmy Cycle,English,
9361,Unsaid,Lala ft. Christian Bautista,Filipino,
8770,Unsay Nahimo Ko,Visayan Song,English,
15970,Unshakable,Slapshock,English,
11517,Unspoken,Hurts,English,
16934,Unstrung Heroes,Francis Magalona ft,English,
8736,Unta Masayod Ka,Visayan Song,English,
8110,Until I Fall Inlove Again,David Pomeranz,English,
17712,Until The Time Is Through,Five,English,
9629,Until Then,Gary Valenciano,Filipino,
8175,Untitled,Simple Plan,English,
6902,Unwell,Matchbox 20,English,
16780,Up,Olly Murs ft Demi Lovato,English,
6903,Up,Shania Twain,English,
15418,Up All Night,One Direction,English,
3286,Up Around The Bend,J.C. Fogerty,English,
17680,Up Dharma Down Medley,Up Dharma Down,English,
6765,Up Up And Away,5th Dimension,English,
19724,Up Up Down Down,Krissy and Ericka,English,
9998,Up Up Down Down,Krissy And Ericka,English,
0921,Up Where We Belong,Joe Cocker,English,
6766,Upakan,Tito Vic & Joey,English,
11082,Upside Down,Jack Johnson,English,
11956,Upside Down,6 Cycleminds,English,
6904,Upside Down,Diana Ross,English,
8587,Upside Down,2 Minds Crack,English,
4851,Uptown,The Crystals,English,
0835,Uptown Girl,Billy Joel,English,
9906,Upuan,Gloc 9 Feat. Jeazell Grutas,Filipino,
0542,Urong-Sulong,Regine Velasquez,Filipino,
8771,Usa Ka Lang Sa Gugma Ko,Visayan Song,English,
0112,Usahay,Unknown,English,
6638,Usapan,Aegis,Filipino,
9649,Use Somebody,Kings Of Leon,English,
11922,Used To Be,Charlene ft. Stevie Wonder,English,
11247,Usok,Asin,English,
0632,Usted,Luis Miguel,English,
8772,"Utang Lipay, Bayad Dugay",Milyo Naryo,English,
6506,Utos Ng Puso,Justine Draper,Filipino,
8921,V-Hire,Bisrock,English,
15300,Va Va Voom,Nicki Minaj,English,
8866,Vacation,Connie Francis,English,
9556,Vaklushii,Sexbomb Girls,English,
15113,Val Sotto,Kiko Machine,English,
0344,Valentine,Martina Mcbride,English,
9967,Valerie,The Zutons,English,
16439,Vanilla Twilight,Owl City,English,
3287,Ventura Highway,America,English,
2681,Venus,Bananarama,English,
5021,Veronica,Elvis Costello,English,
6640,Victims Of Love,Joe Lamont,English,
16264,Vida,Ricky Martin,English,
3683,Video Killed Radio Star,Buggles,English,
17571,Videoke Queen,Rico Blanco,Filipino,
15971,Villa Quintana,Rockstar 2,English,
4153,Vincent,Don Mclean,English,
8091,Virtual Insanity,Jamiroquai,English,
0987,Vision Of Love,Mariah Carey,English,
6641,Visions Of A Sunset,Shawn Stockman,English,
4361,Viva Forever,Spice Girls,English,
9981,Viva La Vida,Coldplay,English,
0834,Viva Las Vegas,Elvis Presley,English,
3684,Vogue,Madonna,English,
4858,Volare,Domenico Modugno,English,
5668,Voltes 5 (Japanese),Voltes5,English,
5669,Voltes 5 (Tagalog),Voltes5,English,
17085,Voodoo Who Do,Razorback,English,
4154,Voulez Vous,Abba,English,
6369,Vulnerable,Roxette,English,
8773,Wa Mo Ba Ang Diay Hisabti,Visayan Song,Filipino,
6854,Wag Ka Lang Mawawala,Ogie Alcasid,Filipino,
7441,Wag Ka Nang Lalayo,Aiza Seguerra,Filipino,
15250,Wag Ka Nang Umiyak,KZ Tandingan,English,
8905,Wag Ka Ng Umiyak,Sugarfree Wag Kang Magtatanong 11027 Yeng Constantino,Filipino,
3151,Wag Kang Malungkot Kaibigan,April Boy Regino,English,
16011,Wag Kang Mangako,Lovie Poe,Filipino,
9357,Wag Kang Matakot,Shamrock,Filipino,
17035,Wag Kang Pabebe,Vice Ganda,English,
5220,Wag Mo Na Sana,Parokya Ni Edgar,Filipino,
6034,Wag Mo Na Sanang Isipin,Gary Valenciano,Filipino,
8888,Wag Mong Iwan Ang Aking...,Yeng Constantino,Filipino,
16066,Wag Mong Iwan Ang Puso,Aiza Seguerra,Filipino,
11525,Wag Na,Yeng Constantino,Filipino,
6035,Wag Na Init Ulo Baby,Rivermaya,Filipino,
15759,Wag Na Lang,Beating The Red Lights,English,
8178,Wag Na Wag,Michael V.,English,
11809,Wag Na Wag Mo,Angeline Quinto,Filipino,
8098,Wag Na Wag Mong Sasabihin,Kitchie Nadal,Filipino,
6768,Wagas,Maricel,English,
11708,Wait,David Archuleta,English,
11066,Wait A Minute,Pussycat Dolls Feat Timbaland,English,
11268,Wait For Me,Bob Seger,English,
4946,Wait For Me,J Brothers,English,
16094,Wait For You,Elliot Yamin,English,
9806,Wait For You,Kyla,English,
8451,Wait Forever,Gary Valenciano,Filipino,
1669,Wait Till You See,Neil Sedaka,English,
11407,Waiter,Eevee,English,
9313,Waitin',Lala,English,
4155,Waiting For A Girl Like You,Foreigner,English,
15872,Waiting For Superman,Daughtry,English,
16992,Waiting For The Bus,Eraserheads,Filipino,
11370,Waiting For The End,Linkin' Park,English,
4349,Waiting For Tonight,Jennifer Lopez,English,
4156,Waiting For You,Roselle Nava,English,
9287,Waiting For Your Love,Stevie B.,English,
5221,Waiting In Vain,Bob Marley,English,
8382,Waiting In Vain,Bamboo,Filipino,
8842,Waiting On The World...,John Mayer Waiting Outside The Lines 11633 Greyson Chance,English,
11174,Waka Waka,Shakira,English,
0296,Wakas,Kuh Ledesma,English,
15861,Wake Me Up,Avicii,English,
15917,Wake Up,Slapshock,English,
17159,Wake Up,Coheed And Cambria,English,
17280,Wake Up,The Vamps,English,
8363,Wake Up,Hillary Duff,English,
8880,Wake Up Call,Maroon 5,English,
0447,Wake Up Little Suzie,Everly Brothers,English,
9797,Wala,Kamikazee,Filipino,
11005,Wala Kang Katulad,Spongecola,English,
9728,Wala Kang Katulad,Ariel Rivera,English,
0135,Wala Na Bang Pag-Ibig,Jaya,English,
11542,Wala Na Tayo,Bbs Feat. Kean,English,
1227,Wala Nang Hahanapin,Apo,English,
8988,Wala Ng Iba,Bloomfields,Filipino,
8774,Walang Angay,Visayan Song,English,
16430,Walang Basagan Ng Trip,Jugs & Teddy,Filipino,
7731,Walang Biro Yan,Patti S.,English,
1100,Walang Dangal,Eva Eugenio,English,
9282,Walang Daya,Joey De Leon,English,
11555,Walang Hanggan,Yeng,Filipino,
6642,Walang Hanggan,Ella May Saison,English,
15437,Walang Iba,Ezra Band,English,
8787,Walang Iba,Ronnie Liang,English,
9761,Walang Iwanan,6 Cycleminds,English,
8860,Walang Kadala-Dala,Janno Gibbs,English,
8889,Walang Kadala-Dala,Sandwich,English,
0297,Walang Kaliwaan,Christy Mendoza,English,
0484,Walang Kapalit,Rey Valera,Filipino,
1280,Walang Kapantay,Carmen Soriano,English,
16046,Walang Kasing Sarap,Brownman Revival,Filipino,
5869,Walang Kasing Tamis,Mike Hanopol,English,
15913,Walang Kwentang Kanta,Basilyo,English,
8940,Walang Misteryo,Imago,Filipino,
16474,Walang Nagbago,Eraserheads,Filipino,
11482,Walang Natira,Gloc 9 ft Sheng Belmonte,Filipino,
9729,Walang Pangarap Kundi Siya,Zsa Zsa Zaturnah,English,
8096,Walang Sabit,Sandara Park,English,
9510,Walang Sayang,Aiza Seguerra,Filipino,
7141,Walang Sigla,Ella,English,
8575,Walang Yaman’g (Mas Hihigit..),Cueshe,Filipino,
16230,Walang-Wala,Banda Ni Kleggy,English,
8775,Walay Isip,Visayan Song,English,
9021,Walay Title,Mantequilla,English,
2710,Walk Away,Matt Monro,English,
8428,Walk Away,Kelly Clarkson,English,
11286,Walk It Out,Dj Unk,English,
16890,Walk It Out,Jennifer Hudson ft,English,
7999,Walk Like An Egyptian,Bangles,English,
0846,Walk Of Life,Dire Straits,English,
3686,Walk On By,Dionne Warwick,English,
16920,Walk Out To Winter,Aztec Camera,English,
0256,Walk Right Back,Everly Brothers,English,
16742,Walk This Way,Aerosmith ft Run DMC,English,
6905,Walk Through This World...,Engelbert Humperdinck,English,
4250,Walkin' The Dog,Rolling Stones,English,
6151,Walking Away,Craig David,English,
7952,Walking Contradiction,Greenday,English,
4859,Walking In My Shoes,Depeche Mode,English,
7465,Walking In The Rain,A1,English,
16131,Walking On Sunshine,Katrina & The Waves,English,
3685,Walking On The Moon,Police,English,
8369,Walking On The Sun,Smashmouth,English,
15493,Walks Like Rihanna,The Wanted,English,
7963,Wall,Kansas,English,
8511,Waltz,Hale,Filipino,
8776,Walug Sa Luha,Visayan Song,English,
16095,Wandering,James Taylor,English,
4860,Wanderlust,Paul Mccartney,English,
6643,Wang Ching Chuy,Andy Lau,English,
4861,Wannabe,Spice Girls,English,
11296,Want To,Sugarland,English,
16889,Want To Want Me,Jason Derulo,English,
15083,Want You Back,Cher Lloyd,English,
15232,Want You To Cry Too,Keno,English,
11953,Wanted,Hunter Hayes,English,
4164,Wanted,Dolleys,English,
0833,Wanted Dead Or Alive,Bon Jovi,English,
11435,War Of My Life,John Mayer,English,
5921,Warior Is A Child,Gary Valenciano,Filipino,
8220,Warpigs,Black Sabbath,English,
16366,Warrior,Demi Lovato,English,
16798,Warrior,Kesha Watch Me,English,
1419,Was I Dreamin',The Cascades,English,
5331,Was It Something I Didn't Say,98 Degrees,English,
11408,Wasak Watlz,Ely Buendia Ft Fancis M,English,
2966,Wasted Days And Wasted...,Unknown,English,
16336,Wasted On The Way,CSNY,English,
8604,Wasted Time,Skidrow,English,
17668,Watch Me Work,Tinashe When The Last,English,
11265,Watching Airplanes,Gary Allan,English,
11425,Water Runs Dry,Boyz Ii Men,English,
17282,Water Under The Bridge,Adele,English,
8302,Waterfall,TLC,English,
9963,Waterfall,The Stone Roses,English,
2996,Waterloo,Abba,English,
6152,Wave,Sergio Mendes,English,
11344,Wavin' Flag,K'naan,English,
8894,Way Back Into Love,Adam & Drew,English,
9558,Way Enak Inam Ammo,Jefferson Anton,English,
1098,Way Palad,Visayan Song,English,
6153,Way We Were,Rico Puno,English,
9567,Waynasdi,Margaret Paleng Locano,English,
15074,We Are Never Ever Getting..,Taylor Swift,English,
3289,We Are The Champions,Queen,English,
11445,We Are The People,Empire Of The Sun,English,
0766,We Are The World,Usa For Africa,English,
16401,We Are Tonight,Billy Currington,English,
11853,We Are Young,Fun ft Janelle Monae,English,
9328,We Be Burnin',Sean Paul,English,
8454,We Belong,Toni Gonzaga,English,
11474,We Belong Together,Miguel Escueta,English,
8244,We Belong Together,Mariah Carey,English,
4363,We Built This City,Starship,English,
0815,We Can Work It Out,The Beatles,English,
16249,We Can't Be (Acoustic),Krissy Villongco We Might Be Dead,English,
15534,We Can't Stop,Miley Cyrus,English,
19754,We Can't Stop,Miley Cyrus,English,
15256,We Could Be In Love,Lea Salonga & Brad Kane,English,
7530,We Could Have It All,MAUREEN Mcgovern,English,
15554,We Cry,The Script,English,
16348,We Dem Boyz,Wiz Khalifa When Can I See You,English,
8499,We Did'nt Start The Fire,Billy Joel,English,
15177,We Don't Have To Say...,Gerard Joling,English,
3008,We Don't Talk Anymore,Cliff Richard,English,
11764,We Found Love,Rihanna,English,
4267,We Got Married,Paul Mccartney,English,
5408,We Have No Secrets,Carly Simon,English,
4307,We Like To Party,Venga Boys,English,
8111,We May Never Love Like..,Maureen Mcgovern,English,
16035,We Own The Night,The Wanted,English,
11388,We R Who We R,Kesha,English,
11300,We Taking Over,Dj Khaled,Filipino,
13542,We Three Kings,Christmas Song We Wish You A Merry,English,
3691,We Three Kings,Christmas Song,English,
3696,We Wish You A Merry...,Traditional,English,
7021,We'll Share These Moments,Bill Batstone,English,
2738,We're All Alone,Boz & Scaggs,English,
4864,We're Going To Ibiza,Venga Boys,English,
0988,We've Got Tonight,Kenny Rogers,English,
1324,We've Only Just Begun,Carpenters,English,
0724,Weak,SWV,English,
0767,Wear My Ring Around...,Elvis Presley,English,
13672,Weather Song,Nursery Rhyme,English,
4167,Wedding March,Unknown,English,
4168,Wednesday's Child,Matt Monro,English,
16756,Weekend,Pink ft Eminem,English,
16976,Weekend,Sugar High,English,
15499,Weekend In New,Barry Manilow,English,
7466,Wei Ni Ch Chu Who,Vic Zhu,English,
8126,Welcome To My Life,Simple Plan,English,
0366,Welcome To My World,Anita Kerr Singers,English,
8538,Welcome To The Black Parade,My Chemical Romance,English,
11504,Well Well Well,Duffy,English,
11461,Wer Na U?,Ara Muna,English,
17554,Were Here,Jason Aldean,English,
8218,Were In This Love Together,Al Jarreau,English,
9943,West End Girls,Pet Shop Boys,English,
11199,Westside,TQ,English,
13712,Whack,Nursery Rhyme,English,
4366,What A Girl Wants,Christina Aguilera,English,
7349,What A Mighty God,Gospel Song,English,
0367,What A Wonderful World,Louis Armstrong,English,
1535,What About Love,Heart,English,
6858,What About Me,Kim Carnes,English,
9456,What About Now,Chris Daughtry,English,
6838,What Am I Living For,Eddie Peregrina,English,
11369,What Am I To You,Norah Jones,English,
11700,What Are Words,Chris Medina,English,
4315,What Can I Do,The Corrs,English,
15706,What Can I Do With This...,England Dan & John Ford,English,
7590,What Do I Do,Nyoy Volante,English,
17131,What Do You Mean,Justin Bieber,English,
4868,What Goes Up,Alan Parsons Project,English,
4869,What Have You Done For Me,Unknown,English,
1634,What I Did For Love,Jack Jones,English,
9825,What I Do Best,Sheryn Regis,English,
16857,What I Like About You,5 Seconds of Summer,English,
5283,What I'm Living For,Eddie Peregrina,English,
9351,What I've Done,Linkin Park,English,
11373,What If,Kate Winslet,English,
7900,What If,Nina,Filipino,
8092,What If,Baby Face,English,
4871,What Is Love,Haddaway,English,
4252,What Is This Thing Called Love,Frank Sinatra,English,
7953,What It Feels Like For A Girl,Madonna,English,
11920,What Kind Of Fool,Barbra Streisand and,English,
4872,What Kind Of Fool..,Rick Springfield,English,
5483,What Makes A Man,Westlife,English,
15026,What Makes You,One Direction,English,
16273,What Might Have Been,Lou Pardini,English,
15855,What Now,Rihanna,English,
19756,What Now,Rihanna,English,
1624,What Now My Love,Shirley Bassey,English,
11567,What The Hell,Avril Lavigne,English,
3716,What The World Needs Now,Burt Bacharach,English,
11291,What Time Is It,High School Musical 2,English,
7353,What Took You So Long,Emma Bunton,English,
9630,What You Are To Me,Regine Velasquez,Filipino,
4929,What You See Is What You Get,Britney Spears,English,
8125,What You Waiting For,Gwen Stefani,English,
5385,What You Won't Do For Love,Babby Caldwell,English,
11902,What's Forever For,Michael Martin Murphy,English,
11879,What's Going On,Marvin Gaye,English,
1536,What's Going On,Marvin Gaye,English,
0769,What's Love Got To Do With It,Tina Turner,English,
6689,What's My Age Again,Blink 182,English,
2892,What's New Pussycat,Burt Bacharat,English,
6645,What's On The Other Side,Martin Nievera,Filipino,
0532,What's Up,4 Non Blondes,English,
11412,What's Your Poison,Chicosci,English,
16111,Whatever She's Got,David Nail,English,
7954,Whatever We Imagine,James Ingram,English,
11387,Whats My Name,Rihanna Ft Drake,English,
16786,Whatta Man,Salt N Peppa,English,
3699,Wheel Of Fortune,Ace Of Base,English,
11166,Wheels,Foo Fighters,English,
4875,When,Shania Twain,English,
16810,When A Blind Man Cries,Deep Purple,English,
2746,When A Man Loves A Woman,Percy Sledge,English,
15558,When I Close My Eyes,Julie Anne San Jose,Filipino,
3700,When I Come Around,Greenday,English,
0964,When I Die,Milli Vanilli,English,
17098,When I Dream,Vic Damone,English,
0801,When I Fall In Love,Ant And Dec,English,
15162,When I Fall In Love,Nat King Cole,English,
9545,When I Hear You Call,Gary V.,Filipino,
11039,When I Look At You,Miley Cyrus,English,
2737,When I Need You,Unknown,English,
8407,When I See You Smile,Kris Lawrence,English,
17577,When I Think Of You,Leiff Garrett,English,
2890,When I Was Young,The Animals,English,
15244,When I Was Your Man,Bruno Mars,English,
3701,When I'm 64,The Beatles,English,
11317,When I'm Gone,Eminem,English,
11959,When I'm Gone,Albert Hammond,English,
15169,When I'm With You,Sheriff,English,
4879,When Irish Eyes Are..,Traditional,English,
9651,When It Rains,Paramoe,English,
0751,"When It Rains, It Really Pours",Elvis Presley,English,
8599,When Love And Hate Collide,Def Lepard,English,
17555,When Love Hurts,JoJo,English,
17099,When Love Is Gone,Jim Photoglo,English,
9107,When Love Is Gone,Martin Nievera,Filipino,
8605,When She Cries,Restless Heart,English,
3380,When The Children Cry,White Lion,English,
15617,When The Fog Rolls In,Train,English,
0695,When The Girl,Cliff Richardson,English,
1444,When The Saints Go Marching,Louis Armstrong,English,
5474,When The Smoke Is Going...,Scorpions,English,
11893,When We Collide,Matt Cradle,English,
11072,When We Were Young,The Killers,English,
17342,When We Were Young,Adele,English,
9329,When We Were Young,Dolores,English,
6370,When Will I Be Loved,Everly Brothers,English,
2740,When Will I See You..,The Three Degrees,English,
16330,When Will My Life Begin,Mandy Moore,English,
7023,When Will You Say I Love You,Billy Flurry,English,
6646,When You Believe,Mariah Carey,English,
7352,When You Look At Me,Christina Millian,English,
16464,When You Love Someone,Bryan Adams,English,
7025,When You Say Nothing At All,Ronan Keating,English,
9730,When You Smile,Arnee Hidalgo,English,
5386,When You Tell Me,Diana Ross,English,
13539,When You Wish Upon A Star,Pinochio,English,
3316,When You Wish Upon A Star,Pinochio,English,
8780,When You're Gone,Avril Lavign,English,
6647,When You're In Love With...,Dr. Hook,English,
6507,When You're Looking Like That,Westlife,English,
0274,Whenever I Call You Friend,Kenny Loggins,English,
6648,Whenever I Call You..,Johnson & Krauss,English,
6649,Whenever Wherever,Shakira,English,
15973,Whenever You Call,Mariah Carey,English,
17036,Where Are U Now,Skrillex and Diplo with,English,
15974,Where Are You,Frank Sinatra,English,
11123,Where Are You Now,Honor Society,English,
1663,Where Are You Now,Jimmy Harnen,English,
5475,Where Are You Now,Nazareth Where Clock Hands Freeze 15772 Avantasia,English,
3530,Where Do I Begin (Love Story..),Shirley Bassey,English,
0210,Where Have All The Flowers..,Kingston Trio,English,
15034,Where Have You Been,Rihanna,English,
48998,Where Have You Been,Rihanna,English,
7026,Where He Leads Me,Jamie Rivera,English,
11304,Where I'm From,Jason Michael Carroll,English,
8861,Where Is Love,Nina,Filipino,
7095,Where Is The Love,Black Eyed Peas,English,
15500,Where Is Your Heart,Victor Wood,English,
16402,Where Its At,Dustin Lynch,English,
15975,Where Love Has Gone,Jack Jones,English,
6650,Where Love Has Gone,Isay Alvarez,English,
7098,Where The Boys Are,Connie Francis,English,
3291,Where The Streets,U2,English,
4884,Where You Lead,Toni Stern,English,
6037,Where's The Good In Goodbye,Sharon Cuneta,Filipino,
17673,Where's The Love,Hanson !! Song Title Code Popularized By:,English,
9731,Wherever I Go,Pops Fernandez,English,
8197,Wherever You Are,South Border,Filipino,
6651,Wherever You Will Go,The Calling,English,
3702,While My Guitar Gently Weeps,The Beatles,English,
15559,Whip It,Devo,English,
3703,Whipping Post,Allman Brothers,English,
16977,Whiskey Lullaby,Brad Paisley and Alison,English,
11892,Whispered Fear,Rachelle Ann Go,English,
0285,Whispering Waves,Donna Summer,English,
15108,Whistle,Flo Rida,English,
11257,White & Nerdy,Weird Al Yankovic,English,
13524,White Christmas,Christmas Song,English,
1457,White Christmas,Christmas Song,English,
7080,White Flag,Dido,English,
11019,White Horse,Taylor Swift,English,
16447,White Houses,Vanessa Carlton,English,
17326,White Iverson,Post Malone,English,
4253,White Room,Eric Clapton,English,
16105,White Walls,Macklemore & Ryan Lewis,English,
3704,White Wedding,Billy Idol,English,
11698,Who Am I,Casting Crowns',English,
1411,Who Can I Turn To,Tony Bennet,English,
4174,Who Can It Be Now,Men At Work,English,
8524,Who Do You Think You Are,Spice Girls,English,
11060,Who I Am,Nick Jonas,English,
16353,Who I Am With You,Chris Young,English,
1691,Who Is It,Michael Jackson,English,
17499,Who Is She To Me,Christian Bautista,Filipino,
11068,Who Knew,Pink,English,
5911,Who Let The Dogs Out,Baha Men,English,
7467,Who Let You Cry,Vaness Wu,English,
11376,Who Owns My Heart,Miley Cyrus,English,
11514,Who Says,Selena Gomez,English,
15399,Who You Are,Jessie J,English,
15940,Who You Love,John Mayer,English,
11281,Who You'd Be Today,Kenny Chesney,English,
2819,Who'll Stop The Rain,C.C.R,English,
4175,Who's Cryin' Now,Journey,English,
9022,Who's Holding Donna Now,El De Barge,English,
15196,Who's Laughing Now,Jessie J,English,
15761,Who's Lonely Now,England Dan & John Ford,English,
8339,Who's Loving You Now,Erik Santos,English,
11833,Who's That Girl,Guy Sebastian,English,
3706,Who's That Girl,Madonna,English,
17211,Whoa Pilipinas,Datus Tribe,English,
5769,Whole Again,Atomic kitten,English,
3707,Whole Lotta Love,Led Zeppelin,English,
4176,Whole Lotta Loving,Fats Domino,English,
6038,Whoops Kiri,Fruitcake,English,
16959,Why,Pupil,Filipino,
2818,Why,Carole King,English,
5332,Why,3t Brotherhood,English,
8527,Why,Tiggy,English,
7468,Why Can't I,Tom Jones,English,
0101,Why Can't It Be,Rannie Raymundo,English,
9530,Why Can't We Be Together,Piolo Pascual,English,
1099,Why Do I Love You,Geneva Cruz,English,
15707,Why Is It Me,England Dan & John Ford,English,
5382,Why Me,Kris Kristofferson,English,
3709,Why Worry,Dire Straits,English,
4886,Why Would I Say Goodbye,K.Brooks,English,
7592,"Why, Tell Me",Avril Lavigne,English,
11935,Wide Awake,Katy Perry,English,
19746,Wide Awake,Katy Perry,English,
16245,Wiggle,Jason Derulo ft. Snoop,English,
16761,Wiki Me,Julian Trono,English,
5476,Wild Boys,Duran Duran,English,
7993,Wild Flower,Skylark,English,
16092,Wild Heart,The Vamps,English,
11984,Wild Ones,Flo Rida ft. Sia,English,
17779,Wild Thing,The Troggs,English,
4888,Wild Thing,Jimi Hendrix,English,
17777,Wild Things,Against The Current,English,
16166,Wild Wild Love,Pitbull ft. GRL,English,
6652,Wild Women,Mltr,English,
5383,Wild World,Mr. Big,English,
17151,Wildest Dreams,Taylor Swift,English,
5224,Will Ever,Side A,Filipino,
1537,Will I Survive,Introvoys,Filipino,
3000,Will I. Am,Miles,English,
0965,Will Of The Wind,Jim Photoglo,English,
1422,Will You Be There,Michael Jackson,English,
9298,Will You Ever Learn,Typecast,English,
15238,Will You Still Love Me,Chicago,English,
2895,Will You Still Love Me...,Carole King,English,
0925,Willie And The..,Eric Clapton,English,
16918,Willing To Forgive,Aretha Franklin,English,
0623,Wind Beneath My Wings,Bette Midler,English,
11059,Wind It Up,Gwen Stefani,English,
0696,Wind Me Up (Let Me Go),Cliff Richard,English,
2849,Wind Of Change,Scorpions,English,
17432,Winding Road,Sheryl Crow,English,
15098,Windows Down,Big Time Rush,English,
4180,Winter Time,Steve Miller Band,English,
13523,Winter Wonderland,Christmas Song,English,
1434,Winter Wonderland,Christmas Song,English,
6039,Wish,Donna Cruz,English,
6040,Wish I Could,Dingdng Avanzado,English,
17110,Wish I May,Alden Richards,English,
9529,Wish List,M.Y.M.P.,English,
15185,Wish U Were Here,Cody Simpson ft. Becky G,English,
11603,Wish You Were Here,Avril Lavigne,English,
3712,Wish You Were Here,Pink Floyd,English,
3292,Wishful Thinking,China Crisis,English,
8227,Wishing I Was There,Natalie Imbruglia,English,
16978,Wishing It Was You,Connie Francis,English,
15165,Wishing You'll Be Mine,Sam Concepcion,English,
1612,Witchita Lineman,Glen Campbell,English,
3713,Witchy Woman,Eagles,English,
4890,With A Little Luck,Paul Mccartney,English,
1134,With A Smile,Eraserheads,Filipino,
8230,With Arms Wide Open,Creed,English,
16274,With Every Breath I Take,Frank Sinatra,English,
3293,With Or Without You,U2,English,
15501,With Pen In Hand,Bobby Goldsboro,English,
6041,With These Hands,Tom Jones,English,
15925,With Ur Love,Cher Llyod,English,
0533,With You,Pippin,English,
9027,With You,M.Y.M.P.,English,
9344,With You,Chris Brown,English,
2664,Within You'll Remain,Tokyo Square,English,
0702,Without Love,E. Humperdinck,English,
11686,Without You,Aj Rafael,English,
15678,Without You,Charlie Wilson,English,
16054,Without You,David Guetta,English,
16933,Without You,Foreigner I Don't Want To Live,English,
17012,Without You,Paul Williams,English,
17531,Without You,Billy Ocean,English,
2660,Without You,Harry Nilsson,English,
5670,Without You,Samantha Cole,English,
6717,Without You,After Image,English,
6907,Without You,Mariah Carey,English,
7028,Without You,Bad Finger,English,
9732,Without You,Joey Albert,English,
16925,Without Your Love,Chicago,English,
01201,Wiz Khalifa,3,English,
7668,Wo Hu Xi Ni,Vic Zu,English,
15249,Wo Oh,Kamikazee,Filipino,
0049,Woman,John Lennon,English,
2650,Woman In Love,Barbra Streisand,English,
4891,Woman To Woman,Joe Cocker,English,
9453,Womanizer,Britney Spears,English,
16036,Won't Be Broken,Keane,English,
4961,Won't Cry,Krezip,English,
11372,Wonderful Life,Hurts,English,
2647,Wonderful Tonight,Eric Clapton,English,
4892,Wonderwall,Oasis,English,
15378,Wooden Heart,Lizards Convention,English,
3719,Woodstock,Joni Mitchell,English,
13675,Wooing Go,Kid Songs,English,
2920,Wooly Bully,Unknown,English,
16994,Words,F.R. David,English,
2805,Words,F.R.David,English,
5078,Words,Bee Gees,English,
17826,Words And Music,Andy Gibbs,English,
1660,Words Get In The Way,Gloria Estefan,English,
4894,Words Of Love,Buddy Holly,English,
17660,Work,Rihanna ft Drake,English,
47009,Work,Rihanna ft. Drake,English,
15778,Work B**ch,Britney Spears,English,
17621,Work From Home,Fifth Harmony ft,English,
17576,Work This Body,Walk The Moon,English,
2992,Working For The Weekend,Lover Boy,English,
11158,Working On A Dream,Bruce Springsteen,English,
0554,World,Bee Gees,English,
13779,World In His Hands,Nursery Rhyme,English,
15618,World In Our Hands,Taio Cruz,English,
17455,World To Me,Jed Madela,English,
16441,World Without Strangers,Rico Blanco,Filipino,
17780,Worlds Collide,Plumb,English,
16815,Worth It,Fifth Harmony ft,English,
17670,Worthless,Bullet For My Valentine,English,
47010,Worthless,Bullet For My Valentine,English,
0771,Would I Lie To You,Annie Lennox,English,
6656,Would You Be Happier,The Corrs,English,
3294,Would'nt It Be Nice,Beacj Boys,English,
17655,Wow,Mike Kosa ft Ayeeman,English,
8241,Wowowee,Lito Camo,English,
3720,Wrapped Around Your Finger,Police,English,
15658,Wrecking Ball,Miley Cyrus,English,
17479,Writings On The Wall,Sam Smith,English,
4895,Written In The Stars,Elton John,English,
7991,Xanadu,Olivia Newton John,English,
15080,XGF,Sponge Cola Feat. Chito,English,
8185,Xibom Bom Bom,T-Rio,English,
16096,XO,Beyonce,English,
15729,XXX,Loonie ft Hi-C,English,
3721,Y.M.C.A,Village People,English,
11147,Yakap,Hale,Filipino,
11409,Yakap,Ogie Alcasid,Filipino,
15841,Yakap,Charice,English,
5870,Yakap,L.A. Lopez,English,
11906,Yakap Sa Dilim,Orange And Lemons,Filipino,
1192,Yakap Sa Dilim,Apo,English,
0086,Yakap-Yakap,Randy Santiago,English,
0328,Yakapin Mo Ako,Joey Albert,Filipino,
0772,Yakety Yak,The Coasters,English,
11670,Yan Naman,Rizal,English,
13522,Yankee Doodle,Various,English,
1424,Yankee Doodle,Various,English,
8140,Ye Ye Vonel,April Boy Regino,English,
16399,Yeah,Joe Nichols You Are The Love Of,English,
7802,Yeah,Usher,English,
11565,Yeah 3x,Chris Brown,English,
6657,Yellow,Coldplay,English,
3723,Yellow Brick Road,Elton John,English,
4181,Yellow Submarine,The Beatles,English,
4182,Yes We Can Can,The Pointer Sisters,English,
0369,Yester Me Yester You...,Stevie Wonder,English,
2648,Yesterday,The Beatles,English,
8795,Yesterday And Today,Mom's Cake,English,
2649,Yesterday Once More,Carpenters,English,
16753,Yesterdays,Guns N' Roses,English,
17109,Yoga,Janelle Monae &,English,
11014,You,Rhian Ramos,English,
1304,You,Basil Valdez,English,
16189,You,Frank Sinatra,English,
16247,You,Joy Enriquez,English,
16497,You,Sheena Easton,English,
8526,You,Carpenters,English,
9631,You,Erik Santos,English,
7029,You Always Hurt The One...,Patti Page,English,
11608,You And I,Lady Gaga,English,
11778,You And I,Kenny Rogers Feat. Beegees,English,
15038,You And I,Scorpions,English,
15150,You And I,Eddie Rabbitt & Crystal Gayle,English,
15440,You And I,J.R.A,English,
16141,You and I,One Direction,English,
6804,You And I,Rico Puco,English,
15226,You And I Both,Jason Mraz,English,
16157,You And Me,Callalily,Filipino,
16217,You And Me,Frank Sinatra,English,
4898,You And Me,Alice Cooper,English,
8471,You And Me,Lifehouse,English,
9108,You And Me,Rachelle And Christian,English,
5477,You And Me Against The World,Helen Reddy,English,
8341,You And Me..,Rachel & Christian,English,
1614,You Are Everything,S Club 7,English,
7030,You Are My All In All,Gospel Song,English,
1721,You Are My Destiny,Paul Anka,English,
17880,You Are My Everything,Calloway,English,
7348,You Are My God,Carol Banawa,English,
7031,You Are My Hiding Place,Gospel Song,English,
7032,You Are My King,Gospel Song,English,
9858,You Are My Obsession,Rachelle Ann Go,English,
0106,You Are My Song,Regine Velasquez,Filipino,
0067,You Are My Sunshine,Gary Davis,English,
13507,You Are My Sunshine,Gary Davis,English,
1028,You Are Not Alone,Michael Jackson,English,
17083,You Are So Beautiful,Paolo Onesa,English,
7931,You Are So Beautiful,Joe Cocker,English,
7033,You Are The Love Of My Life,Diana Ross,English,
19707,You Are The One,Toni Gonzaga,English,
6457,You Are The One,Martin Nievera,Filipino,
8495,You Are The One,Toni G. & Sam Milby,English,
11779,You Are The Reason,Ketama,English,
3295,You Are The Sunshine Of...,Unknown,English,
1724,You Are To Me,Divo,English,
6909,You Belong To Him,The Duprees,English,
0370,You Call It Love,Karoline Kruger,English,
8294,You Can Do Magic,America,English,
3724,You Can Leave Your Hat On,Joe Cocker,English,
2672,You Can Win If You,Modern Talking,English,
17570,You Can't Be Right,Mayonnaise,English,
4899,You Can't Deny It,Lisa Stansfield,English,
5432,You Can't Do That,Beatles,English,
5387,You Can't Hurry Love,Diana Ross,English,
5284,You Changed My Life...,Angela Bofill,English,
9655,You Changed My Life…,Sarah Geronimo,Filipino,
11831,You Da One,Rihanna,English,
4900,You Decorated My Life,Debbie Hupp,English,
9632,You Do,Agot Isidro,English,
11403,You Don't Know,Regine Velasquez,Filipino,
7034,You Don't Know Me,Floyd Cramer,English,
0491,You Don't Love Me Anymore,Weir Al,English,
3725,You Drive Me Crazy,Shakin Stevens,English,
15679,You First Believed,Hoku,English,
2874,You Give Love A Bad Name,Bon Jovi,English,
17752,You Got It All,MYMP,English,
17034,You Got It Bad,Usher,English,
16419,You Got Me,Colbie Caillat,English,
4901,You Gotta Be,Unknown,English,
16999,You In A Song,Jim Croce I Know What You Did,English,
17105,You Know You Like It,DJ Snake You Mean The World,English,
6690,You Learn,Alanis Morissette,English,
2644,You Light Up My Life,Debbie Boone,English,
11198,You Lost Me,Christina Aguilera,English,
19731,You Lost Me,Christina Aguilera,English,
1119,You Made Me Live Again,Janet Basco,English,
4902,You Made Me Love You,Patti Page,English,
0490,You Make It Hard,Kalapana,English,
11003,You Make Me Feel,Kyla,English,
0745,You Make Me Feel Brand New,Stylistics,English,
4903,You Make Me Feel Like A Natural..,Carole King,English,
3727,You Make Me Feel Like Dancing,Leo Slayer,English,
6910,You Make Me Feel So Young,Frank Sinatra,English,
6692,You Make Me Sick,Pink,English,
9733,You Make Me Smile,Carol Banawa,English,
7036,You May Be Right,Billy Joel,English,
2635,You Mean Everything To Me,Neil Sedaka,English,
1431,You Mean The World To Me,Toni Braxton,English,
4904,You Might Need Somebody,T.Snow,English,
6769,You Must Love Me,Madonna,English,
15976,You My Love,Frank Sinatra,English,
2618,You Needed Me,Anne Murray,English,
4318,You Needed Me,Boyzone,English,
16471,You Never Gave Up On Me,Crystal Gayle,English,
15680,You Never Told Me,Gabriel,English,
0962,You On My Mind,Swing Out Sisters,English,
4905,You Only Get What You,Unknown,English,
5411,You Oughta Know,Alanis Morissette,English,
7647,You Raise Me Up,Josh Groban,English,
6478,You Really Got A Hold...,The Beatles,English,
3587,You Really Got Me,The Nicks,English,
6911,You Rock My World,Michael Jackson,English,
6770,You Sang To Me,Marc Anthony,English,
7037,You Sat Down,Unknown,English,
17614,You Should Be Here,Cole Swindell,English,
7038,You Should Know By Now,Angela Bofill,English,
11422,You Smile,Justin Bieber,English,
15433,You Still Have A Long...,Typecast,English,
11173,You Still Have My Heart,Princess,English,
1725,You To Me Are Everything,Real Thing,English,
11750,You Took My Heart,Michael Learns To Rock,English,
1425,You Were There,Southern Sons,English,
6458,You Were There,Regine Velasquez,Filipino,
6045,You Will Be My Music,Frank Sinatra,English,
9968,"You Will, You Won't",The Zutons,English,
8404,You Win The Game,Mark Bautista,English,
2798,You Won't See Me,The Beatles,English,
0235,You'd Be So Nice To Come,Frank Sinatra,English,
5479,You'll Be In My Heart,Phil Collins,English,
8139,You'll Be Safe Here,Rivermaya,Filipino,
0236,You'll Never Find Another...,Lou Rawls,English,
15977,You'll Never Find Another...,Michael Buble,English,
7039,You'll Never Walk Alone,Frank Sinatra,English,
4372,You'll See,Madonna,English,
5550,You're A God,Vertical Horizon,English,
15915,You're A Part Of Me,Kim Carnes & Gene Cotton,English,
5388,You're A Woman,Bad Boy Blue,English,
0503,You're All I Need,White Lion,English,
11860,You're All I Need,Lani Misalucha,English,
1531,You're Always On My Mind,Gallery,English,
7042,You're Beautiful,J. Chisum,English,
8299,You're Beautiful,James Blunt,English,
3296,You're Closer To Me,Matt Monroe,English,
5433,You're Going To Lose That Girl,Beatles,English,
17173,You're Gone),Lady Antebellum,English,
5912,You're In Love,Wilson Philips,English,
16376,You're Mine,Mariah Carey,English,
4907,You're My Best Friend,Queen,English,
15076,You're My Everything,Victor Wood & Marika,English,
2627,You're My Everything,Santa Esmeralda,English,
6047,You're My Everything,Martin Nievera,Filipino,
2669,"You're My Heart,",Modern Talking,English,
1231,You're My Home,Odette Quesada :,English,
1639,You're My World,Helen Reddy,English,
16974,You're My World,Tom Jones,English,
7593,You're My You,Nyoy Volante,English,
11156,You're Not Sorry,Taylor Swift,English,
2811,You're Sixteen,Bobby Sherman,English,
11183,You're So Hot,Xlr8,English,
7043,You're So Square Baby,Elvis Presley,English,
6477,You're So Vain,Carly Simon,English,
17037,You're Still My Man,Whitney Houston,English,
4292,You're Still The One,Shanai Twain,English,
7442,You're Still You,Josh Groban,English,
5333,You're The Best Thing That...,Ray Price,English,
0773,You're The Best..,Skool Boys,English,
0719,You're The Inspiration,Chicago,English,
11907,You're The Inspiration,Dianne Elise,English,
0963,You're The One,The Carpenters,English,
16037,You're The One,Frank Sinatra,English,
7972,You're The One That I Want,Travolta & N John,English,
17056,You've Got A Friend,James Taylor,English,
2812,You've Got A Friend,Carole King,English,
7045,You've Got A Way,Shania Twain,English,
8509,You've Got It All,Jetts,English,
4908,You've Got Love,Buddy Holly,English,
7191,You've Got The Magic Touch,The Platters,English,
7904,You've Got To Hide Your..,Beatles,English,
7694,You've Made Me Stronger,Regine Velasquez,Filipino,
6508,Young At Heart,Frank Sinatra,English,
2854,Young Girl,Gary Puckett,English,
16275,Young Girls,Bruno Mars,English,
0211,Young Love,Tab Hunter,English,
11998,Young Love,Jedward,English,
5913,Young Love,Toyz,English,
8503,Young Love,Air Supply,English,
11946,Young Wild & Free,Snoop Dogg & Wiz Khalifa ft.,English,
16971,Younger Yesterday,The Meadows,English,
7669,Your Body Is A Wonderland,John Mayer,English,
16963,Your Call,Secondhand Serenade,English,
0068,Your Cheatin' Heart,Elvis Presley,English,
0747,Your Cheatin' Heart,Hank Williams,English,
11742,Your Eyes,La Boum 2,English,
15927,Your Eyes,Cook Da Brooks,English,
4909,Your Good Girl's Gonna Get..,Unknown,English,
9268,Your Guardian Angel,The Red Jumpsuit,English,
11635,Your Love,Marie Digby,English,
17428,Your Love,Eddie Peregrina Your Mother,English,
19742,Your Love,Marie Digby !!,English,
7040,Your Love,Gospel Song,English,
8085,Your Love,Alamid,English,
8464,Your Love,Jim Brickman,English,
1502,Your Love Is King,Sade,English,
11531,Your Love Is My Drug,Kesha,English,
16070,Your Man,Josh Turner,English,
16470,Your Mind,Crystal Gayle,English,
16979,Your Money,The Beatles,English,
7955,Your My You,Nyor Volante,English,
15131,Your Name,Young Jv Ft. Myrtle,English,
16819,Your Puppet And Clown,Greyhoundz,English,
11444,Your Song,Ellie Goulding,English,
15132,Your Song,Parokya Ni Edgar,Filipino,
2841,Your Song,Elton John,English,
3729,Your Time Is Gonna Come,Led Zeppelin,English,
7041,Your Unfailing Love,Gospel,English,
9471,Your Universe,Rico Blanco,Filipino,
3732,Your Wildest Dreams,Moody Blues,English,
5581,Your's Until Tomorow,Engelbert Humperdinck,English,
17507,Yourself,Jess Glyne,English,
17679,Youth,Troye Sivan,English,
3731,You’ve Lost That,The Righteous Brothers,English,
9263,Yue Liang Dai Biao Wo De Xin,Kim Chiu,English,
9450,Yugto,Rico Blanco,Filipino,
8782,Yugyugan Na,P.O.T,English,
15681,Yun Ka,Willie Revillame,Filipino,
11087,Yun Lang,True Faith,Filipino,
11621,Yuoy,Q-York,English,
8906,Zaido,Sandwich,English,
17744,Zero,Chris Brown New MTV Song Title Code,English,
7979,Zero,Smashing Pumpkins,English,
0079,Zombie,Cranberries,English,
8312,Zoom,Regne Velasquez,English,
13780,Zoom Zoom Zoom,Nursery Rhymes,English,
8296,Zutto Futaride,Glay,English,
